Booking ID,Booking Date,Booking Channel,Loyalty Level,Status,Stay Date,Number of nights,Room Rate,Revenue,How far away?,How far away bucket,Day Name,Day of Week
RES009725,26-Sep-24,At the hotel,0.Non-member,Modified,27-Sep-24,1,122.13,122.13,1,1. Before a week,Friday,5
RES009740,3-Oct-24,At the hotel,0.Non-member,Modified,4-Oct-24,1,179.39,179.39,1,1. Before a week,Friday,5
RES009751,5-Sep-24,At the hotel,0.Non-member,Modified,6-Sep-24,1,175.87,175.87,1,1. Before a week,Friday,5
RES009781,1-Oct-24,At the hotel,0.Non-member,Modified,2-Oct-24,1,163.51,163.51,1,1. Before a week,Wednesday,3
RES009812,11-Oct-24,At the hotel,0.Non-member,Modified,12-Oct-24,1,173.26,173.26,1,1. Before a week,Saturday,6
RES009910,26-Sep-24,At the hotel,0.Non-member,Modified,27-Sep-24,1,174.68,174.68,1,1. Before a week,Friday,5
RES010032,2-Oct-24,At the hotel,0.Non-member,Modified,3-Oct-24,1,204.82,204.82,1,1. Before a week,Thursday,4
RES010071,25-Oct-24,At the hotel,0.Non-member,Modified,26-Oct-24,1,129.02,129.02,1,1. Before a week,Saturday,6
RES010258,18-Sep-24,At the hotel,0.Non-member,Modified,19-Sep-24,1,180.35,180.35,1,1. Before a week,Thursday,4
RES010281,3-Oct-24,At the hotel,0.Non-member,Modified,4-Oct-24,1,186.73,186.73,1,1. Before a week,Friday,5
RES010357,29-Oct-24,At the hotel,0.Non-member,Modified,30-Oct-24,1,120.48,120.48,1,1. Before a week,Wednesday,3
RES010384,10-Oct-24,At the hotel,0.Non-member,Modified,11-Oct-24,1,180.71,180.71,1,1. Before a week,Friday,5
RES010474,11-Oct-24,At the hotel,0.Non-member,Modified,12-Oct-24,1,210.84,210.84,1,1. Before a week,Saturday,6
RES010524,9-Sep-24,At the hotel,0.Non-member,Modified,10-Sep-24,1,174.7,174.7,1,1. Before a week,Tuesday,2
RES010526,17-Oct-24,At the hotel,0.Non-member,Modified,18-Oct-24,1,0,0,1,1. Before a week,Friday,5
RES010566,13-Sep-24,At the hotel,0.Non-member,Modified,14-Sep-24,1,210.84,210.84,1,1. Before a week,Saturday,6
RES010640,2-Oct-24,At the hotel,0.Non-member,Modified,3-Oct-24,1,62.65,62.65,1,1. Before a week,Thursday,4
RES010660,25-Oct-24,At the hotel,0.Non-member,Modified,26-Oct-24,1,170.98,170.98,1,1. Before a week,Saturday,6
RES010732,29-Sep-24,At the hotel,0.Non-member,Modified,30-Sep-24,1,126.61,126.61,1,1. Before a week,Monday,1
RES010749,31-Oct-24,At the hotel,0.Non-member,Modified,1-Nov-24,1,193.94,193.94,1,1. Before a week,Friday,5
RES010759,12-Sep-24,At the hotel,0.Non-member,Modified,13-Sep-24,1,180.71,180.71,1,1. Before a week,Friday,5
RES010826,25-Oct-24,At the hotel,0.Non-member,Modified,26-Oct-24,1,151.51,151.51,1,1. Before a week,Saturday,6
RES011120,4-Oct-24,At the hotel,0.Non-member,Modified,5-Oct-24,1,175.87,175.87,1,1. Before a week,Saturday,6
RES011144,18-Oct-24,At the hotel,0.Non-member,Modified,19-Oct-24,1,54.22,54.22,1,1. Before a week,Saturday,6
RES011173,23-Sep-24,At the hotel,0.Non-member,Modified,24-Sep-24,1,166.26,166.26,1,1. Before a week,Tuesday,2
RES011181,25-Sep-24,At the hotel,0.Non-member,Modified,26-Sep-24,1,145.78,145.78,1,1. Before a week,Thursday,4
RES011184,20-Sep-24,At the hotel,0.Non-member,Modified,21-Sep-24,1,213.73,213.73,1,1. Before a week,Saturday,6
RES011316,16-Sep-24,At the hotel,0.Non-member,Modified,17-Sep-24,1,63.03,63.03,1,1. Before a week,Tuesday,2
RES011325,30-Sep-24,At the hotel,0.Non-member,Modified,1-Oct-24,1,168.32,168.32,1,1. Before a week,Tuesday,2
RES011344,18-Oct-24,At the hotel,0.Non-member,Modified,19-Oct-24,1,33.94,33.94,1,1. Before a week,Saturday,6
RES011395,2-Sep-24,At the hotel,0.Non-member,Modified,3-Sep-24,1,168.32,168.32,1,1. Before a week,Tuesday,2
RES011646,24-Oct-24,At the hotel,0.Non-member,Modified,25-Oct-24,1,151.51,151.51,1,1. Before a week,Friday,5
RES011669,8-Oct-24,At the hotel,0.Non-member,Modified,9-Oct-24,1,77.43,77.43,1,1. Before a week,Wednesday,3
RES011807,22-Sep-24,At the hotel,0.Non-member,Modified,23-Sep-24,1,141.56,141.56,1,1. Before a week,Monday,1
RES011908,13-Sep-24,At the hotel,0.Non-member,Modified,14-Sep-24,1,210.84,210.84,1,1. Before a week,Saturday,6
RES012009,24-Sep-24,At the hotel,0.Non-member,Modified,25-Sep-24,1,125.3,125.3,1,1. Before a week,Wednesday,3
RES012027,18-Oct-24,At the hotel,0.Non-member,Modified,19-Oct-24,1,120.58,120.58,1,1. Before a week,Saturday,6
RES012029,26-Sep-24,At the hotel,0.Non-member,Modified,27-Sep-24,1,33.76,33.76,1,1. Before a week,Friday,5
RES012040,31-Oct-24,At the hotel,0.Non-member,Modified,1-Nov-24,1,144.58,144.58,1,1. Before a week,Friday,5
RES012083,5-Oct-24,At the hotel,0.Non-member,Modified,6-Oct-24,1,90.36,90.36,1,1. Before a week,Sunday,0
RES012159,27-Sep-24,At the hotel,0.Non-member,Modified,28-Sep-24,1,170.98,170.98,1,1. Before a week,Saturday,6
RES012231,17-Sep-24,At the hotel,0.Non-member,Modified,18-Sep-24,1,189.36,189.36,1,1. Before a week,Wednesday,3
RES012312,2-Oct-24,At the hotel,0.Non-member,Modified,3-Oct-24,1,144.38,144.38,1,1. Before a week,Thursday,4
RES012378,3-Oct-24,At the hotel,0.Non-member,Modified,4-Oct-24,1,77.43,77.43,1,1. Before a week,Friday,5
RES012403,10-Oct-24,At the hotel,0.Non-member,Modified,11-Oct-24,1,210.84,210.84,1,1. Before a week,Friday,5
RES012473,21-Sep-24,At the hotel,0.Non-member,Modified,22-Sep-24,1,152.66,152.66,1,1. Before a week,Sunday,0
RES012494,14-Oct-24,At the hotel,0.Non-member,Modified,15-Oct-24,1,162.65,162.65,1,1. Before a week,Tuesday,2
RES012516,5-Sep-24,At the hotel,0.Non-member,Modified,6-Sep-24,1,175.87,175.87,1,1. Before a week,Friday,5
RES012557,9-Oct-24,At the hotel,0.Non-member,Modified,10-Oct-24,1,155.44,155.44,1,1. Before a week,Thursday,4
RES012594,12-Sep-24,At the hotel,0.Non-member,Modified,13-Sep-24,1,173.26,173.26,1,1. Before a week,Friday,5
RES012613,27-Sep-24,At the hotel,0.Non-member,Modified,28-Sep-24,1,0,0,1,1. Before a week,Saturday,6
RES012629,16-Oct-24,At the hotel,0.Non-member,Modified,17-Oct-24,1,120.23,120.23,1,1. Before a week,Thursday,4
RES012633,3-Oct-24,At the hotel,0.Non-member,Modified,4-Oct-24,1,132.53,132.53,1,1. Before a week,Friday,5
RES012700,13-Oct-24,At the hotel,0.Non-member,Modified,14-Oct-24,1,174.68,174.68,1,1. Before a week,Monday,1
RES012760,13-Sep-24,At the hotel,0.Non-member,Modified,14-Sep-24,1,0,0,1,1. Before a week,Saturday,6
RES012898,3-Oct-24,At the hotel,0.Non-member,Modified,4-Oct-24,1,122.13,122.13,1,1. Before a week,Friday,5
RES012943,6-Sep-24,At the hotel,0.Non-member,Modified,7-Sep-24,1,179.39,179.39,1,1. Before a week,Saturday,6
RES012944,19-Oct-24,At the hotel,0.Non-member,Modified,20-Oct-24,1,70.54,70.54,1,1. Before a week,Sunday,0
RES013007,4-Oct-24,At the hotel,0.Non-member,Modified,5-Oct-24,1,193.94,193.94,1,1. Before a week,Saturday,6
RES013019,21-Sep-24,At the hotel,0.Non-member,Modified,22-Sep-24,1,57.57,57.57,1,1. Before a week,Sunday,0
RES013030,4-Sep-24,At the hotel,0.Non-member,Modified,5-Sep-24,1,222.59,222.59,1,1. Before a week,Thursday,4
RES013087,13-Sep-24,At the hotel,0.Non-member,Modified,14-Sep-24,1,0,0,1,1. Before a week,Saturday,6
RES013126,28-Sep-24,At the hotel,0.Non-member,Modified,29-Sep-24,1,177.09,177.09,1,1. Before a week,Sunday,0
RES013139,30-Oct-24,At the hotel,0.Non-member,Modified,31-Oct-24,1,179.39,179.39,1,1. Before a week,Thursday,4
RES013286,13-Sep-24,At the hotel,0.Non-member,Modified,14-Sep-24,1,180.71,180.71,1,1. Before a week,Saturday,6
RES013351,4-Oct-24,At the hotel,0.Non-member,Modified,5-Oct-24,1,204.82,204.82,1,1. Before a week,Saturday,6
RES013555,10-Oct-24,At the hotel,0.Non-member,Modified,11-Oct-24,1,181.82,181.82,1,1. Before a week,Friday,5
RES013582,5-Sep-24,At the hotel,0.Non-member,Modified,6-Sep-24,1,204.82,204.82,1,1. Before a week,Friday,5
RES013627,3-Sep-24,At the hotel,0.Non-member,Modified,4-Sep-24,1,142.5,142.5,1,1. Before a week,Wednesday,3
RES013760,17-Oct-24,At the hotel,0.Non-member,Modified,18-Oct-24,1,33.73,33.73,1,1. Before a week,Friday,5
RES013788,16-Sep-24,At the hotel,0.Non-member,Modified,17-Sep-24,1,168.66,168.66,1,1. Before a week,Tuesday,2
RES013914,2-Oct-24,At the hotel,0.Non-member,Modified,3-Oct-24,1,175.87,175.87,1,1. Before a week,Thursday,4
RES013936,27-Sep-24,At the hotel,0.Non-member,Modified,28-Sep-24,1,228.91,228.91,1,1. Before a week,Saturday,6
RES014025,8-Sep-24,At the hotel,0.Non-member,Modified,9-Sep-24,1,162.65,162.65,1,1. Before a week,Monday,1
RES014321,16-Oct-24,At the hotel,0.Non-member,Modified,17-Oct-24,1,132.53,132.53,1,1. Before a week,Thursday,4
RES014390,20-Sep-24,At the hotel,0.Non-member,Modified,21-Sep-24,1,162.78,162.78,1,1. Before a week,Saturday,6
RES009732,10-Sep-24,At the hotel,0.Non-member,Modified,13-Sep-24,1,130.48,130.48,3,1. Before a week,Friday,5
RES009752,10-Sep-24,At the hotel,0.Non-member,Modified,23-Sep-24,1,113.94,113.94,13,2. Before 2 weeks,Monday,1
RES009756,4-Sep-24,At the hotel,0.Non-member,Modified,6-Sep-24,1,175.87,175.87,2,1. Before a week,Friday,5
RES009791,8-Sep-24,At the hotel,0.Non-member,Modified,10-Sep-24,1,157.57,157.57,2,1. Before a week,Tuesday,2
RES009817,9-Oct-24,At the hotel,0.Non-member,Modified,19-Oct-24,1,0,0,10,2. Before 2 weeks,Saturday,6
RES009823,23-Sep-24,At the hotel,0.Non-member,Modified,29-Sep-24,1,0,0,6,1. Before a week,Sunday,0
RES009840,1-Sep-24,At the hotel,0.Non-member,Modified,7-Sep-24,1,70.54,70.54,6,1. Before a week,Saturday,6
RES009842,23-Sep-24,At the hotel,0.Non-member,Modified,1-Oct-24,1,33.73,33.73,8,2. Before 2 weeks,Tuesday,2
RES009852,7-Sep-24,At the hotel,0.Non-member,Modified,7-Sep-24,1,193.6,193.6,0,1. Before a week,Saturday,6
RES009860,9-Sep-24,At the hotel,0.Non-member,Modified,12-Sep-24,1,33.76,33.76,3,1. Before a week,Thursday,4
RES009867,6-Oct-24,At the hotel,0.Non-member,Modified,13-Oct-24,1,72.28,72.28,7,1. Before a week,Sunday,0
RES009888,7-Sep-24,At the hotel,0.Non-member,Modified,9-Sep-24,1,228.61,228.61,2,1. Before a week,Monday,1
RES009919,9-Sep-24,At the hotel,0.Non-member,Modified,13-Sep-24,1,33.76,33.76,4,1. Before a week,Friday,5
RES009934,20-Sep-24,At the hotel,0.Non-member,Modified,22-Sep-24,1,0,0,2,1. Before a week,Sunday,0
RES009956,3-Oct-24,At the hotel,0.Non-member,Modified,3-Oct-24,1,90.43,90.43,0,1. Before a week,Thursday,4
RES009982,1-Nov-24,At the hotel,0.Non-member,Modified,1-Nov-24,1,115.15,115.15,0,1. Before a week,Friday,5
RES009995,7-Sep-24,At the hotel,0.Non-member,Modified,7-Sep-24,1,66.26,66.26,0,1. Before a week,Saturday,6
RES010028,16-Oct-24,At the hotel,0.Non-member,Modified,20-Oct-24,1,186.74,186.74,4,1. Before a week,Sunday,0
RES010035,12-Sep-24,At the hotel,0.Non-member,Modified,12-Sep-24,1,150.6,150.6,0,1. Before a week,Thursday,4
RES010040,4-Sep-24,At the hotel,0.Non-member,Modified,6-Sep-24,1,70.91,70.91,2,1. Before a week,Friday,5
RES010100,20-Sep-24,At the hotel,0.Non-member,Modified,20-Sep-24,1,159.17,159.17,0,1. Before a week,Friday,5
RES010128,21-Oct-24,At the hotel,0.Non-member,Modified,29-Oct-24,1,33.73,33.73,8,2. Before 2 weeks,Tuesday,2
RES010137,21-Sep-24,At the hotel,0.Non-member,Modified,21-Sep-24,1,132.53,132.53,0,1. Before a week,Saturday,6
RES010161,2-Sep-24,At the hotel,0.Non-member,Modified,7-Sep-24,1,144.28,144.28,5,1. Before a week,Saturday,6
RES010173,14-Oct-24,At the hotel,0.Non-member,Modified,16-Oct-24,1,132.64,132.64,2,1. Before a week,Wednesday,3
RES010182,20-Oct-24,At the hotel,0.Non-member,Modified,20-Oct-24,1,122.89,122.89,0,1. Before a week,Sunday,0
RES010187,1-Sep-24,At the hotel,0.Non-member,Modified,6-Sep-24,1,33.76,33.76,5,1. Before a week,Friday,5
RES010188,4-Sep-24,At the hotel,0.Non-member,Modified,6-Sep-24,1,33.73,33.73,2,1. Before a week,Friday,5
RES010190,26-Sep-24,At the hotel,0.Non-member,Modified,1-Oct-24,1,33.76,33.76,5,1. Before a week,Tuesday,2
RES010220,27-Sep-24,At the hotel,0.Non-member,Modified,2-Oct-24,1,33.73,33.73,5,1. Before a week,Wednesday,3
RES010236,25-Sep-24,At the hotel,0.Non-member,Modified,11-Oct-24,1,198.53,198.53,16,3. Before 4 weeks,Friday,5
RES010246,24-Oct-24,At the hotel,0.Non-member,Modified,27-Oct-24,1,163.63,163.63,3,1. Before a week,Sunday,0
RES010280,5-Aug-24,At the hotel,0.Non-member,Modified,19-Oct-24,1,188.61,188.61,75,4. More than 4 weeks,Saturday,6
RES010298,4-Oct-24,At the hotel,0.Non-member,Modified,4-Oct-24,1,70.91,70.91,0,1. Before a week,Friday,5
RES010360,29-Oct-24,At the hotel,0.Non-member,Modified,2-Nov-24,1,192.75,192.75,4,1. Before a week,Saturday,6
RES010464,3-Sep-24,At the hotel,0.Non-member,Modified,6-Sep-24,1,170.98,170.98,3,1. Before a week,Friday,5
RES010475,11-Oct-24,At the hotel,0.Non-member,Modified,17-Oct-24,1,122.13,122.13,6,1. Before a week,Thursday,4
RES010479,9-Sep-24,At the hotel,0.Non-member,Modified,15-Sep-24,1,33.76,33.76,6,1. Before a week,Sunday,0
RES010533,15-Oct-24,At the hotel,0.Non-member,Modified,19-Oct-24,1,138.55,138.55,4,1. Before a week,Saturday,6
RES010549,19-Oct-24,At the hotel,0.Non-member,Modified,21-Oct-24,1,70.54,70.54,2,1. Before a week,Monday,1
RES010558,14-Oct-24,At the hotel,0.Non-member,Modified,14-Oct-24,1,180.71,180.71,0,1. Before a week,Monday,1
RES010580,2-Oct-24,At the hotel,0.Non-member,Modified,4-Oct-24,1,126.61,126.61,2,1. Before a week,Friday,5
RES010582,28-Aug-24,At the hotel,0.Non-member,Modified,22-Sep-24,1,72.29,72.29,25,3. Before 4 weeks,Sunday,0
RES010612,25-Oct-24,At the hotel,0.Non-member,Modified,1-Nov-24,1,0,0,7,1. Before a week,Friday,5
RES010620,27-Aug-24,At the hotel,0.Non-member,Modified,3-Sep-24,1,181.82,181.82,7,1. Before a week,Tuesday,2
RES010624,3-Sep-24,At the hotel,0.Non-member,Modified,3-Sep-24,1,78,78,0,1. Before a week,Tuesday,2
RES010625,3-Oct-24,At the hotel,0.Non-member,Modified,5-Oct-24,1,149.4,149.4,2,1. Before a week,Saturday,6
RES010628,14-Oct-24,At the hotel,0.Non-member,Modified,16-Oct-24,1,207.62,207.62,2,1. Before a week,Wednesday,3
RES010631,23-Oct-24,At the hotel,0.Non-member,Modified,25-Oct-24,1,176.05,176.05,2,1. Before a week,Friday,5
RES010632,22-Sep-24,At the hotel,0.Non-member,Modified,24-Sep-24,1,186.36,186.36,2,1. Before a week,Tuesday,2
RES010645,11-Apr-24,At the hotel,0.Non-member,Modified,8-Sep-24,1,240.96,240.96,150,4. More than 4 weeks,Sunday,0
RES010653,11-Oct-24,At the hotel,0.Non-member,Modified,13-Oct-24,1,0,0,2,1. Before a week,Sunday,0
RES010685,22-Sep-24,At the hotel,0.Non-member,Modified,23-Oct-24,1,182.56,182.56,31,4. More than 4 weeks,Wednesday,3
RES010768,17-Oct-24,At the hotel,0.Non-member,Modified,28-Oct-24,1,95.45,95.45,11,2. Before 2 weeks,Monday,1
RES010773,30-Aug-24,At the hotel,0.Non-member,Modified,9-Sep-24,1,200,200,10,2. Before 2 weeks,Monday,1
RES010790,19-Oct-24,At the hotel,0.Non-member,Modified,27-Oct-24,1,33.94,33.94,8,2. Before 2 weeks,Sunday,0
RES010813,19-Sep-24,At the hotel,0.Non-member,Modified,19-Sep-24,1,62.65,62.65,0,1. Before a week,Thursday,4
RES010882,25-Sep-24,At the hotel,0.Non-member,Modified,9-Oct-24,1,72.29,72.29,14,2. Before 2 weeks,Wednesday,3
RES010900,25-Sep-24,At the hotel,0.Non-member,Modified,21-Oct-24,1,72.29,72.29,26,3. Before 4 weeks,Monday,1
RES010904,19-Oct-24,At the hotel,0.Non-member,Modified,22-Oct-24,1,78,78,3,1. Before a week,Tuesday,2
RES010922,8-Sep-24,At the hotel,0.Non-member,Modified,8-Sep-24,1,131.31,131.31,0,1. Before a week,Sunday,0
RES010936,7-Sep-24,At the hotel,0.Non-member,Modified,22-Sep-24,1,57.23,57.23,15,3. Before 4 weeks,Sunday,0
RES010942,18-Oct-24,At the hotel,0.Non-member,Modified,31-Oct-24,1,0,0,13,2. Before 2 weeks,Thursday,4
RES010945,28-Oct-24,At the hotel,0.Non-member,Modified,31-Oct-24,1,156.61,156.61,3,1. Before a week,Thursday,4
RES010960,7-Sep-24,At the hotel,0.Non-member,Modified,11-Sep-24,1,244.26,244.26,4,1. Before a week,Wednesday,3
RES011065,22-Oct-24,At the hotel,0.Non-member,Modified,22-Oct-24,1,84.85,84.85,0,1. Before a week,Tuesday,2
RES011077,30-Sep-24,At the hotel,0.Non-member,Modified,2-Oct-24,1,33.94,33.94,2,1. Before a week,Wednesday,3
RES011087,26-Oct-24,At the hotel,0.Non-member,Modified,26-Oct-24,1,149.4,149.4,0,1. Before a week,Saturday,6
RES011100,18-Oct-24,At the hotel,0.Non-member,Modified,21-Oct-24,1,132.79,132.79,3,1. Before a week,Monday,1
RES011111,19-Sep-24,At the hotel,0.Non-member,Modified,29-Oct-24,1,0,0,40,4. More than 4 weeks,Tuesday,2
RES011183,3-Oct-24,At the hotel,0.Non-member,Modified,5-Oct-24,1,0,0,2,1. Before a week,Saturday,6
RES011206,16-Oct-24,At the hotel,0.Non-member,Modified,18-Oct-24,1,192.37,192.37,2,1. Before a week,Friday,5
RES011229,14-Sep-24,At the hotel,0.Non-member,Modified,20-Sep-24,1,121.21,121.21,6,1. Before a week,Friday,5
RES011232,27-Oct-24,At the hotel,0.Non-member,Modified,29-Oct-24,1,114.21,114.21,2,1. Before a week,Tuesday,2
RES011256,29-Sep-24,At the hotel,0.Non-member,Modified,29-Sep-24,1,126.61,126.61,0,1. Before a week,Sunday,0
RES011276,26-Sep-24,At the hotel,0.Non-member,Modified,3-Oct-24,1,160.53,160.53,7,1. Before a week,Thursday,4
RES011287,13-Sep-24,At the hotel,0.Non-member,Modified,13-Sep-24,1,120.48,120.48,0,1. Before a week,Friday,5
RES011300,28-Aug-24,At the hotel,0.Non-member,Modified,8-Sep-24,1,72.29,72.29,11,2. Before 2 weeks,Sunday,0
RES011366,13-Sep-24,At the hotel,0.Non-member,Modified,20-Oct-24,1,216.86,216.86,37,4. More than 4 weeks,Sunday,0
RES011392,23-Sep-24,At the hotel,0.Non-member,Modified,6-Oct-24,1,113.94,113.94,13,2. Before 2 weeks,Sunday,0
RES011407,2-Sep-24,At the hotel,0.Non-member,Modified,8-Sep-24,1,70.54,70.54,6,1. Before a week,Sunday,0
RES011410,6-Sep-24,At the hotel,0.Non-member,Modified,8-Sep-24,1,0,0,2,1. Before a week,Sunday,0
RES011429,15-Oct-24,At the hotel,0.Non-member,Modified,17-Oct-24,1,70.48,70.48,2,1. Before a week,Thursday,4
RES011436,4-Oct-24,At the hotel,0.Non-member,Modified,10-Oct-24,1,168.67,168.67,6,1. Before a week,Thursday,4
RES011446,27-Sep-24,At the hotel,0.Non-member,Modified,11-Oct-24,1,81.92,81.92,14,2. Before 2 weeks,Friday,5
RES011452,23-Sep-24,At the hotel,0.Non-member,Modified,25-Sep-24,1,190.36,190.36,2,1. Before a week,Wednesday,3
RES011470,9-Oct-24,At the hotel,0.Non-member,Modified,9-Oct-24,1,0,0,0,1. Before a week,Wednesday,3
RES011489,14-Oct-24,At the hotel,0.Non-member,Modified,18-Oct-24,1,132.53,132.53,4,1. Before a week,Friday,5
RES011517,6-Oct-24,At the hotel,0.Non-member,Modified,25-Oct-24,1,72.28,72.28,19,3. Before 4 weeks,Friday,5
RES011532,6-Oct-24,At the hotel,0.Non-member,Modified,31-Oct-24,1,141.55,141.55,25,3. Before 4 weeks,Thursday,4
RES011573,24-Aug-24,At the hotel,0.Non-member,Modified,7-Sep-24,1,69.28,69.28,14,2. Before 2 weeks,Saturday,6
RES011598,8-Sep-24,At the hotel,0.Non-member,Modified,14-Sep-24,1,72.28,72.28,6,1. Before a week,Saturday,6
RES011616,15-Sep-24,At the hotel,0.Non-member,Modified,18-Sep-24,1,77.43,77.43,3,1. Before a week,Wednesday,3
RES011623,3-Sep-24,At the hotel,0.Non-member,Modified,3-Sep-24,1,168.32,168.32,0,1. Before a week,Tuesday,2
RES011677,4-Aug-24,At the hotel,0.Non-member,Modified,4-Sep-24,1,72.29,72.29,31,4. More than 4 weeks,Wednesday,3
RES011680,14-Sep-24,At the hotel,0.Non-member,Modified,17-Sep-24,1,207.62,207.62,3,1. Before a week,Tuesday,2
RES011692,5-Oct-24,At the hotel,0.Non-member,Modified,10-Oct-24,1,78.59,78.59,5,1. Before a week,Thursday,4
RES011701,7-Sep-24,At the hotel,0.Non-member,Modified,14-Sep-24,1,168.67,168.67,7,1. Before a week,Saturday,6
RES011737,4-Oct-24,At the hotel,0.Non-member,Modified,4-Oct-24,1,137.34,137.34,0,1. Before a week,Friday,5
RES011740,17-Sep-24,At the hotel,0.Non-member,Modified,19-Sep-24,1,0,0,2,1. Before a week,Thursday,4
RES011761,26-Sep-24,At the hotel,0.Non-member,Modified,31-Oct-24,1,72.29,72.29,35,4. More than 4 weeks,Thursday,4
RES011790,25-Sep-24,At the hotel,0.Non-member,Modified,6-Oct-24,1,72.29,72.29,11,2. Before 2 weeks,Sunday,0
RES011795,16-Oct-24,At the hotel,0.Non-member,Modified,18-Oct-24,1,168.32,168.32,2,1. Before a week,Friday,5
RES011841,26-Sep-24,At the hotel,0.Non-member,Modified,1-Oct-24,1,204.54,204.54,5,1. Before a week,Tuesday,2
RES011842,19-Oct-24,At the hotel,0.Non-member,Modified,22-Oct-24,1,33.76,33.76,3,1. Before a week,Tuesday,2
RES011862,9-Sep-24,At the hotel,0.Non-member,Modified,11-Sep-24,1,70.54,70.54,2,1. Before a week,Wednesday,3
RES011866,30-Oct-24,At the hotel,0.Non-member,Modified,30-Oct-24,1,174.54,174.54,0,1. Before a week,Wednesday,3
RES011871,21-Sep-24,At the hotel,0.Non-member,Modified,2-Oct-24,1,33.73,33.73,11,2. Before 2 weeks,Wednesday,3
RES011897,24-Oct-24,At the hotel,0.Non-member,Modified,31-Oct-24,1,33.76,33.76,7,1. Before a week,Thursday,4
RES011973,5-Sep-24,At the hotel,0.Non-member,Modified,7-Sep-24,1,188.54,188.54,2,1. Before a week,Saturday,6
RES011974,18-Oct-24,At the hotel,0.Non-member,Modified,18-Oct-24,1,132.53,132.53,0,1. Before a week,Friday,5
RES011991,13-Oct-24,At the hotel,0.Non-member,Modified,17-Oct-24,1,132.53,132.53,4,1. Before a week,Thursday,4
RES011996,15-Sep-24,At the hotel,0.Non-member,Modified,19-Sep-24,1,132.53,132.53,4,1. Before a week,Thursday,4
RES012002,2-Oct-24,At the hotel,0.Non-member,Modified,6-Oct-24,1,213.73,213.73,4,1. Before a week,Sunday,0
RES012022,28-Sep-24,At the hotel,0.Non-member,Modified,30-Sep-24,1,177.09,177.09,2,1. Before a week,Monday,1
RES012032,13-Sep-24,At the hotel,0.Non-member,Modified,22-Sep-24,1,222.59,222.59,9,2. Before 2 weeks,Sunday,0
RES012065,19-Oct-24,At the hotel,0.Non-member,Modified,19-Oct-24,1,144.28,144.28,0,1. Before a week,Saturday,6
RES012078,28-Sep-24,At the hotel,0.Non-member,Modified,4-Oct-24,1,33.94,33.94,6,1. Before a week,Friday,5
RES012097,23-Oct-24,At the hotel,0.Non-member,Modified,26-Oct-24,1,149.4,149.4,3,1. Before a week,Saturday,6
RES012099,23-Sep-24,At the hotel,0.Non-member,Modified,25-Sep-24,1,190.36,190.36,2,1. Before a week,Wednesday,3
RES012170,3-Oct-24,At the hotel,0.Non-member,Modified,5-Oct-24,1,149.4,149.4,2,1. Before a week,Saturday,6
RES012213,18-Sep-24,At the hotel,0.Non-member,Modified,20-Sep-24,1,201.51,201.51,2,1. Before a week,Friday,5
RES012255,6-Sep-24,At the hotel,0.Non-member,Modified,6-Sep-24,1,152.66,152.66,0,1. Before a week,Friday,5
RES012291,3-Oct-24,At the hotel,0.Non-member,Modified,5-Oct-24,1,149.4,149.4,2,1. Before a week,Saturday,6
RES012295,11-Oct-24,At the hotel,0.Non-member,Modified,14-Oct-24,1,70.48,70.48,3,1. Before a week,Monday,1
RES012301,24-Sep-24,At the hotel,0.Non-member,Modified,12-Oct-24,1,57.57,57.57,18,3. Before 4 weeks,Saturday,6
RES012302,18-Sep-24,At the hotel,0.Non-member,Modified,18-Sep-24,1,189.36,189.36,0,1. Before a week,Wednesday,3
RES012315,23-Sep-24,At the hotel,0.Non-member,Modified,25-Sep-24,1,33.73,33.73,2,1. Before a week,Wednesday,3
RES012351,7-Sep-24,At the hotel,0.Non-member,Modified,9-Sep-24,1,228.61,228.61,2,1. Before a week,Monday,1
RES012376,14-Oct-24,At the hotel,0.Non-member,Modified,18-Oct-24,1,132.53,132.53,4,1. Before a week,Friday,5
RES012400,1-Oct-24,At the hotel,0.Non-member,Modified,1-Oct-24,1,77.52,77.52,0,1. Before a week,Tuesday,2
RES012418,11-Sep-24,At the hotel,0.Non-member,Modified,14-Sep-24,1,163.63,163.63,3,1. Before a week,Saturday,6
RES012426,21-Sep-24,At the hotel,0.Non-member,Modified,25-Sep-24,1,33.76,33.76,4,1. Before a week,Wednesday,3
RES012438,2-Oct-24,At the hotel,0.Non-member,Modified,28-Oct-24,1,144.28,144.28,26,3. Before 4 weeks,Monday,1
RES012449,6-Oct-24,At the hotel,0.Non-member,Modified,9-Oct-24,1,72.28,72.28,3,1. Before a week,Wednesday,3
RES012490,2-Oct-24,At the hotel,0.Non-member,Modified,5-Oct-24,1,149.4,149.4,3,1. Before a week,Saturday,6
RES012505,15-Sep-24,At the hotel,0.Non-member,Modified,17-Sep-24,1,204.82,204.82,2,1. Before a week,Tuesday,2
RES012522,1-Oct-24,At the hotel,0.Non-member,Modified,4-Oct-24,1,156.61,156.61,3,1. Before a week,Friday,5
RES012567,15-Sep-24,At the hotel,0.Non-member,Modified,19-Sep-24,1,132.53,132.53,4,1. Before a week,Thursday,4
RES012587,5-Sep-24,At the hotel,0.Non-member,Modified,7-Sep-24,1,154.21,154.21,2,1. Before a week,Saturday,6
RES012591,11-Oct-24,At the hotel,0.Non-member,Modified,11-Oct-24,1,163.63,163.63,0,1. Before a week,Friday,5
RES012597,28-Oct-24,At the hotel,0.Non-member,Modified,28-Oct-24,1,126.61,126.61,0,1. Before a week,Monday,1
RES012616,21-Aug-24,At the hotel,0.Non-member,Modified,29-Sep-24,1,0,0,39,4. More than 4 weeks,Sunday,0
RES012632,4-Oct-24,At the hotel,0.Non-member,Modified,12-Oct-24,1,33.66,33.66,8,2. Before 2 weeks,Saturday,6
RES012655,26-Sep-24,At the hotel,0.Non-member,Modified,2-Oct-24,1,118.49,118.49,6,1. Before a week,Wednesday,3
RES012686,27-Sep-24,At the hotel,0.Non-member,Modified,1-Oct-24,1,190.11,190.11,4,1. Before a week,Tuesday,2
RES012738,7-Oct-24,At the hotel,0.Non-member,Modified,20-Oct-24,1,33.76,33.76,13,2. Before 2 weeks,Sunday,0
RES012743,11-Oct-24,At the hotel,0.Non-member,Modified,26-Oct-24,1,0,0,15,3. Before 4 weeks,Saturday,6
RES012749,24-Sep-24,At the hotel,0.Non-member,Modified,27-Sep-24,1,282.75,282.75,3,1. Before a week,Friday,5
RES012782,8-Sep-24,At the hotel,0.Non-member,Modified,3-Oct-24,1,33.73,33.73,25,3. Before 4 weeks,Thursday,4
RES012830,2-Oct-24,At the hotel,0.Non-member,Modified,4-Oct-24,1,156.61,156.61,2,1. Before a week,Friday,5
RES012843,21-Oct-24,At the hotel,0.Non-member,Modified,27-Oct-24,1,33.73,33.73,6,1. Before a week,Sunday,0
RES012869,13-Oct-24,At the hotel,0.Non-member,Modified,17-Oct-24,1,132.53,132.53,4,1. Before a week,Thursday,4
RES012906,14-Sep-24,At the hotel,0.Non-member,Modified,19-Sep-24,1,144.58,144.58,5,1. Before a week,Thursday,4
RES012918,25-Oct-24,At the hotel,0.Non-member,Modified,27-Oct-24,1,77.43,77.43,2,1. Before a week,Sunday,0
RES012924,4-Sep-24,At the hotel,0.Non-member,Modified,7-Sep-24,1,222.59,222.59,3,1. Before a week,Saturday,6
RES012934,18-Sep-24,At the hotel,0.Non-member,Modified,5-Oct-24,1,99.62,99.62,17,3. Before 4 weeks,Saturday,6
RES012976,29-Aug-24,At the hotel,0.Non-member,Modified,8-Oct-24,1,218.07,218.07,40,4. More than 4 weeks,Tuesday,2
RES012995,4-Oct-24,At the hotel,0.Non-member,Modified,4-Oct-24,1,203.04,203.04,0,1. Before a week,Friday,5
RES013002,5-Oct-24,At the hotel,0.Non-member,Modified,8-Oct-24,1,56.67,56.67,3,1. Before a week,Tuesday,2
RES013018,6-Sep-24,At the hotel,0.Non-member,Modified,10-Sep-24,1,33.94,33.94,4,1. Before a week,Tuesday,2
RES013033,18-Oct-24,At the hotel,0.Non-member,Modified,18-Oct-24,1,159.17,159.17,0,1. Before a week,Friday,5
RES013053,31-Jul-24,At the hotel,0.Non-member,Modified,9-Sep-24,1,218.07,218.07,40,4. More than 4 weeks,Monday,1
RES013058,7-Sep-24,At the hotel,0.Non-member,Modified,14-Sep-24,1,168.67,168.67,7,1. Before a week,Saturday,6
RES013076,4-Sep-24,At the hotel,0.Non-member,Modified,6-Sep-24,1,156.61,156.61,2,1. Before a week,Friday,5
RES013080,8-Sep-24,At the hotel,0.Non-member,Modified,6-Oct-24,1,33.73,33.73,28,3. Before 4 weeks,Sunday,0
RES013094,2-Sep-24,At the hotel,0.Non-member,Modified,18-Sep-24,1,33.94,33.94,16,3. Before 4 weeks,Wednesday,3
RES013103,17-Oct-24,At the hotel,0.Non-member,Modified,17-Oct-24,1,159.71,159.71,0,1. Before a week,Thursday,4
RES013107,17-Sep-24,At the hotel,0.Non-member,Modified,17-Sep-24,1,207.62,207.62,0,1. Before a week,Tuesday,2
RES013127,30-Sep-24,At the hotel,0.Non-member,Modified,2-Oct-24,1,170.98,170.98,2,1. Before a week,Wednesday,3
RES013165,2-Oct-24,At the hotel,0.Non-member,Modified,4-Oct-24,1,149.4,149.4,2,1. Before a week,Friday,5
RES013169,11-Sep-24,At the hotel,0.Non-member,Modified,13-Sep-24,1,150.6,150.6,2,1. Before a week,Friday,5
RES013182,31-Aug-24,At the hotel,0.Non-member,Modified,5-Sep-24,1,78,78,5,1. Before a week,Thursday,4
RES013203,20-Oct-24,At the hotel,0.Non-member,Modified,20-Oct-24,1,144.75,144.75,0,1. Before a week,Sunday,0
RES013235,2-Oct-24,At the hotel,0.Non-member,Modified,29-Oct-24,1,144.28,144.28,27,3. Before 4 weeks,Tuesday,2
RES013240,5-Sep-24,At the hotel,0.Non-member,Modified,7-Sep-24,1,149.4,149.4,2,1. Before a week,Saturday,6
RES013270,23-Sep-24,At the hotel,0.Non-member,Modified,30-Sep-24,1,33.66,33.66,7,1. Before a week,Monday,1
RES013296,5-Oct-24,At the hotel,0.Non-member,Modified,8-Oct-24,1,187.88,187.88,3,1. Before a week,Tuesday,2
RES013297,14-Sep-24,At the hotel,0.Non-member,Modified,18-Sep-24,1,144.58,144.58,4,1. Before a week,Wednesday,3
RES013355,26-Oct-24,At the hotel,0.Non-member,Modified,1-Nov-24,1,146.56,146.56,6,1. Before a week,Friday,5
RES013360,26-Sep-24,At the hotel,0.Non-member,Modified,2-Oct-24,1,33.73,33.73,6,1. Before a week,Wednesday,3
RES013424,25-Sep-24,At the hotel,0.Non-member,Modified,25-Sep-24,1,72.35,72.35,0,1. Before a week,Wednesday,3
RES013425,5-Oct-24,At the hotel,0.Non-member,Modified,7-Oct-24,1,162.65,162.65,2,1. Before a week,Monday,1
RES013497,1-Oct-24,At the hotel,0.Non-member,Modified,5-Oct-24,1,222.59,222.59,4,1. Before a week,Saturday,6
RES013510,30-Sep-24,At the hotel,0.Non-member,Modified,3-Oct-24,1,126.61,126.61,3,1. Before a week,Thursday,4
RES013513,17-Oct-24,At the hotel,0.Non-member,Modified,19-Oct-24,1,33.73,33.73,2,1. Before a week,Saturday,6
RES013539,10-Oct-24,At the hotel,0.Non-member,Modified,12-Oct-24,1,163.63,163.63,2,1. Before a week,Saturday,6
RES013567,29-Sep-24,At the hotel,0.Non-member,Modified,3-Oct-24,1,70.54,70.54,4,1. Before a week,Thursday,4
RES013606,23-Sep-24,At the hotel,0.Non-member,Modified,23-Sep-24,1,0,0,0,1. Before a week,Monday,1
RES013609,25-Sep-24,At the hotel,0.Non-member,Modified,23-Oct-24,1,72.29,72.29,28,3. Before 4 weeks,Wednesday,3
RES013631,17-Aug-24,At the hotel,0.Non-member,Modified,25-Sep-24,1,156.62,156.62,39,4. More than 4 weeks,Wednesday,3
RES013650,7-Sep-24,At the hotel,0.Non-member,Modified,9-Sep-24,1,162.65,162.65,2,1. Before a week,Monday,1
RES013667,13-Oct-24,At the hotel,0.Non-member,Modified,17-Oct-24,1,138.55,138.55,4,1. Before a week,Thursday,4
RES013679,1-Oct-24,At the hotel,0.Non-member,Modified,5-Oct-24,1,33.94,33.94,4,1. Before a week,Saturday,6
RES013680,25-Oct-24,At the hotel,0.Non-member,Modified,25-Oct-24,1,70.48,70.48,0,1. Before a week,Friday,5
RES013689,1-Sep-24,At the hotel,0.Non-member,Modified,5-Sep-24,1,70.54,70.54,4,1. Before a week,Thursday,4
RES013718,30-Sep-24,At the hotel,0.Non-member,Modified,8-Oct-24,1,34.2,34.2,8,2. Before 2 weeks,Tuesday,2
RES013727,7-Oct-24,At the hotel,0.Non-member,Modified,3-Nov-24,1,70.48,70.48,27,3. Before 4 weeks,Sunday,0
RES013743,4-Sep-24,At the hotel,0.Non-member,Modified,6-Sep-24,1,175.87,175.87,2,1. Before a week,Friday,5
RES013763,23-Sep-24,At the hotel,0.Non-member,Modified,26-Sep-24,1,169.69,169.69,3,1. Before a week,Thursday,4
RES013769,13-Oct-24,At the hotel,0.Non-member,Modified,13-Oct-24,1,173.48,173.48,0,1. Before a week,Sunday,0
RES013779,28-Aug-24,At the hotel,0.Non-member,Modified,16-Sep-24,1,72.29,72.29,19,3. Before 4 weeks,Monday,1
RES013802,8-Sep-24,At the hotel,0.Non-member,Modified,8-Sep-24,1,57.23,57.23,0,1. Before a week,Sunday,0
RES013809,11-Oct-24,At the hotel,0.Non-member,Modified,15-Oct-24,1,33.73,33.73,4,1. Before a week,Tuesday,2
RES013816,30-Sep-24,At the hotel,0.Non-member,Modified,2-Oct-24,1,222.59,222.59,2,1. Before a week,Wednesday,3
RES013841,2-Oct-24,At the hotel,0.Non-member,Modified,2-Oct-24,1,132.25,132.25,0,1. Before a week,Wednesday,3
RES013871,21-Oct-24,At the hotel,0.Non-member,Modified,25-Oct-24,1,149.4,149.4,4,1. Before a week,Friday,5
RES013992,5-Aug-24,At the hotel,0.Non-member,Modified,21-Sep-24,1,158.77,158.77,47,4. More than 4 weeks,Saturday,6
RES013996,8-Sep-24,At the hotel,0.Non-member,Modified,28-Sep-24,1,62.64,62.64,20,3. Before 4 weeks,Saturday,6
RES013998,13-Sep-24,At the hotel,0.Non-member,Modified,24-Sep-24,1,222.59,222.59,11,2. Before 2 weeks,Tuesday,2
RES014031,2-Oct-24,At the hotel,0.Non-member,Modified,5-Oct-24,1,149.4,149.4,3,1. Before a week,Saturday,6
RES014037,28-Aug-24,At the hotel,0.Non-member,Modified,11-Sep-24,1,72.29,72.29,14,2. Before 2 weeks,Wednesday,3
RES014041,2-Sep-24,At the hotel,0.Non-member,Modified,12-Sep-24,1,33.73,33.73,10,2. Before 2 weeks,Thursday,4
RES014063,5-Sep-24,At the hotel,0.Non-member,Modified,7-Sep-24,1,149.52,149.52,2,1. Before a week,Saturday,6
RES014073,6-Oct-24,At the hotel,0.Non-member,Modified,11-Oct-24,1,132.64,132.64,5,1. Before a week,Friday,5
RES014074,13-Oct-24,At the hotel,0.Non-member,Modified,17-Oct-24,1,138.55,138.55,4,1. Before a week,Thursday,4
RES014080,25-Sep-24,At the hotel,0.Non-member,Modified,29-Sep-24,1,34.2,34.2,4,1. Before a week,Sunday,0
RES014082,22-Oct-24,At the hotel,0.Non-member,Modified,26-Oct-24,1,78.59,78.59,4,1. Before a week,Saturday,6
RES014109,1-Oct-24,At the hotel,0.Non-member,Modified,1-Oct-24,1,70.91,70.91,0,1. Before a week,Tuesday,2
RES014119,19-Oct-24,At the hotel,0.Non-member,Modified,21-Oct-24,1,222.59,222.59,2,1. Before a week,Monday,1
RES014159,20-Sep-24,At the hotel,0.Non-member,Modified,20-Sep-24,1,138.18,138.18,0,1. Before a week,Friday,5
RES014170,15-Oct-24,At the hotel,0.Non-member,Modified,17-Oct-24,1,132.64,132.64,2,1. Before a week,Thursday,4
RES014176,29-Sep-24,At the hotel,0.Non-member,Modified,2-Oct-24,1,126.61,126.61,3,1. Before a week,Wednesday,3
RES014178,11-Sep-24,At the hotel,0.Non-member,Modified,11-Sep-24,1,34.2,34.2,0,1. Before a week,Wednesday,3
RES014182,6-Oct-24,At the hotel,0.Non-member,Modified,12-Oct-24,1,56.67,56.67,6,1. Before a week,Saturday,6
RES014199,10-Sep-24,At the hotel,0.Non-member,Modified,12-Sep-24,1,147.58,147.58,2,1. Before a week,Thursday,4
RES014220,27-Sep-24,At the hotel,0.Non-member,Modified,6-Oct-24,1,144.58,144.58,9,2. Before 2 weeks,Sunday,0
RES014227,4-Sep-24,At the hotel,0.Non-member,Modified,4-Sep-24,1,142.5,142.5,0,1. Before a week,Wednesday,3
RES014228,16-Sep-24,At the hotel,0.Non-member,Modified,20-Sep-24,1,132.53,132.53,4,1. Before a week,Friday,5
RES014232,8-Sep-24,At the hotel,0.Non-member,Modified,12-Sep-24,1,244.26,244.26,4,1. Before a week,Thursday,4
RES014250,17-Aug-24,At the hotel,0.Non-member,Modified,11-Sep-24,1,118.07,118.07,25,3. Before 4 weeks,Wednesday,3
RES014285,22-Oct-24,At the hotel,0.Non-member,Modified,25-Oct-24,1,77.37,77.37,3,1. Before a week,Friday,5
RES014290,13-Aug-24,At the hotel,0.Non-member,Modified,2-Sep-24,1,0,0,20,3. Before 4 weeks,Monday,1
RES014301,5-Sep-24,At the hotel,0.Non-member,Modified,7-Sep-24,1,236.93,236.93,2,1. Before a week,Saturday,6
RES014314,12-Sep-24,At the hotel,0.Non-member,Modified,15-Sep-24,1,33.73,33.73,3,1. Before a week,Sunday,0
RES014395,13-Oct-24,At the hotel,0.Non-member,Modified,16-Oct-24,1,207.62,207.62,3,1. Before a week,Wednesday,3
RES014436,7-Oct-24,At the hotel,0.Non-member,Modified,10-Oct-24,1,106.66,106.66,3,1. Before a week,Thursday,4
RES014464,30-Sep-24,At the hotel,0.Non-member,Modified,4-Oct-24,1,181.82,181.82,4,1. Before a week,Friday,5
RES014475,4-Sep-24,At the hotel,0.Non-member,Modified,6-Sep-24,1,149.4,149.4,2,1. Before a week,Friday,5
RES014491,9-Sep-24,At the hotel,0.Non-member,Modified,14-Sep-24,1,132.64,132.64,5,1. Before a week,Saturday,6
RES014494,2-Oct-24,At the hotel,0.Non-member,Modified,4-Oct-24,1,188.54,188.54,2,1. Before a week,Friday,5
RES014502,6-Sep-24,At the hotel,0.Non-member,Modified,6-Sep-24,1,149.72,149.72,0,1. Before a week,Friday,5
RES014516,21-Aug-24,At the hotel,0.Non-member,Modified,21-Sep-24,1,182.56,182.56,31,4. More than 4 weeks,Saturday,6
RES014531,9-Sep-24,At the hotel,0.Non-member,Modified,14-Sep-24,1,160.37,160.37,5,1. Before a week,Saturday,6
RES014570,21-Oct-24,At the hotel,0.Non-member,Modified,25-Oct-24,1,33.66,33.66,4,1. Before a week,Friday,5
RES014629,28-Oct-24,At the hotel,0.Non-member,Modified,28-Oct-24,1,0,0,0,1. Before a week,Monday,1
RES014660,3-Sep-24,At the hotel,0.Non-member,Modified,7-Sep-24,1,33.94,33.94,4,1. Before a week,Saturday,6
RES014663,21-Sep-24,At the hotel,0.Non-member,Modified,27-Sep-24,1,180.35,180.35,6,1. Before a week,Friday,5
RES014675,2-Oct-24,At the hotel,0.Non-member,Modified,4-Oct-24,1,236.93,236.93,2,1. Before a week,Friday,5
RES014680,25-Sep-24,At the hotel,0.Non-member,Modified,27-Sep-24,1,176.05,176.05,2,1. Before a week,Friday,5
RES014683,7-Sep-24,At the hotel,0.Non-member,Modified,12-Sep-24,1,62.7,62.7,5,1. Before a week,Thursday,4
RES014695,1-Sep-24,At the hotel,0.Non-member,Modified,10-Sep-24,1,163.63,163.63,9,2. Before 2 weeks,Tuesday,2
RES014707,3-Oct-24,At the hotel,0.Non-member,Modified,10-Oct-24,1,207.83,207.83,7,1. Before a week,Thursday,4
RES014715,26-Sep-24,At the hotel,0.Non-member,Modified,1-Oct-24,1,33.73,33.73,5,1. Before a week,Tuesday,2
RES009733,28-Sep-24,Phone,0.Non-member,Modified,3-Oct-24,1,140.96,140.96,5,1. Before a week,Thursday,4
RES009745,21-May-24,App,0.Non-member,Modified,3-Nov-24,1,136.49,136.49,166,4. More than 4 weeks,Sunday,0
RES009772,21-Aug-24,App,0.Non-member,Modified,9-Sep-24,1,179.24,179.24,19,3. Before 4 weeks,Monday,1
RES009780,11-Oct-24,Connected Wholesaler,0.Non-member,Modified,17-Oct-24,1,102.22,102.22,6,1. Before a week,Thursday,4
RES009790,16-Oct-24,GDS,0.Non-member,Modified,20-Oct-24,1,156.3,156.3,4,1. Before a week,Sunday,0
RES009793,5-Jul-24,GDS,0.Non-member,Modified,10-Sep-24,1,178.92,178.92,67,4. More than 4 weeks,Tuesday,2
RES009868,24-Sep-24,GDS,0.Non-member,Modified,18-Oct-24,1,156.75,156.75,24,3. Before 4 weeks,Friday,5
RES009883,27-Sep-24,Phone,0.Non-member,Modified,2-Oct-24,1,174.18,174.18,5,1. Before a week,Wednesday,3
RES009915,7-Aug-24,Other,0.Non-member,Modified,16-Sep-24,1,173.19,173.19,40,4. More than 4 weeks,Monday,1
RES009922,1-Sep-24,App,0.Non-member,Modified,14-Oct-24,1,164.74,164.74,43,4. More than 4 weeks,Monday,1
RES009925,6-Sep-24,Velora.com,0.Non-member,Modified,9-Sep-24,1,114.46,114.46,3,1. Before a week,Monday,1
RES009959,25-Sep-24,Phone,0.Non-member,Modified,3-Oct-24,1,140.45,140.45,8,2. Before 2 weeks,Thursday,4
RES009962,14-Sep-24,Velora.com,0.Non-member,Modified,19-Sep-24,1,137.35,137.35,5,1. Before a week,Thursday,4
RES009966,12-Sep-24,Phone,0.Non-member,Modified,20-Sep-24,1,106.37,106.37,8,2. Before 2 weeks,Friday,5
RES010009,17-Sep-24,Connected Wholesaler,0.Non-member,Modified,28-Sep-24,1,100.38,100.38,11,2. Before 2 weeks,Saturday,6
RES010011,21-Sep-24,App,0.Non-member,Modified,29-Sep-24,1,121.67,121.67,8,2. Before 2 weeks,Sunday,0
RES010051,29-Sep-24,GDS,0.Non-member,Modified,24-Oct-24,1,161.74,161.74,25,3. Before 4 weeks,Thursday,4
RES010089,3-Oct-24,Phone,0.Non-member,Modified,8-Oct-24,1,4.89,4.89,5,1. Before a week,Tuesday,2
RES010099,15-Sep-24,App,0.Non-member,Modified,16-Sep-24,1,141.61,141.61,1,1. Before a week,Monday,1
RES010125,27-Sep-24,Velora.com,0.Non-member,Modified,27-Sep-24,1,150.29,150.29,0,1. Before a week,Friday,5
RES010131,29-Sep-24,App,0.Non-member,Modified,29-Sep-24,1,90.36,90.36,0,1. Before a week,Sunday,0
RES010142,19-Sep-24,App,0.Non-member,Modified,23-Oct-24,1,136.67,136.67,34,4. More than 4 weeks,Wednesday,3
RES010158,17-Jul-24,App,0.Non-member,Modified,21-Sep-24,1,154.52,154.52,66,4. More than 4 weeks,Saturday,6
RES010215,26-Sep-24,Velora.com,0.Non-member,Modified,27-Sep-24,1,114.46,114.46,1,1. Before a week,Friday,5
RES010219,2-Oct-24,Phone,0.Non-member,Modified,22-Oct-24,1,232.05,232.05,20,3. Before 4 weeks,Tuesday,2
RES010226,28-Aug-24,Phone,0.Non-member,Modified,8-Sep-24,1,126.5,126.5,11,2. Before 2 weeks,Sunday,0
RES010231,27-Sep-24,App,0.Non-member,Modified,22-Oct-24,1,157.57,157.57,25,3. Before 4 weeks,Tuesday,2
RES010259,7-Oct-24,App,0.Non-member,Modified,10-Oct-24,1,108.84,108.84,3,1. Before a week,Thursday,4
RES010271,20-Sep-24,Phone,0.Non-member,Modified,11-Oct-24,1,4.89,4.89,21,3. Before 4 weeks,Friday,5
RES010289,16-Jun-24,Phone,0.Non-member,Modified,4-Sep-24,1,181.79,181.79,80,4. More than 4 weeks,Wednesday,3
RES010292,3-Feb-24,App,0.Non-member,Modified,4-Sep-24,1,123.92,123.92,214,4. More than 4 weeks,Wednesday,3
RES010304,19-Oct-24,Velora.com,0.Non-member,Modified,30-Oct-24,1,170.57,170.57,11,2. Before 2 weeks,Wednesday,3
RES010314,2-Oct-24,App,0.Non-member,Modified,4-Oct-24,1,167.1,167.1,2,1. Before a week,Friday,5
RES010318,20-Sep-24,Phone,0.Non-member,Modified,23-Sep-24,1,229.81,229.81,3,1. Before a week,Monday,1
RES010323,21-Aug-24,GDS,0.Non-member,Modified,16-Sep-24,1,150.59,150.59,26,3. Before 4 weeks,Monday,1
RES010325,19-Apr-24,Phone,0.Non-member,Modified,12-Sep-24,1,141.61,141.61,146,4. More than 4 weeks,Thursday,4
RES010337,13-Sep-24,Connected Wholesaler,0.Non-member,Modified,14-Sep-24,1,132.94,132.94,1,1. Before a week,Saturday,6
RES010344,20-Sep-24,Connected Wholesaler,0.Non-member,Modified,23-Sep-24,1,111.59,111.59,3,1. Before a week,Monday,1
RES010364,12-Oct-24,Phone,0.Non-member,Modified,22-Oct-24,1,134.94,134.94,10,2. Before 2 weeks,Tuesday,2
RES010376,19-Sep-24,GDS,0.Non-member,Modified,26-Sep-24,1,117.02,117.02,7,1. Before a week,Thursday,4
RES010393,19-Oct-24,App,0.Non-member,Modified,1-Nov-24,1,132.53,132.53,13,2. Before 2 weeks,Friday,5
RES010413,18-Jul-24,Phone,0.Non-member,Modified,2-Oct-24,1,141.61,141.61,76,4. More than 4 weeks,Wednesday,3
RES010487,9-Oct-24,App,0.Non-member,Modified,31-Oct-24,1,113.52,113.52,22,3. Before 4 weeks,Thursday,4
RES010528,6-Jun-24,Velora.com,0.Non-member,Modified,7-Sep-24,1,232.05,232.05,93,4. More than 4 weeks,Saturday,6
RES010559,5-Oct-24,Velora.com,0.Non-member,Modified,7-Oct-24,1,170.86,170.86,2,1. Before a week,Monday,1
RES010577,15-Sep-24,GDS,0.Non-member,Modified,22-Sep-24,1,156.42,156.42,7,1. Before a week,Sunday,0
RES010589,23-Aug-24,Phone,0.Non-member,Modified,18-Oct-24,1,162.63,162.63,56,4. More than 4 weeks,Friday,5
RES010591,9-Oct-24,App,0.Non-member,Modified,25-Oct-24,1,217.66,217.66,16,3. Before 4 weeks,Friday,5
RES010602,3-Oct-24,Velora.com,0.Non-member,Modified,22-Oct-24,1,223.33,223.33,19,3. Before 4 weeks,Tuesday,2
RES010608,5-Sep-24,Phone,0.Non-member,Modified,1-Oct-24,1,306.62,306.62,26,3. Before 4 weeks,Tuesday,2
RES010664,21-Aug-24,GDS,0.Non-member,Modified,14-Sep-24,1,158.77,158.77,24,3. Before 4 weeks,Saturday,6
RES010665,14-Sep-24,Velora.com,0.Non-member,Modified,4-Oct-24,1,0,0,20,3. Before 4 weeks,Friday,5
RES010670,10-Jul-24,App,0.Non-member,Modified,12-Sep-24,1,101.21,101.21,64,4. More than 4 weeks,Thursday,4
RES010694,29-Oct-24,Connected Wholesaler,0.Non-member,Modified,1-Nov-24,1,93.65,93.65,3,1. Before a week,Friday,5
RES010695,30-Sep-24,Connected Wholesaler,0.Non-member,Modified,1-Oct-24,1,99.39,99.39,1,1. Before a week,Tuesday,2
RES010699,11-Oct-24,Velora.com,0.Non-member,Modified,29-Oct-24,1,155.55,155.55,18,3. Before 4 weeks,Tuesday,2
RES010702,9-Oct-24,Connected Wholesaler,0.Non-member,Modified,15-Oct-24,1,89.4,89.4,6,1. Before a week,Tuesday,2
RES010723,25-Sep-24,GDS,0.Non-member,Modified,27-Sep-24,1,158.53,158.53,2,1. Before a week,Friday,5
RES010738,14-Oct-24,App,0.Non-member,Modified,26-Oct-24,1,115.45,115.45,12,2. Before 2 weeks,Saturday,6
RES010740,8-Sep-24,GDS,0.Non-member,Modified,2-Oct-24,1,156.62,156.62,24,3. Before 4 weeks,Wednesday,3
RES010767,12-Sep-24,App,0.Non-member,Modified,2-Oct-24,1,149.4,149.4,20,3. Before 4 weeks,Wednesday,3
RES010775,1-Oct-24,App,0.Non-member,Modified,2-Oct-24,1,138.26,138.26,1,1. Before a week,Wednesday,3
RES010802,8-Oct-24,App,0.Non-member,Modified,9-Oct-24,1,208.62,208.62,1,1. Before a week,Wednesday,3
RES010842,18-Sep-24,Velora.com,0.Non-member,Modified,22-Sep-24,1,115.01,115.01,4,1. Before a week,Sunday,0
RES010854,24-Aug-24,Phone,0.Non-member,Modified,5-Sep-24,1,240.56,240.56,12,2. Before 2 weeks,Thursday,4
RES010863,23-Sep-24,Connected Wholesaler,0.Non-member,Modified,24-Sep-24,1,138.88,138.88,1,1. Before a week,Tuesday,2
RES010878,9-Sep-24,Phone,0.Non-member,Modified,12-Sep-24,1,168.58,168.58,3,1. Before a week,Thursday,4
RES010879,25-Sep-24,Velora.com,0.Non-member,Modified,16-Oct-24,1,116.71,116.71,21,3. Before 4 weeks,Wednesday,3
RES010889,15-Oct-24,Velora.com,0.Non-member,Modified,16-Oct-24,1,155.16,155.16,1,1. Before a week,Wednesday,3
RES010891,8-Sep-24,GDS,0.Non-member,Modified,9-Sep-24,1,119.75,119.75,1,1. Before a week,Monday,1
RES010933,24-Oct-24,Velora.com,0.Non-member,Modified,25-Oct-24,1,203.66,203.66,1,1. Before a week,Friday,5
RES010946,24-Sep-24,Phone,0.Non-member,Modified,29-Sep-24,1,122.88,122.88,5,1. Before a week,Sunday,0
RES010955,8-Oct-24,Connected Wholesaler,0.Non-member,Modified,21-Oct-24,1,110.24,110.24,13,2. Before 2 weeks,Monday,1
RES010958,8-Sep-24,App,0.Non-member,Modified,9-Sep-24,1,125.3,125.3,1,1. Before a week,Monday,1
RES010970,26-Sep-24,Connected Wholesaler,0.Non-member,Modified,3-Oct-24,1,150.82,150.82,7,1. Before a week,Thursday,4
RES010975,25-Sep-24,App,0.Non-member,Modified,27-Sep-24,1,138.57,138.57,2,1. Before a week,Friday,5
RES010999,23-Sep-24,GDS,0.Non-member,Modified,26-Sep-24,1,112.65,112.65,3,1. Before a week,Thursday,4
RES011026,7-Sep-24,GDS,0.Non-member,Modified,8-Sep-24,1,4.89,4.89,1,1. Before a week,Sunday,0
RES011035,2-Nov-24,App,0.Non-member,Modified,2-Nov-24,1,120.41,120.41,0,1. Before a week,Saturday,6
RES011040,13-Oct-24,App,0.Non-member,Modified,13-Oct-24,1,127.32,127.32,0,1. Before a week,Sunday,0
RES011044,19-Sep-24,App,0.Non-member,Modified,19-Sep-24,1,175.28,175.28,0,1. Before a week,Thursday,4
RES011055,9-Sep-24,App,0.Non-member,Modified,21-Sep-24,1,138.57,138.57,12,2. Before 2 weeks,Saturday,6
RES011092,11-Oct-24,App,0.Non-member,Modified,16-Oct-24,1,138.55,138.55,5,1. Before a week,Wednesday,3
RES011094,19-Oct-24,Connected Wholesaler,0.Non-member,Modified,21-Oct-24,1,91.26,91.26,2,1. Before a week,Monday,1
RES011101,24-Oct-24,Connected Wholesaler,0.Non-member,Modified,25-Oct-24,1,122.56,122.56,1,1. Before a week,Friday,5
RES011114,18-Sep-24,GDS,0.Non-member,Modified,30-Sep-24,1,146.37,146.37,12,2. Before 2 weeks,Monday,1
RES011162,14-Oct-24,Phone,0.Non-member,Modified,14-Oct-24,1,181.82,181.82,0,1. Before a week,Monday,1
RES011179,4-Sep-24,App,0.Non-member,Modified,7-Sep-24,1,162.65,162.65,3,1. Before a week,Saturday,6
RES011189,4-Oct-24,Phone,0.Non-member,Modified,16-Oct-24,1,244.17,244.17,12,2. Before 2 weeks,Wednesday,3
RES011195,18-Sep-24,GDS,0.Non-member,Modified,23-Sep-24,1,149.08,149.08,5,1. Before a week,Monday,1
RES011214,19-Sep-24,App,0.Non-member,Modified,20-Sep-24,1,130.3,130.3,1,1. Before a week,Friday,5
RES011215,5-Sep-24,GDS,0.Non-member,Modified,8-Sep-24,1,108.18,108.18,3,1. Before a week,Sunday,0
RES011223,5-Oct-24,App,0.Non-member,Modified,6-Oct-24,1,120.41,120.41,1,1. Before a week,Sunday,0
RES011228,4-Oct-24,Connected Wholesaler,0.Non-member,Modified,9-Oct-24,1,106.06,106.06,5,1. Before a week,Wednesday,3
RES011243,30-Sep-24,Connected Wholesaler,0.Non-member,Modified,3-Oct-24,1,134.81,134.81,3,1. Before a week,Thursday,4
RES011248,1-Oct-24,App,0.Non-member,Modified,3-Oct-24,1,171.01,171.01,2,1. Before a week,Thursday,4
RES011257,11-Oct-24,Connected Wholesaler,0.Non-member,Modified,12-Oct-24,1,102.71,102.71,1,1. Before a week,Saturday,6
RES011265,14-Aug-24,Phone,0.Non-member,Modified,9-Sep-24,1,269.3,269.3,26,3. Before 4 weeks,Monday,1
RES011308,14-Sep-24,App,0.Non-member,Modified,19-Sep-24,1,210.13,210.13,5,1. Before a week,Thursday,4
RES011347,13-Oct-24,App,0.Non-member,Modified,13-Oct-24,1,117.47,117.47,0,1. Before a week,Sunday,0
RES011390,22-Oct-24,Velora.com,0.Non-member,Modified,22-Oct-24,1,294.78,294.78,0,1. Before a week,Tuesday,2
RES011412,18-Sep-24,App,0.Non-member,Modified,1-Oct-24,1,213.73,213.73,13,2. Before 2 weeks,Tuesday,2
RES011440,9-Sep-24,GDS,0.Non-member,Modified,13-Sep-24,1,130.68,130.68,4,1. Before a week,Friday,5
RES011451,3-Aug-24,Connected Wholesaler,0.Non-member,Modified,25-Sep-24,1,169.46,169.46,53,4. More than 4 weeks,Wednesday,3
RES011456,25-Sep-24,GDS,0.Non-member,Modified,9-Oct-24,1,141.73,141.73,14,2. Before 2 weeks,Wednesday,3
RES011485,26-Aug-24,App,0.Non-member,Modified,10-Sep-24,1,100.96,100.96,15,3. Before 4 weeks,Tuesday,2
RES011487,21-Jun-24,Phone,0.Non-member,Modified,17-Oct-24,1,141.61,141.61,118,4. More than 4 weeks,Thursday,4
RES011491,29-Sep-24,App,0.Non-member,Modified,24-Oct-24,1,235.13,235.13,25,3. Before 4 weeks,Thursday,4
RES011492,2-Aug-24,GDS,0.Non-member,Modified,4-Sep-24,1,163.63,163.63,33,4. More than 4 weeks,Wednesday,3
RES011518,16-Oct-24,Connected Wholesaler,0.Non-member,Modified,17-Oct-24,1,137.35,137.35,1,1. Before a week,Thursday,4
RES011533,22-Oct-24,Phone,0.Non-member,Modified,28-Oct-24,1,135.05,135.05,6,1. Before a week,Monday,1
RES011535,31-Oct-24,App,0.Non-member,Modified,2-Nov-24,1,124.94,124.94,2,1. Before a week,Saturday,6
RES011542,4-Oct-24,Phone,0.Non-member,Modified,26-Oct-24,1,198.38,198.38,22,3. Before 4 weeks,Saturday,6
RES011543,2-Aug-24,Phone,0.Non-member,Modified,29-Sep-24,1,156.61,156.61,58,4. More than 4 weeks,Sunday,0
RES011550,5-Sep-24,App,0.Non-member,Modified,5-Sep-24,1,174.33,174.33,0,1. Before a week,Thursday,4
RES011551,24-Oct-24,App,0.Non-member,Modified,25-Oct-24,1,120.48,120.48,1,1. Before a week,Friday,5
RES011565,11-Sep-24,App,0.Non-member,Modified,11-Sep-24,1,183.73,183.73,0,1. Before a week,Wednesday,3
RES011571,25-Sep-24,Connected Wholesaler,0.Non-member,Modified,26-Sep-24,1,159.99,159.99,1,1. Before a week,Thursday,4
RES011580,16-Sep-24,App,0.Non-member,Modified,20-Sep-24,1,168.98,168.98,4,1. Before a week,Friday,5
RES011583,20-Sep-24,App,0.Non-member,Modified,21-Sep-24,1,174.09,174.09,1,1. Before a week,Saturday,6
RES011586,11-Oct-24,App,0.Non-member,Modified,11-Oct-24,1,132.52,132.52,0,1. Before a week,Friday,5
RES011603,31-Jul-24,GDS,0.Non-member,Modified,17-Sep-24,1,198.78,198.78,48,4. More than 4 weeks,Tuesday,2
RES011634,9-Oct-24,Velora.com,0.Non-member,Modified,14-Oct-24,1,190.95,190.95,5,1. Before a week,Monday,1
RES011655,17-Oct-24,App,0.Non-member,Modified,18-Oct-24,1,81.32,81.32,1,1. Before a week,Friday,5
RES011666,26-Oct-24,GDS,0.Non-member,Modified,29-Oct-24,1,114.19,114.19,3,1. Before a week,Tuesday,2
RES011690,19-Oct-24,GDS,0.Non-member,Modified,30-Oct-24,1,158.76,158.76,11,2. Before 2 weeks,Wednesday,3
RES011713,20-Aug-24,GDS,0.Non-member,Modified,4-Sep-24,1,181.82,181.82,15,3. Before 4 weeks,Wednesday,3
RES011723,30-Sep-24,Velora.com,0.Non-member,Modified,1-Oct-24,1,185.52,185.52,1,1. Before a week,Tuesday,2
RES011729,21-Oct-24,GDS,0.Non-member,Modified,28-Oct-24,1,169.15,169.15,7,1. Before a week,Monday,1
RES011733,7-Sep-24,Velora.com,0.Non-member,Modified,12-Sep-24,1,152.93,152.93,5,1. Before a week,Thursday,4
RES011741,18-Oct-24,Velora.com,0.Non-member,Modified,22-Oct-24,1,246.66,246.66,4,1. Before a week,Tuesday,2
RES011772,5-Oct-24,Connected Wholesaler,0.Non-member,Modified,20-Oct-24,1,148.57,148.57,15,3. Before 4 weeks,Sunday,0
RES011782,17-Aug-24,Phone,0.Non-member,Modified,10-Sep-24,1,146.21,146.21,24,3. Before 4 weeks,Tuesday,2
RES011844,24-Sep-24,Connected Wholesaler,0.Non-member,Modified,27-Sep-24,1,167.65,167.65,3,1. Before a week,Friday,5
RES011848,21-Oct-24,Velora.com,0.Non-member,Modified,25-Oct-24,1,123.48,123.48,4,1. Before a week,Friday,5
RES011861,10-Oct-24,Connected Wholesaler,0.Non-member,Modified,10-Oct-24,1,124.54,124.54,0,1. Before a week,Thursday,4
RES011863,18-Sep-24,Velora.com,0.Non-member,Modified,20-Sep-24,1,185.64,185.64,2,1. Before a week,Friday,5
RES011891,30-Sep-24,Velora.com,0.Non-member,Modified,13-Oct-24,1,45.78,45.78,13,2. Before 2 weeks,Sunday,0
RES011899,20-Sep-24,App,0.Non-member,Modified,21-Sep-24,1,168.45,168.45,1,1. Before a week,Saturday,6
RES011940,7-Sep-24,App,0.Non-member,Modified,5-Oct-24,1,120.48,120.48,28,3. Before 4 weeks,Saturday,6
RES011999,16-Aug-24,Connected Wholesaler,0.Non-member,Modified,19-Sep-24,1,168.21,168.21,34,4. More than 4 weeks,Thursday,4
RES012016,25-Jul-24,GDS,0.Non-member,Modified,13-Oct-24,1,163.63,163.63,80,4. More than 4 weeks,Sunday,0
RES012071,4-Oct-24,Connected Wholesaler,0.Non-member,Modified,5-Oct-24,1,98.94,98.94,1,1. Before a week,Saturday,6
RES012076,12-Sep-24,Connected Wholesaler,0.Non-member,Modified,28-Sep-24,1,86.7,86.7,16,3. Before 4 weeks,Saturday,6
RES012080,30-Sep-24,GDS,0.Non-member,Modified,2-Oct-24,1,148.71,148.71,2,1. Before a week,Wednesday,3
RES012101,31-Aug-24,Velora.com,0.Non-member,Modified,8-Oct-24,1,176.97,176.97,38,4. More than 4 weeks,Tuesday,2
RES012157,1-Nov-24,App,0.Non-member,Modified,4-Nov-24,1,115.15,115.15,3,1. Before a week,Monday,1
RES012166,1-Jul-24,GDS,0.Non-member,Modified,2-Oct-24,1,366.98,366.98,93,4. More than 4 weeks,Wednesday,3
RES012182,24-Oct-24,App,0.Non-member,Modified,30-Oct-24,1,128.86,128.86,6,1. Before a week,Wednesday,3
RES012188,27-Sep-24,Connected Wholesaler,0.Non-member,Modified,22-Oct-24,1,118.93,118.93,25,3. Before 4 weeks,Tuesday,2
RES012191,22-Sep-24,Velora.com,0.Non-member,Modified,28-Sep-24,1,126.01,126.01,6,1. Before a week,Saturday,6
RES012201,28-Sep-24,Phone,0.Non-member,Modified,17-Oct-24,1,220.6,220.6,19,3. Before 4 weeks,Thursday,4
RES012238,27-Aug-24,Velora.com,0.Non-member,Modified,5-Oct-24,1,166.97,166.97,39,4. More than 4 weeks,Saturday,6
RES012244,12-Sep-24,App,0.Non-member,Modified,20-Sep-24,1,146.29,146.29,8,2. Before 2 weeks,Friday,5
RES012253,4-Jul-24,Phone,0.Non-member,Modified,24-Oct-24,1,141.61,141.61,112,4. More than 4 weeks,Thursday,4
RES012266,13-Sep-24,App,0.Non-member,Modified,14-Oct-24,1,229.1,229.1,31,4. More than 4 weeks,Monday,1
RES012311,16-Sep-24,App,0.Non-member,Modified,11-Oct-24,1,196.96,196.96,25,3. Before 4 weeks,Friday,5
RES012356,14-Oct-24,GDS,0.Non-member,Modified,15-Oct-24,1,106.85,106.85,1,1. Before a week,Tuesday,2
RES012367,28-Sep-24,GDS,0.Non-member,Modified,6-Oct-24,1,144.56,144.56,8,2. Before 2 weeks,Sunday,0
RES012389,12-Oct-24,App,0.Non-member,Modified,13-Oct-24,1,140.45,140.45,1,1. Before a week,Sunday,0
RES012443,6-Jun-24,App,0.Non-member,Modified,8-Sep-24,1,218.18,218.18,94,4. More than 4 weeks,Sunday,0
RES012446,6-Sep-24,App,0.Non-member,Modified,6-Sep-24,1,160.85,160.85,0,1. Before a week,Friday,5
RES012459,22-Sep-24,Velora.com,0.Non-member,Modified,24-Sep-24,1,170.85,170.85,2,1. Before a week,Tuesday,2
RES012497,10-Sep-24,GDS,0.Non-member,Modified,12-Sep-24,1,107.53,107.53,2,1. Before a week,Thursday,4
RES012540,22-Sep-24,Velora.com,0.Non-member,Modified,1-Oct-24,1,161.58,161.58,9,2. Before 2 weeks,Tuesday,2
RES012624,18-Sep-24,Connected Wholesaler,0.Non-member,Modified,19-Sep-24,1,302.98,302.98,1,1. Before a week,Thursday,4
RES012627,11-Oct-24,GDS,0.Non-member,Modified,28-Oct-24,1,159.02,159.02,17,3. Before 4 weeks,Monday,1
RES012638,6-Sep-24,App,0.Non-member,Modified,15-Sep-24,1,204.54,204.54,9,2. Before 2 weeks,Sunday,0
RES012643,5-Sep-24,GDS,0.Non-member,Modified,10-Sep-24,1,143.49,143.49,5,1. Before a week,Tuesday,2
RES012646,20-Oct-24,Connected Wholesaler,0.Non-member,Modified,21-Oct-24,1,107.15,107.15,1,1. Before a week,Monday,1
RES012650,8-Sep-24,Connected Wholesaler,0.Non-member,Modified,8-Sep-24,1,118.17,118.17,0,1. Before a week,Sunday,0
RES012737,19-Sep-24,Phone,0.Non-member,Modified,20-Sep-24,1,163.84,163.84,1,1. Before a week,Friday,5
RES012750,29-Aug-24,App,0.Non-member,Modified,6-Sep-24,1,196.66,196.66,8,2. Before 2 weeks,Friday,5
RES012764,16-Jul-24,App,0.Non-member,Modified,29-Sep-24,1,141.47,141.47,75,4. More than 4 weeks,Sunday,0
RES012765,2-Sep-24,GDS,0.Non-member,Modified,9-Oct-24,1,141.29,141.29,37,4. More than 4 weeks,Wednesday,3
RES012777,28-Sep-24,Phone,0.Non-member,Modified,25-Oct-24,1,166.4,166.4,27,3. Before 4 weeks,Friday,5
RES012796,10-Sep-24,Connected Wholesaler,0.Non-member,Modified,10-Sep-24,1,293.28,293.28,0,1. Before a week,Tuesday,2
RES012797,28-Aug-24,App,0.Non-member,Modified,16-Sep-24,1,250,250,19,3. Before 4 weeks,Monday,1
RES012801,2-Oct-24,Velora.com,0.Non-member,Modified,4-Oct-24,1,123.26,123.26,2,1. Before a week,Friday,5
RES012808,14-Sep-24,Connected Wholesaler,0.Non-member,Modified,14-Sep-24,1,84.13,84.13,0,1. Before a week,Saturday,6
RES012809,20-Sep-24,GDS,0.Non-member,Modified,4-Oct-24,1,170.98,170.98,14,2. Before 2 weeks,Friday,5
RES012835,16-Sep-24,App,0.Non-member,Modified,12-Oct-24,1,124.21,124.21,26,3. Before 4 weeks,Saturday,6
RES012842,26-Sep-24,GDS,0.Non-member,Modified,4-Oct-24,1,134.93,134.93,8,2. Before 2 weeks,Friday,5
RES012867,21-Jul-24,Velora.com,0.Non-member,Modified,5-Oct-24,1,140.24,140.24,76,4. More than 4 weeks,Saturday,6
RES012888,6-Sep-24,Connected Wholesaler,0.Non-member,Modified,6-Sep-24,1,101.2,101.2,0,1. Before a week,Friday,5
RES012889,14-Oct-24,App,0.Non-member,Modified,17-Oct-24,1,181.62,181.62,3,1. Before a week,Thursday,4
RES012896,22-Oct-24,GDS,0.Non-member,Modified,30-Oct-24,1,158.72,158.72,8,2. Before 2 weeks,Wednesday,3
RES012905,20-Sep-24,App,0.Non-member,Modified,21-Sep-24,1,85.84,85.84,1,1. Before a week,Saturday,6
RES012912,4-Oct-24,Velora.com,0.Non-member,Modified,5-Oct-24,1,103.97,103.97,1,1. Before a week,Saturday,6
RES012935,6-Sep-24,Velora.com,0.Non-member,Modified,7-Sep-24,1,107.52,107.52,1,1. Before a week,Saturday,6
RES012945,27-Sep-24,GDS,0.Non-member,Modified,1-Oct-24,1,159.02,159.02,4,1. Before a week,Tuesday,2
RES012951,10-Sep-24,Connected Wholesaler,0.Non-member,Modified,11-Sep-24,1,104.82,104.82,1,1. Before a week,Wednesday,3
RES012969,3-Sep-24,Phone,0.Non-member,Modified,16-Sep-24,1,177.92,177.92,13,2. Before 2 weeks,Monday,1
RES012973,14-Sep-24,Phone,0.Non-member,Modified,24-Sep-24,1,140.96,140.96,10,2. Before 2 weeks,Tuesday,2
RES013084,21-Sep-24,App,0.Non-member,Modified,22-Sep-24,1,140.45,140.45,1,1. Before a week,Sunday,0
RES013120,1-Oct-24,Connected Wholesaler,0.Non-member,Modified,1-Oct-24,1,105.72,105.72,0,1. Before a week,Tuesday,2
RES013129,27-Aug-24,Phone,0.Non-member,Modified,6-Sep-24,1,117.89,117.89,10,2. Before 2 weeks,Friday,5
RES013197,21-Sep-24,Phone,0.Non-member,Modified,12-Oct-24,1,135.59,135.59,21,3. Before 4 weeks,Saturday,6
RES013215,24-Jun-24,Velora.com,0.Non-member,Modified,5-Oct-24,1,196.07,196.07,103,4. More than 4 weeks,Saturday,6
RES013269,13-Sep-24,App,0.Non-member,Modified,15-Sep-24,1,144.75,144.75,2,1. Before a week,Sunday,0
RES013271,23-Sep-24,App,0.Non-member,Modified,5-Oct-24,1,179.91,179.91,12,2. Before 2 weeks,Saturday,6
RES013282,26-Oct-24,App,0.Non-member,Modified,26-Oct-24,1,180.35,180.35,0,1. Before a week,Saturday,6
RES013310,28-Sep-24,GDS,0.Non-member,Modified,3-Oct-24,1,112.05,112.05,5,1. Before a week,Thursday,4
RES013312,25-Aug-24,GDS,0.Non-member,Modified,11-Sep-24,1,117.03,117.03,17,3. Before 4 weeks,Wednesday,3
RES013336,30-Sep-24,GDS,0.Non-member,Modified,8-Oct-24,1,111.18,111.18,8,2. Before 2 weeks,Tuesday,2
RES013342,23-Oct-24,Connected Wholesaler,0.Non-member,Modified,25-Oct-24,1,154.24,154.24,2,1. Before a week,Friday,5
RES013346,12-Oct-24,App,0.Non-member,Modified,12-Oct-24,1,155.42,155.42,0,1. Before a week,Saturday,6
RES013362,17-Oct-24,Phone,0.Non-member,Modified,17-Oct-24,1,141.82,141.82,0,1. Before a week,Thursday,4
RES013364,16-Jun-24,Velora.com,0.Non-member,Modified,17-Sep-24,1,191.56,191.56,93,4. More than 4 weeks,Tuesday,2
RES013392,5-Oct-24,Phone,0.Non-member,Modified,11-Oct-24,1,120.48,120.48,6,1. Before a week,Friday,5
RES013400,20-Aug-24,Phone,0.Non-member,Modified,9-Sep-24,1,313.58,313.58,20,3. Before 4 weeks,Monday,1
RES013415,15-Oct-24,App,0.Non-member,Modified,18-Oct-24,1,133.7,133.7,3,1. Before a week,Friday,5
RES013417,18-Oct-24,Connected Wholesaler,0.Non-member,Modified,26-Oct-24,1,96.83,96.83,8,2. Before 2 weeks,Saturday,6
RES013436,24-Sep-24,App,0.Non-member,Modified,5-Oct-24,1,147.11,147.11,11,2. Before 2 weeks,Saturday,6
RES013445,15-Oct-24,App,0.Non-member,Modified,15-Oct-24,1,198.2,198.2,0,1. Before a week,Tuesday,2
RES013478,31-Aug-24,Connected Wholesaler,0.Non-member,Modified,2-Sep-24,1,109.7,109.7,2,1. Before a week,Monday,1
RES013496,12-Sep-24,GDS,0.Non-member,Modified,15-Sep-24,1,100,100,3,1. Before a week,Sunday,0
RES013512,15-Sep-24,App,0.Non-member,Modified,15-Sep-24,1,135.84,135.84,0,1. Before a week,Sunday,0
RES013521,29-Sep-24,Phone,0.Non-member,Modified,4-Oct-24,1,151.8,151.8,5,1. Before a week,Friday,5
RES013536,12-Oct-24,Connected Wholesaler,0.Non-member,Modified,14-Oct-24,1,194.02,194.02,2,1. Before a week,Monday,1
RES013538,28-Sep-24,App,0.Non-member,Modified,28-Sep-24,1,126.61,126.61,0,1. Before a week,Saturday,6
RES013542,27-Sep-24,GDS,0.Non-member,Modified,2-Oct-24,1,132.53,132.53,5,1. Before a week,Wednesday,3
RES013553,26-Sep-24,App,0.Non-member,Modified,17-Oct-24,1,153.31,153.31,21,3. Before 4 weeks,Thursday,4
RES013576,30-Oct-24,GDS,0.Non-member,Modified,2-Nov-24,1,112.05,112.05,3,1. Before a week,Saturday,6
RES013581,3-Oct-24,App,0.Non-member,Modified,4-Oct-24,1,120.48,120.48,1,1. Before a week,Friday,5
RES013593,16-Oct-24,Phone,0.Non-member,Modified,16-Oct-24,1,145.78,145.78,0,1. Before a week,Wednesday,3
RES013595,14-Oct-24,Velora.com,0.Non-member,Modified,22-Oct-24,1,183.95,183.95,8,2. Before 2 weeks,Tuesday,2
RES013611,30-Sep-24,Connected Wholesaler,0.Non-member,Modified,7-Oct-24,1,90.86,90.86,7,1. Before a week,Monday,1
RES013646,2-Oct-24,Phone,0.Non-member,Modified,2-Oct-24,1,145.45,145.45,0,1. Before a week,Wednesday,3
RES013648,18-Sep-24,App,0.Non-member,Modified,22-Sep-24,1,134.65,134.65,4,1. Before a week,Sunday,0
RES013658,16-Jul-24,Velora.com,0.Non-member,Modified,27-Oct-24,1,196.07,196.07,103,4. More than 4 weeks,Sunday,0
RES013675,5-Sep-24,Phone,0.Non-member,Modified,16-Sep-24,1,144.91,144.91,11,2. Before 2 weeks,Monday,1
RES013683,16-May-24,Phone,0.Non-member,Modified,16-Oct-24,1,141.61,141.61,153,4. More than 4 weeks,Wednesday,3
RES013704,4-Oct-24,Connected Wholesaler,0.Non-member,Modified,5-Oct-24,1,102.04,102.04,1,1. Before a week,Saturday,6
RES013714,2-Sep-24,Phone,0.Non-member,Modified,2-Sep-24,1,145.45,145.45,0,1. Before a week,Monday,1
RES013726,14-Aug-24,Phone,0.Non-member,Modified,24-Sep-24,1,166.85,166.85,41,4. More than 4 weeks,Tuesday,2
RES013729,25-Oct-24,App,0.Non-member,Modified,26-Oct-24,1,134.57,134.57,1,1. Before a week,Saturday,6
RES013731,30-Oct-24,App,0.Non-member,Modified,31-Oct-24,1,119.28,119.28,1,1. Before a week,Thursday,4
RES013761,27-Oct-24,Velora.com,0.Non-member,Modified,27-Oct-24,1,162.31,162.31,0,1. Before a week,Sunday,0
RES013768,29-Aug-24,App,0.Non-member,Modified,6-Sep-24,1,165.15,165.15,8,2. Before 2 weeks,Friday,5
RES013785,8-Oct-24,Connected Wholesaler,0.Non-member,Modified,17-Oct-24,1,264.28,264.28,9,2. Before 2 weeks,Thursday,4
RES013790,8-Oct-24,App,0.Non-member,Modified,9-Oct-24,1,168.81,168.81,1,1. Before a week,Wednesday,3
RES013798,20-Jun-24,Phone,0.Non-member,Modified,19-Sep-24,1,141.61,141.61,91,4. More than 4 weeks,Thursday,4
RES013805,19-Sep-24,Connected Wholesaler,0.Non-member,Modified,20-Sep-24,1,115.53,115.53,1,1. Before a week,Friday,5
RES013825,23-Aug-24,Velora.com,0.Non-member,Modified,5-Sep-24,1,274.32,274.32,13,2. Before 2 weeks,Thursday,4
RES013827,27-Aug-24,Phone,0.Non-member,Modified,24-Sep-24,1,201.97,201.97,28,3. Before 4 weeks,Tuesday,2
RES013832,4-Sep-24,Phone,0.Non-member,Modified,9-Oct-24,1,151.79,151.79,35,4. More than 4 weeks,Wednesday,3
RES013843,8-Aug-24,App,0.Non-member,Modified,10-Oct-24,1,142.57,142.57,63,4. More than 4 weeks,Thursday,4
RES013863,3-Oct-24,Connected Wholesaler,0.Non-member,Modified,29-Oct-24,1,114.24,114.24,26,3. Before 4 weeks,Tuesday,2
RES013896,21-Sep-24,App,0.Non-member,Modified,24-Sep-24,1,117.37,117.37,3,1. Before a week,Tuesday,2
RES013938,15-Oct-24,GDS,0.Non-member,Modified,20-Oct-24,1,126.5,126.5,5,1. Before a week,Sunday,0
RES013958,6-Oct-24,Connected Wholesaler,0.Non-member,Modified,7-Oct-24,1,105.72,105.72,1,1. Before a week,Monday,1
RES013968,23-Sep-24,Velora.com,0.Non-member,Modified,23-Sep-24,1,118.79,118.79,0,1. Before a week,Monday,1
RES013988,3-Sep-24,GDS,0.Non-member,Modified,9-Sep-24,1,145.45,145.45,6,1. Before a week,Monday,1
RES013994,2-Aug-24,App,0.Non-member,Modified,29-Sep-24,1,141.42,141.42,58,4. More than 4 weeks,Sunday,0
RES014010,3-Oct-24,Velora.com,0.Non-member,Modified,3-Oct-24,1,242.76,242.76,0,1. Before a week,Thursday,4
RES014026,23-Sep-24,Phone,0.Non-member,Modified,5-Oct-24,1,128.9,128.9,12,2. Before 2 weeks,Saturday,6
RES014033,31-Aug-24,GDS,0.Non-member,Modified,27-Sep-24,1,153.08,153.08,27,3. Before 4 weeks,Friday,5
RES014042,1-Aug-24,Connected Wholesaler,0.Non-member,Modified,18-Sep-24,1,150.29,150.29,48,4. More than 4 weeks,Wednesday,3
RES014052,11-Oct-24,Connected Wholesaler,0.Non-member,Modified,12-Oct-24,1,162.78,162.78,1,1. Before a week,Saturday,6
RES014071,9-Oct-24,Connected Wholesaler,0.Non-member,Modified,16-Oct-24,1,144.56,144.56,7,1. Before a week,Wednesday,3
RES014098,2-Jul-24,GDS,0.Non-member,Modified,25-Sep-24,1,180.72,180.72,85,4. More than 4 weeks,Wednesday,3
RES014100,10-Oct-24,App,0.Non-member,Modified,14-Oct-24,1,131.32,131.32,4,1. Before a week,Monday,1
RES014115,10-Sep-24,Phone,0.Non-member,Modified,26-Sep-24,1,146.66,146.66,16,3. Before 4 weeks,Thursday,4
RES014125,28-Sep-24,Velora.com,0.Non-member,Modified,29-Sep-24,1,108.43,108.43,1,1. Before a week,Sunday,0
RES014154,26-Sep-24,GDS,0.Non-member,Modified,29-Sep-24,1,122.87,122.87,3,1. Before a week,Sunday,0
RES014156,17-Oct-24,App,0.Non-member,Modified,23-Oct-24,1,178.32,178.32,6,1. Before a week,Wednesday,3
RES014189,30-Sep-24,Connected Wholesaler,0.Non-member,Modified,30-Sep-24,1,140.05,140.05,0,1. Before a week,Monday,1
RES014215,8-Oct-24,App,0.Non-member,Modified,16-Oct-24,1,204.39,204.39,8,2. Before 2 weeks,Wednesday,3
RES014237,28-Aug-24,Phone,0.Non-member,Modified,15-Sep-24,1,169.52,169.52,18,3. Before 4 weeks,Sunday,0
RES014245,11-Sep-24,App,0.Non-member,Modified,14-Sep-24,1,114.46,114.46,3,1. Before a week,Saturday,6
RES014247,13-Sep-24,Connected Wholesaler,0.Non-member,Modified,18-Sep-24,1,131.82,131.82,5,1. Before a week,Wednesday,3
RES014264,16-May-24,Phone,0.Non-member,Modified,9-Oct-24,1,141.61,141.61,146,4. More than 4 weeks,Wednesday,3
RES014268,28-Sep-24,Phone,0.Non-member,Modified,3-Oct-24,1,195.15,195.15,5,1. Before a week,Thursday,4
RES014269,1-Oct-24,App,0.Non-member,Modified,29-Oct-24,1,227.78,227.78,28,3. Before 4 weeks,Tuesday,2
RES014273,14-May-24,GDS,0.Non-member,Modified,7-Oct-24,1,360.96,360.96,146,4. More than 4 weeks,Monday,1
RES014281,12-Sep-24,App,0.Non-member,Modified,13-Sep-24,1,107.8,107.8,1,1. Before a week,Friday,5
RES014292,22-Oct-24,Connected Wholesaler,0.Non-member,Modified,23-Oct-24,1,136.43,136.43,1,1. Before a week,Wednesday,3
RES014293,5-Aug-24,Velora.com,0.Non-member,Modified,10-Oct-24,1,157.57,157.57,66,4. More than 4 weeks,Thursday,4
RES014296,21-Oct-24,App,0.Non-member,Modified,22-Oct-24,1,170.44,170.44,1,1. Before a week,Tuesday,2
RES014305,9-Sep-24,GDS,0.Non-member,Modified,20-Sep-24,1,140.96,140.96,11,2. Before 2 weeks,Friday,5
RES014306,25-Oct-24,Connected Wholesaler,0.Non-member,Modified,26-Oct-24,1,103.53,103.53,1,1. Before a week,Saturday,6
RES014308,7-Aug-24,Phone,0.Non-member,Modified,2-Oct-24,1,213.33,213.33,56,4. More than 4 weeks,Wednesday,3
RES014309,9-Sep-24,Connected Wholesaler,0.Non-member,Modified,16-Sep-24,1,145.6,145.6,7,1. Before a week,Monday,1
RES014320,29-Aug-24,GDS,0.Non-member,Modified,10-Oct-24,1,240.96,240.96,42,4. More than 4 weeks,Thursday,4
RES014324,27-Aug-24,GDS,0.Non-member,Modified,26-Sep-24,1,201.97,201.97,30,4. More than 4 weeks,Thursday,4
RES014337,24-Oct-24,App,0.Non-member,Modified,26-Oct-24,1,153.34,153.34,2,1. Before a week,Saturday,6
RES014343,13-Aug-24,Connected Wholesaler,0.Non-member,Modified,30-Sep-24,1,150.29,150.29,48,4. More than 4 weeks,Monday,1
RES014385,12-Oct-24,App,0.Non-member,Modified,15-Oct-24,1,136.86,136.86,3,1. Before a week,Tuesday,2
RES014408,19-Aug-24,App,0.Non-member,Modified,1-Oct-24,1,198.38,198.38,43,4. More than 4 weeks,Tuesday,2
RES014437,6-Aug-24,Velora.com,0.Non-member,Modified,12-Oct-24,1,124.7,124.7,67,4. More than 4 weeks,Saturday,6
RES014462,14-Aug-24,GDS,0.Non-member,Modified,16-Oct-24,1,318.76,318.76,63,4. More than 4 weeks,Wednesday,3
RES014466,4-Oct-24,Velora.com,0.Non-member,Modified,9-Oct-24,1,272.19,272.19,5,1. Before a week,Wednesday,3
RES014477,15-Oct-24,Connected Wholesaler,0.Non-member,Modified,15-Oct-24,1,178.61,178.61,0,1. Before a week,Tuesday,2
RES014499,21-Jun-24,GDS,0.Non-member,Modified,3-Oct-24,1,189.98,189.98,104,4. More than 4 weeks,Thursday,4
RES014518,25-Sep-24,GDS,0.Non-member,Modified,30-Sep-24,1,128,128,5,1. Before a week,Monday,1
RES014544,16-Sep-24,App,0.Non-member,Modified,16-Sep-24,1,135.53,135.53,0,1. Before a week,Monday,1
RES014575,30-Aug-24,Phone,0.Non-member,Modified,18-Sep-24,1,172.2,172.2,19,3. Before 4 weeks,Wednesday,3
RES014584,1-Oct-24,App,0.Non-member,Modified,1-Oct-24,1,133.33,133.33,0,1. Before a week,Tuesday,2
RES014593,29-Oct-24,App,0.Non-member,Modified,1-Nov-24,1,108.43,108.43,3,1. Before a week,Friday,5
RES014594,11-May-24,App,0.Non-member,Modified,23-Oct-24,1,307.45,307.45,165,4. More than 4 weeks,Wednesday,3
RES014604,4-Sep-24,Phone,0.Non-member,Modified,19-Sep-24,1,165.36,165.36,15,3. Before 4 weeks,Thursday,4
RES014608,23-Sep-24,App,0.Non-member,Modified,23-Sep-24,1,162.65,162.65,0,1. Before a week,Monday,1
RES014689,5-Oct-24,App,0.Non-member,Modified,11-Oct-24,1,182.6,182.6,6,1. Before a week,Friday,5
RES009738,26-Sep-24,Phone,4.Essential,Modified,13-Oct-24,1,119.88,119.88,17,3. Before 4 weeks,Sunday,0
RES009741,4-Oct-24,GDS,4.Essential,Modified,22-Oct-24,1,112.04,112.04,18,3. Before 4 weeks,Tuesday,2
RES009742,16-Sep-24,Phone,4.Essential,Modified,17-Oct-24,1,114.8,114.8,31,4. More than 4 weeks,Thursday,4
RES009851,26-Oct-24,At the hotel,4.Essential,Modified,3-Nov-24,1,96.97,96.97,8,2. Before 2 weeks,Sunday,0
RES010002,26-Sep-24,GDS,4.Essential,Modified,14-Oct-24,1,163.85,163.85,18,3. Before 4 weeks,Monday,1
RES010003,8-Aug-24,App,4.Essential,Modified,21-Oct-24,1,228.91,228.91,74,4. More than 4 weeks,Monday,1
RES010021,14-Aug-24,Phone,4.Essential,Modified,12-Sep-24,1,174.7,174.7,29,4. More than 4 weeks,Thursday,4
RES010030,3-Oct-24,App,4.Essential,Modified,19-Oct-24,1,131.32,131.32,16,3. Before 4 weeks,Saturday,6
RES010046,23-Aug-24,GDS,4.Essential,Modified,8-Sep-24,1,185.43,185.43,16,3. Before 4 weeks,Sunday,0
RES010050,23-Aug-24,Phone,4.Essential,Modified,30-Sep-24,1,151.8,151.8,38,4. More than 4 weeks,Monday,1
RES010059,30-Aug-24,Phone,4.Essential,Modified,25-Sep-24,1,150.6,150.6,26,3. Before 4 weeks,Wednesday,3
RES010094,12-Sep-24,App,4.Essential,Modified,13-Oct-24,1,112.08,112.08,31,4. More than 4 weeks,Sunday,0
RES010138,1-Oct-24,Velora.com,4.Essential,Modified,20-Oct-24,1,116.37,116.37,19,3. Before 4 weeks,Sunday,0
RES010153,28-Sep-24,Velora.com,4.Essential,Modified,18-Oct-24,1,204.99,204.99,20,3. Before 4 weeks,Friday,5
RES010159,12-Oct-24,Velora.com,4.Essential,Modified,21-Oct-24,1,204.89,204.89,9,2. Before 2 weeks,Monday,1
RES010211,29-Sep-24,Velora.com,4.Essential,Modified,11-Oct-24,1,144.24,144.24,12,2. Before 2 weeks,Friday,5
RES010237,21-Sep-24,Velora.com,4.Essential,Modified,2-Oct-24,1,288.14,288.14,11,2. Before 2 weeks,Wednesday,3
RES010249,30-Aug-24,GDS,4.Essential,Modified,10-Sep-24,1,132.52,132.52,11,2. Before 2 weeks,Tuesday,2
RES010336,15-Sep-24,App,4.Essential,Modified,26-Sep-24,1,149.4,149.4,11,2. Before 2 weeks,Thursday,4
RES010372,1-Oct-24,GDS,4.Essential,Modified,15-Oct-24,1,144.58,144.58,14,2. Before 2 weeks,Tuesday,2
RES010377,1-Oct-24,Velora.com,4.Essential,Modified,16-Oct-24,1,192.75,192.75,15,3. Before 4 weeks,Wednesday,3
RES010414,8-Oct-24,At the hotel,4.Essential,Modified,20-Oct-24,1,180.35,180.35,12,2. Before 2 weeks,Sunday,0
RES010415,23-Oct-24,App,4.Essential,Modified,31-Oct-24,1,188.84,188.84,8,2. Before 2 weeks,Thursday,4
RES010424,5-Sep-24,At the hotel,4.Essential,Modified,1-Oct-24,1,157.57,157.57,26,3. Before 4 weeks,Tuesday,2
RES010442,1-Oct-24,App,4.Essential,Modified,9-Oct-24,1,159.03,159.03,8,2. Before 2 weeks,Wednesday,3
RES010469,23-Aug-24,GDS,4.Essential,Modified,12-Sep-24,1,109.09,109.09,20,3. Before 4 weeks,Thursday,4
RES010473,20-Sep-24,Phone,4.Essential,Modified,16-Oct-24,1,146.99,146.99,26,3. Before 4 weeks,Wednesday,3
RES010486,2-Oct-24,At the hotel,4.Essential,Modified,17-Oct-24,1,118.17,118.17,15,3. Before 4 weeks,Thursday,4
RES010497,16-Aug-24,At the hotel,4.Essential,Modified,22-Sep-24,1,135.05,135.05,37,4. More than 4 weeks,Sunday,0
RES010532,10-Sep-24,App,4.Essential,Modified,20-Sep-24,1,136.36,136.36,10,2. Before 2 weeks,Friday,5
RES010541,23-Sep-24,Velora.com,4.Essential,Modified,1-Oct-24,1,253.25,253.25,8,2. Before 2 weeks,Tuesday,2
RES010542,29-Sep-24,At the hotel,4.Essential,Modified,7-Oct-24,1,133.33,133.33,8,2. Before 2 weeks,Monday,1
RES010605,30-Sep-24,Velora.com,4.Essential,Modified,17-Oct-24,1,181.92,181.92,17,3. Before 4 weeks,Thursday,4
RES010669,4-Sep-24,Velora.com,4.Essential,Modified,12-Sep-24,1,203.67,203.67,8,2. Before 2 weeks,Thursday,4
RES010677,11-Sep-24,Connected Wholesaler,4.Essential,Modified,6-Oct-24,1,169.65,169.65,25,3. Before 4 weeks,Sunday,0
RES010690,1-Oct-24,Velora.com,4.Essential,Modified,9-Oct-24,1,171.19,171.19,8,2. Before 2 weeks,Wednesday,3
RES010705,18-Sep-24,Connected Wholesaler,4.Essential,Modified,11-Oct-24,1,108.41,108.41,23,3. Before 4 weeks,Friday,5
RES010716,26-Sep-24,Phone,4.Essential,Modified,22-Oct-24,1,156.75,156.75,26,3. Before 4 weeks,Tuesday,2
RES010769,5-Sep-24,Connected Wholesaler,4.Essential,Modified,4-Oct-24,1,205.57,205.57,29,4. More than 4 weeks,Friday,5
RES010822,30-Aug-24,GDS,4.Essential,Modified,11-Oct-24,1,130.29,130.29,42,4. More than 4 weeks,Friday,5
RES010875,27-Sep-24,Velora.com,4.Essential,Modified,10-Oct-24,1,136.76,136.76,13,2. Before 2 weeks,Thursday,4
RES010918,11-Sep-24,App,4.Essential,Modified,1-Oct-24,1,163.88,163.88,20,3. Before 4 weeks,Tuesday,2
RES010923,19-Sep-24,At the hotel,4.Essential,Modified,1-Nov-24,1,201.18,201.18,43,4. More than 4 weeks,Friday,5
RES010935,11-Sep-24,Velora.com,4.Essential,Modified,7-Oct-24,1,126.17,126.17,26,3. Before 4 weeks,Monday,1
RES010971,18-Sep-24,App,4.Essential,Modified,15-Oct-24,1,211.42,211.42,27,3. Before 4 weeks,Tuesday,2
RES010978,15-Sep-24,App,4.Essential,Modified,30-Sep-24,1,162.63,162.63,15,3. Before 4 weeks,Monday,1
RES011003,22-Sep-24,App,4.Essential,Modified,5-Oct-24,1,150.05,150.05,13,2. Before 2 weeks,Saturday,6
RES011010,8-Oct-24,At the hotel,4.Essential,Modified,23-Oct-24,1,118.17,118.17,15,3. Before 4 weeks,Wednesday,3
RES011024,1-Oct-24,Velora.com,4.Essential,Modified,12-Oct-24,1,109.12,109.12,11,2. Before 2 weeks,Saturday,6
RES011052,10-Aug-24,GDS,4.Essential,Modified,6-Oct-24,1,236.12,236.12,57,4. More than 4 weeks,Sunday,0
RES011113,18-Sep-24,App,4.Essential,Modified,22-Oct-24,1,230.73,230.73,34,4. More than 4 weeks,Tuesday,2
RES011165,27-Sep-24,Velora.com,4.Essential,Modified,7-Oct-24,1,215.44,215.44,10,2. Before 2 weeks,Monday,1
RES011358,27-Sep-24,GDS,4.Essential,Modified,27-Oct-24,1,128.79,128.79,30,4. More than 4 weeks,Sunday,0
RES011403,14-Sep-24,Velora.com,4.Essential,Modified,1-Oct-24,1,143.03,143.03,17,3. Before 4 weeks,Tuesday,2
RES011404,29-Aug-24,GDS,4.Essential,Modified,16-Oct-24,1,210.15,210.15,48,4. More than 4 weeks,Wednesday,3
RES011423,17-Oct-24,Phone,4.Essential,Modified,30-Oct-24,1,258.62,258.62,13,2. Before 2 weeks,Wednesday,3
RES011426,6-May-24,GDS,4.Essential,Modified,18-Sep-24,1,252.68,252.68,135,4. More than 4 weeks,Wednesday,3
RES011428,17-Aug-24,Velora.com,4.Essential,Modified,25-Sep-24,1,156.62,156.62,39,4. More than 4 weeks,Wednesday,3
RES011433,20-Sep-24,GDS,4.Essential,Modified,10-Oct-24,1,196.36,196.36,20,3. Before 4 weeks,Thursday,4
RES011513,28-Aug-24,GDS,4.Essential,Modified,5-Sep-24,1,253.82,253.82,8,2. Before 2 weeks,Thursday,4
RES011556,12-Sep-24,GDS,4.Essential,Modified,24-Sep-24,1,221.99,221.99,12,2. Before 2 weeks,Tuesday,2
RES011599,27-Jul-24,GDS,4.Essential,Modified,3-Oct-24,1,190.34,190.34,68,4. More than 4 weeks,Thursday,4
RES011607,8-Oct-24,GDS,4.Essential,Modified,31-Oct-24,1,102.41,102.41,23,3. Before 4 weeks,Thursday,4
RES011644,24-Jul-24,Phone,4.Essential,Modified,14-Oct-24,1,152.52,152.52,82,4. More than 4 weeks,Monday,1
RES011647,19-Sep-24,Velora.com,4.Essential,Modified,7-Oct-24,1,255.34,255.34,18,3. Before 4 weeks,Monday,1
RES011765,22-Oct-24,GDS,4.Essential,Modified,30-Oct-24,1,193.53,193.53,8,2. Before 2 weeks,Wednesday,3
RES011770,9-Sep-24,GDS,4.Essential,Modified,29-Sep-24,1,115.01,115.01,20,3. Before 4 weeks,Sunday,0
RES011775,31-Aug-24,Phone,4.Essential,Modified,13-Sep-24,1,163.63,163.63,13,2. Before 2 weeks,Friday,5
RES011788,21-Aug-24,GDS,4.Essential,Modified,10-Sep-24,1,238.15,238.15,20,3. Before 4 weeks,Tuesday,2
RES011802,29-Aug-24,At the hotel,4.Essential,Modified,17-Sep-24,1,151.8,151.8,19,3. Before 4 weeks,Tuesday,2
RES011895,20-Aug-24,Phone,4.Essential,Modified,6-Sep-24,1,162.78,162.78,17,3. Before 4 weeks,Friday,5
RES011961,2-Sep-24,At the hotel,4.Essential,Modified,21-Sep-24,1,151.8,151.8,19,3. Before 4 weeks,Saturday,6
RES012058,25-Sep-24,At the hotel,4.Essential,Modified,8-Oct-24,1,132.52,132.52,13,2. Before 2 weeks,Tuesday,2
RES012108,12-Sep-24,GDS,4.Essential,Modified,22-Sep-24,1,112.17,112.17,10,2. Before 2 weeks,Sunday,0
RES012204,9-Jul-24,App,4.Essential,Modified,21-Sep-24,1,266.66,266.66,74,4. More than 4 weeks,Saturday,6
RES012217,31-Jul-24,GDS,4.Essential,Modified,23-Sep-24,1,199.7,199.7,54,4. More than 4 weeks,Monday,1
RES012323,5-Oct-24,GDS,4.Essential,Modified,19-Oct-24,1,96.46,96.46,14,2. Before 2 weeks,Saturday,6
RES012332,28-Aug-24,GDS,4.Essential,Modified,13-Oct-24,1,189.96,189.96,46,4. More than 4 weeks,Sunday,0
RES012362,25-Aug-24,GDS,4.Essential,Modified,23-Sep-24,1,180.87,180.87,29,4. More than 4 weeks,Monday,1
RES012364,12-Oct-24,At the hotel,4.Essential,Modified,27-Oct-24,1,118.17,118.17,15,3. Before 4 weeks,Sunday,0
RES012397,29-Sep-24,Phone,4.Essential,Modified,7-Oct-24,1,172.83,172.83,8,2. Before 2 weeks,Monday,1
RES012428,12-Sep-24,GDS,4.Essential,Modified,21-Sep-24,1,82.6,82.6,9,2. Before 2 weeks,Saturday,6
RES012502,1-Aug-24,GDS,4.Essential,Modified,8-Oct-24,1,190.34,190.34,68,4. More than 4 weeks,Tuesday,2
RES012530,21-Jul-24,Velora.com,4.Essential,Modified,23-Sep-24,1,171.07,171.07,64,4. More than 4 weeks,Monday,1
RES012583,22-Oct-24,Connected Wholesaler,4.Essential,Modified,31-Oct-24,1,72.82,72.82,9,2. Before 2 weeks,Thursday,4
RES012620,11-Sep-24,Velora.com,4.Essential,Modified,3-Oct-24,1,187.9,187.9,22,3. Before 4 weeks,Thursday,4
RES012664,18-Sep-24,GDS,4.Essential,Modified,21-Oct-24,1,209.09,209.09,33,4. More than 4 weeks,Monday,1
RES012673,18-Oct-24,GDS,4.Essential,Modified,28-Oct-24,1,116.58,116.58,10,2. Before 2 weeks,Monday,1
RES012678,1-Jul-24,GDS,4.Essential,Modified,6-Sep-24,1,195.05,195.05,67,4. More than 4 weeks,Friday,5
RES012697,7-Oct-24,App,4.Essential,Modified,20-Oct-24,1,122.88,122.88,13,2. Before 2 weeks,Sunday,0
RES012795,25-Jul-24,GDS,4.Essential,Modified,30-Sep-24,1,207.11,207.11,67,4. More than 4 weeks,Monday,1
RES012816,3-Sep-24,GDS,4.Essential,Modified,11-Sep-24,1,117.03,117.03,8,2. Before 2 weeks,Wednesday,3
RES012890,12-Sep-24,GDS,4.Essential,Modified,26-Sep-24,1,168.67,168.67,14,2. Before 2 weeks,Thursday,4
RES012892,9-Aug-24,Velora.com,4.Essential,Modified,1-Nov-24,1,143.07,143.07,84,4. More than 4 weeks,Friday,5
RES012902,16-Aug-24,Velora.com,4.Essential,Modified,3-Sep-24,1,194.87,194.87,18,3. Before 4 weeks,Tuesday,2
RES012980,24-Aug-24,GDS,4.Essential,Modified,10-Oct-24,1,202.6,202.6,47,4. More than 4 weeks,Thursday,4
RES013016,16-Sep-24,At the hotel,4.Essential,Modified,21-Oct-24,1,151.8,151.8,35,4. More than 4 weeks,Monday,1
RES013067,9-Sep-24,Phone,4.Essential,Modified,18-Sep-24,1,119.15,119.15,9,2. Before 2 weeks,Wednesday,3
RES013081,24-Sep-24,Velora.com,4.Essential,Modified,4-Oct-24,1,189.59,189.59,10,2. Before 2 weeks,Friday,5
RES013102,6-Sep-24,Velora.com,4.Essential,Modified,14-Oct-24,1,145.33,145.33,38,4. More than 4 weeks,Monday,1
RES013138,1-Oct-24,Velora.com,4.Essential,Modified,23-Oct-24,1,182.63,182.63,22,3. Before 4 weeks,Wednesday,3
RES013171,11-Sep-24,App,4.Essential,Modified,26-Sep-24,1,156.75,156.75,15,3. Before 4 weeks,Thursday,4
RES013202,16-Aug-24,GDS,4.Essential,Modified,8-Sep-24,1,132.53,132.53,23,3. Before 4 weeks,Sunday,0
RES013248,25-Jul-24,GDS,4.Essential,Modified,10-Sep-24,1,226.21,226.21,47,4. More than 4 weeks,Tuesday,2
RES013254,10-Aug-24,Velora.com,4.Essential,Modified,21-Oct-24,1,272.39,272.39,72,4. More than 4 weeks,Monday,1
RES013265,22-Sep-24,At the hotel,4.Essential,Modified,4-Oct-24,1,151.8,151.8,12,2. Before 2 weeks,Friday,5
RES013267,20-Aug-24,Phone,4.Essential,Modified,29-Sep-24,1,189.09,189.09,40,4. More than 4 weeks,Sunday,0
RES013368,10-Sep-24,At the hotel,4.Essential,Modified,4-Oct-24,1,166.4,166.4,24,3. Before 4 weeks,Friday,5
RES013380,30-Jun-24,App,4.Essential,Modified,10-Sep-24,1,105.41,105.41,72,4. More than 4 weeks,Tuesday,2
RES013430,28-Sep-24,App,4.Essential,Modified,17-Oct-24,1,181.62,181.62,19,3. Before 4 weeks,Thursday,4
RES013464,24-Sep-24,App,4.Essential,Modified,2-Oct-24,1,209.82,209.82,8,2. Before 2 weeks,Wednesday,3
RES013558,30-Sep-24,GDS,4.Essential,Modified,15-Oct-24,1,198.79,198.79,15,3. Before 4 weeks,Tuesday,2
RES013561,4-Sep-24,Phone,4.Essential,Modified,12-Sep-24,1,150.6,150.6,8,2. Before 2 weeks,Thursday,4
RES013571,24-Sep-24,GDS,4.Essential,Modified,7-Oct-24,1,118.48,118.48,13,2. Before 2 weeks,Monday,1
RES013687,23-Aug-24,Phone,4.Essential,Modified,3-Oct-24,1,198.79,198.79,41,4. More than 4 weeks,Thursday,4
RES013699,6-Sep-24,Velora.com,4.Essential,Modified,18-Sep-24,1,188.9,188.9,12,2. Before 2 weeks,Wednesday,3
RES013715,1-Dec-23,Velora.com,4.Essential,Modified,30-Oct-24,1,112.8,112.8,334,4. More than 4 weeks,Wednesday,3
RES013737,20-Sep-24,GDS,4.Essential,Modified,8-Oct-24,1,162.63,162.63,18,3. Before 4 weeks,Tuesday,2
RES013751,15-Sep-24,Phone,4.Essential,Modified,8-Oct-24,1,167.55,167.55,23,3. Before 4 weeks,Tuesday,2
RES013754,7-Sep-24,Phone,4.Essential,Modified,3-Oct-24,1,281.55,281.55,26,3. Before 4 weeks,Thursday,4
RES013767,24-Jul-24,Velora.com,4.Essential,Modified,26-Sep-24,1,225.28,225.28,64,4. More than 4 weeks,Thursday,4
RES013770,9-Aug-24,GDS,4.Essential,Modified,24-Oct-24,1,148.49,148.49,76,4. More than 4 weeks,Thursday,4
RES013777,17-Sep-24,Velora.com,4.Essential,Modified,3-Oct-24,1,327.31,327.31,16,3. Before 4 weeks,Thursday,4
RES013849,5-Sep-24,Phone,4.Essential,Modified,13-Sep-24,1,150.6,150.6,8,2. Before 2 weeks,Friday,5
RES013895,4-Sep-24,App,4.Essential,Modified,16-Sep-24,1,204.98,204.98,12,2. Before 2 weeks,Monday,1
RES013913,1-Oct-24,GDS,4.Essential,Modified,15-Oct-24,1,162.63,162.63,14,2. Before 2 weeks,Tuesday,2
RES013926,20-Oct-24,Velora.com,4.Essential,Modified,28-Oct-24,1,141.68,141.68,8,2. Before 2 weeks,Monday,1
RES013954,24-Aug-24,GDS,4.Essential,Modified,18-Sep-24,1,168.81,168.81,25,3. Before 4 weeks,Wednesday,3
RES013966,11-Sep-24,At the hotel,4.Essential,Modified,29-Oct-24,1,224.28,224.28,48,4. More than 4 weeks,Tuesday,2
RES013989,9-Sep-24,App,4.Essential,Modified,11-Oct-24,1,94.12,94.12,32,4. More than 4 weeks,Friday,5
RES014004,20-Sep-24,App,4.Essential,Modified,11-Oct-24,1,131.76,131.76,21,3. Before 4 weeks,Friday,5
RES014035,1-Oct-24,Phone,4.Essential,Modified,12-Oct-24,1,112.83,112.83,11,2. Before 2 weeks,Saturday,6
RES014081,10-Oct-24,GDS,4.Essential,Modified,22-Oct-24,1,118.63,118.63,12,2. Before 2 weeks,Tuesday,2
RES014084,28-Sep-24,Phone,4.Essential,Modified,11-Oct-24,1,135.05,135.05,13,2. Before 2 weeks,Friday,5
RES014153,4-Sep-24,GDS,4.Essential,Modified,30-Sep-24,1,158.73,158.73,26,3. Before 4 weeks,Monday,1
RES014162,15-Oct-24,Velora.com,4.Essential,Modified,24-Oct-24,1,147.59,147.59,9,2. Before 2 weeks,Thursday,4
RES014175,29-Aug-24,At the hotel,4.Essential,Modified,22-Sep-24,1,66.67,66.67,24,3. Before 4 weeks,Sunday,0
RES014212,13-Sep-24,App,4.Essential,Modified,1-Oct-24,1,128.91,128.91,18,3. Before 4 weeks,Tuesday,2
RES014225,5-Sep-24,Phone,4.Essential,Modified,18-Sep-24,1,212.68,212.68,13,2. Before 2 weeks,Wednesday,3
RES014244,5-Sep-24,App,4.Essential,Modified,28-Sep-24,1,167.02,167.02,23,3. Before 4 weeks,Saturday,6
RES014253,17-Aug-24,GDS,4.Essential,Modified,8-Sep-24,1,144.7,144.7,22,3. Before 4 weeks,Sunday,0
RES014255,15-Sep-24,Velora.com,4.Essential,Modified,7-Oct-24,1,262.92,262.92,22,3. Before 4 weeks,Monday,1
RES014373,29-Aug-24,GDS,4.Essential,Modified,6-Sep-24,1,158.88,158.88,8,2. Before 2 weeks,Friday,5
RES014386,28-Sep-24,Connected Wholesaler,4.Essential,Modified,24-Oct-24,1,135.13,135.13,26,3. Before 4 weeks,Thursday,4
RES014401,7-Aug-24,Velora.com,4.Essential,Modified,18-Oct-24,1,144.59,144.59,72,4. More than 4 weeks,Friday,5
RES014413,31-Aug-24,Phone,4.Essential,Modified,12-Oct-24,1,157.96,157.96,42,4. More than 4 weeks,Saturday,6
RES014423,17-Jun-24,GDS,4.Essential,Modified,2-Oct-24,1,114.45,114.45,107,4. More than 4 weeks,Wednesday,3
RES014430,19-Sep-24,Phone,4.Essential,Modified,12-Oct-24,1,170.62,170.62,23,3. Before 4 weeks,Saturday,6
RES014435,6-Sep-24,Velora.com,4.Essential,Modified,15-Oct-24,1,230.43,230.43,39,4. More than 4 weeks,Tuesday,2
RES014480,12-Aug-24,GDS,4.Essential,Modified,16-Sep-24,1,179.07,179.07,35,4. More than 4 weeks,Monday,1
RES014611,21-Sep-24,GDS,4.Essential,Modified,21-Oct-24,1,161.71,161.71,30,4. More than 4 weeks,Monday,1
RES014631,16-Oct-24,Phone,4.Essential,Modified,24-Oct-24,1,118.84,118.84,8,2. Before 2 weeks,Thursday,4
RES014699,18-Oct-24,At the hotel,4.Essential,Modified,30-Oct-24,1,0,0,12,2. Before 2 weeks,Wednesday,3
RES014706,14-Oct-24,At the hotel,4.Essential,Modified,26-Oct-24,1,72.16,72.16,12,2. Before 2 weeks,Saturday,6
RES009735,2-Sep-24,At the hotel,4.Essential,Modified,5-Sep-24,1,157.57,157.57,3,1. Before a week,Thursday,4
RES009767,10-Sep-24,Phone,4.Essential,Modified,15-Sep-24,1,184.86,184.86,5,1. Before a week,Sunday,0
RES009782,24-Oct-24,Velora.com,4.Essential,Modified,30-Oct-24,1,122.89,122.89,6,1. Before a week,Wednesday,3
RES009789,19-Sep-24,At the hotel,4.Essential,Modified,21-Sep-24,1,178.07,178.07,2,1. Before a week,Saturday,6
RES009821,10-Oct-24,Phone,4.Essential,Modified,14-Oct-24,1,151.8,151.8,4,1. Before a week,Monday,1
RES009837,22-Sep-24,GDS,4.Essential,Modified,24-Sep-24,1,135.76,135.76,2,1. Before a week,Tuesday,2
RES009861,5-Sep-24,GDS,4.Essential,Modified,12-Sep-24,1,116.79,116.79,7,1. Before a week,Thursday,4
RES009876,20-Sep-24,At the hotel,4.Essential,Modified,23-Sep-24,1,0,0,3,1. Before a week,Monday,1
RES009914,26-Sep-24,GDS,4.Essential,Modified,3-Oct-24,1,262.58,262.58,7,1. Before a week,Thursday,4
RES009918,10-Sep-24,GDS,4.Essential,Modified,12-Sep-24,1,138.03,138.03,2,1. Before a week,Thursday,4
RES009941,27-Sep-24,Phone,4.Essential,Modified,29-Sep-24,1,110.84,110.84,2,1. Before a week,Sunday,0
RES009945,20-Sep-24,GDS,4.Essential,Modified,24-Sep-24,1,105.47,105.47,4,1. Before a week,Tuesday,2
RES009950,24-Sep-24,Connected Wholesaler,4.Essential,Modified,30-Sep-24,1,99.63,99.63,6,1. Before a week,Monday,1
RES009973,10-Oct-24,At the hotel,4.Essential,Modified,14-Oct-24,1,177.11,177.11,4,1. Before a week,Monday,1
RES010012,2-Sep-24,GDS,4.Essential,Modified,5-Sep-24,1,138.55,138.55,3,1. Before a week,Thursday,4
RES010020,25-Oct-24,App,4.Essential,Modified,26-Oct-24,1,126.5,126.5,1,1. Before a week,Saturday,6
RES010041,9-Oct-24,GDS,4.Essential,Modified,11-Oct-24,1,180.87,180.87,2,1. Before a week,Friday,5
RES010090,12-Sep-24,Phone,4.Essential,Modified,15-Sep-24,1,126.62,126.62,3,1. Before a week,Sunday,0
RES010118,27-Sep-24,Velora.com,4.Essential,Modified,28-Sep-24,1,195.41,195.41,1,1. Before a week,Saturday,6
RES010145,13-Oct-24,App,4.Essential,Modified,19-Oct-24,1,154.27,154.27,6,1. Before a week,Saturday,6
RES010148,4-Oct-24,Velora.com,4.Essential,Modified,7-Oct-24,1,87.66,87.66,3,1. Before a week,Monday,1
RES010165,29-Aug-24,App,4.Essential,Modified,4-Sep-24,1,124.21,124.21,6,1. Before a week,Wednesday,3
RES010184,9-Oct-24,Velora.com,4.Essential,Modified,10-Oct-24,1,0,0,1,1. Before a week,Thursday,4
RES010196,26-Sep-24,App,4.Essential,Modified,26-Sep-24,1,341.45,341.45,0,1. Before a week,Thursday,4
RES010234,4-Oct-24,Phone,4.Essential,Modified,10-Oct-24,1,155.55,155.55,6,1. Before a week,Thursday,4
RES010321,19-Oct-24,Connected Wholesaler,4.Essential,Modified,19-Oct-24,1,159.19,159.19,0,1. Before a week,Saturday,6
RES010322,11-Sep-24,GDS,4.Essential,Modified,17-Sep-24,1,153.61,153.61,6,1. Before a week,Tuesday,2
RES010324,28-Sep-24,At the hotel,4.Essential,Modified,3-Oct-24,1,33.94,33.94,5,1. Before a week,Thursday,4
RES010332,30-Sep-24,Connected Wholesaler,4.Essential,Modified,2-Oct-24,1,102.46,102.46,2,1. Before a week,Wednesday,3
RES010334,25-Sep-24,Velora.com,4.Essential,Modified,27-Sep-24,1,131.62,131.62,2,1. Before a week,Friday,5
RES010363,14-Oct-24,Velora.com,4.Essential,Modified,18-Oct-24,1,177.17,177.17,4,1. Before a week,Friday,5
RES010368,22-Oct-24,GDS,4.Essential,Modified,24-Oct-24,1,133.33,133.33,2,1. Before a week,Thursday,4
RES010374,2-Oct-24,At the hotel,4.Essential,Modified,4-Oct-24,1,156.61,156.61,2,1. Before a week,Friday,5
RES010383,25-Oct-24,App,4.Essential,Modified,26-Oct-24,1,163.07,163.07,1,1. Before a week,Saturday,6
RES010440,20-Sep-24,Velora.com,4.Essential,Modified,21-Sep-24,1,137.06,137.06,1,1. Before a week,Saturday,6
RES010503,13-Oct-24,App,4.Essential,Modified,19-Oct-24,1,128.24,128.24,6,1. Before a week,Saturday,6
RES010510,1-Oct-24,Velora.com,4.Essential,Modified,4-Oct-24,1,106.62,106.62,3,1. Before a week,Friday,5
RES010535,3-Sep-24,GDS,4.Essential,Modified,10-Sep-24,1,130.12,130.12,7,1. Before a week,Tuesday,2
RES010561,10-Sep-24,Phone,4.Essential,Modified,12-Sep-24,1,214.25,214.25,2,1. Before a week,Thursday,4
RES010596,30-Oct-24,At the hotel,4.Essential,Modified,31-Oct-24,1,230.3,230.3,1,1. Before a week,Thursday,4
RES010598,15-Oct-24,At the hotel,4.Essential,Modified,19-Oct-24,1,69.28,69.28,4,1. Before a week,Saturday,6
RES010671,1-Oct-24,App,4.Essential,Modified,2-Oct-24,1,162.65,162.65,1,1. Before a week,Wednesday,3
RES010680,30-Sep-24,At the hotel,4.Essential,Modified,1-Oct-24,1,252.52,252.52,1,1. Before a week,Tuesday,2
RES010698,8-Sep-24,Phone,4.Essential,Modified,14-Sep-24,1,144.84,144.84,6,1. Before a week,Saturday,6
RES010703,22-Sep-24,Velora.com,4.Essential,Modified,22-Sep-24,1,108.53,108.53,0,1. Before a week,Sunday,0
RES010714,28-Oct-24,At the hotel,4.Essential,Modified,28-Oct-24,1,120.48,120.48,0,1. Before a week,Monday,1
RES010735,31-Oct-24,Phone,4.Essential,Modified,4-Nov-24,1,113.94,113.94,4,1. Before a week,Monday,1
RES010804,6-Sep-24,Velora.com,4.Essential,Modified,6-Sep-24,1,100.62,100.62,0,1. Before a week,Friday,5
RES010807,24-Sep-24,At the hotel,4.Essential,Modified,26-Sep-24,1,146.66,146.66,2,1. Before a week,Thursday,4
RES010833,16-Oct-24,At the hotel,4.Essential,Modified,17-Oct-24,1,125.3,125.3,1,1. Before a week,Thursday,4
RES010847,2-Sep-24,Velora.com,4.Essential,Modified,4-Sep-24,1,141.68,141.68,2,1. Before a week,Wednesday,3
RES010857,6-Oct-24,At the hotel,4.Essential,Modified,8-Oct-24,1,181.82,181.82,2,1. Before a week,Tuesday,2
RES010895,9-Oct-24,Velora.com,4.Essential,Modified,10-Oct-24,1,146.99,146.99,1,1. Before a week,Thursday,4
RES010906,3-Sep-24,GDS,4.Essential,Modified,8-Sep-24,1,121.98,121.98,5,1. Before a week,Sunday,0
RES010917,2-Sep-24,Velora.com,4.Essential,Modified,6-Sep-24,1,124.45,124.45,4,1. Before a week,Friday,5
RES010919,22-Oct-24,At the hotel,4.Essential,Modified,24-Oct-24,1,166.26,166.26,2,1. Before a week,Thursday,4
RES010924,22-Oct-24,At the hotel,4.Essential,Modified,25-Oct-24,1,130.5,130.5,3,1. Before a week,Friday,5
RES010932,23-Sep-24,GDS,4.Essential,Modified,25-Sep-24,1,133.33,133.33,2,1. Before a week,Wednesday,3
RES010947,13-Oct-24,At the hotel,4.Essential,Modified,14-Oct-24,1,128.74,128.74,1,1. Before a week,Monday,1
RES010951,20-Sep-24,App,4.Essential,Modified,27-Sep-24,1,158.77,158.77,7,1. Before a week,Friday,5
RES010957,4-Oct-24,Phone,4.Essential,Modified,10-Oct-24,1,154.63,154.63,6,1. Before a week,Thursday,4
RES010959,17-Oct-24,App,4.Essential,Modified,17-Oct-24,1,133.33,133.33,0,1. Before a week,Thursday,4
RES010980,8-Sep-24,At the hotel,4.Essential,Modified,10-Sep-24,1,149.09,149.09,2,1. Before a week,Tuesday,2
RES010990,17-Oct-24,GDS,4.Essential,Modified,22-Oct-24,1,150.73,150.73,5,1. Before a week,Tuesday,2
RES011031,22-Oct-24,Velora.com,4.Essential,Modified,25-Oct-24,1,137.46,137.46,3,1. Before a week,Friday,5
RES011061,16-Oct-24,App,4.Essential,Modified,19-Oct-24,1,148.55,148.55,3,1. Before a week,Saturday,6
RES011076,9-Sep-24,GDS,4.Essential,Modified,11-Sep-24,1,149.84,149.84,2,1. Before a week,Wednesday,3
RES011099,4-Oct-24,Velora.com,4.Essential,Modified,4-Oct-24,1,127.63,127.63,0,1. Before a week,Friday,5
RES011145,23-Oct-24,GDS,4.Essential,Modified,29-Oct-24,1,107.53,107.53,6,1. Before a week,Tuesday,2
RES011163,2-Nov-24,App,4.Essential,Modified,2-Nov-24,1,156.55,156.55,0,1. Before a week,Saturday,6
RES011164,16-Sep-24,At the hotel,4.Essential,Modified,16-Sep-24,1,120.32,120.32,0,1. Before a week,Monday,1
RES011167,21-Oct-24,At the hotel,4.Essential,Modified,23-Oct-24,1,166.26,166.26,2,1. Before a week,Wednesday,3
RES011170,20-Sep-24,Velora.com,4.Essential,Modified,20-Sep-24,1,143.06,143.06,0,1. Before a week,Friday,5
RES011177,10-Sep-24,Velora.com,4.Essential,Modified,11-Sep-24,1,148.71,148.71,1,1. Before a week,Wednesday,3
RES011194,8-Oct-24,Phone,4.Essential,Modified,15-Oct-24,1,148.12,148.12,7,1. Before a week,Tuesday,2
RES011198,13-Oct-24,Velora.com,4.Essential,Modified,13-Oct-24,1,206.35,206.35,0,1. Before a week,Sunday,0
RES011203,18-Oct-24,GDS,4.Essential,Modified,19-Oct-24,1,97.59,97.59,1,1. Before a week,Saturday,6
RES011245,23-Oct-24,Velora.com,4.Essential,Modified,25-Oct-24,1,138.98,138.98,2,1. Before a week,Friday,5
RES011296,1-Oct-24,Velora.com,4.Essential,Modified,7-Oct-24,1,218.14,218.14,6,1. Before a week,Monday,1
RES011298,25-Oct-24,Velora.com,4.Essential,Modified,27-Oct-24,1,141.39,141.39,2,1. Before a week,Sunday,0
RES011311,23-Sep-24,Other,4.Essential,Modified,29-Sep-24,1,116.87,116.87,6,1. Before a week,Sunday,0
RES011314,26-Sep-24,Phone,4.Essential,Modified,29-Sep-24,1,128.91,128.91,3,1. Before a week,Sunday,0
RES011320,27-Oct-24,At the hotel,4.Essential,Modified,27-Oct-24,1,118.8,118.8,0,1. Before a week,Sunday,0
RES011346,12-Sep-24,App,4.Essential,Modified,13-Sep-24,1,138.55,138.55,1,1. Before a week,Friday,5
RES011401,19-Sep-24,At the hotel,4.Essential,Modified,21-Sep-24,1,187.7,187.7,2,1. Before a week,Saturday,6
RES011432,11-Oct-24,GDS,4.Essential,Modified,15-Oct-24,1,117.77,117.77,4,1. Before a week,Tuesday,2
RES011437,29-Sep-24,Phone,4.Essential,Modified,3-Oct-24,1,151.03,151.03,4,1. Before a week,Thursday,4
RES011443,22-Sep-24,App,4.Essential,Modified,22-Sep-24,1,143.37,143.37,0,1. Before a week,Sunday,0
RES011447,26-Sep-24,GDS,4.Essential,Modified,30-Sep-24,1,128.91,128.91,4,1. Before a week,Monday,1
RES011459,27-Sep-24,GDS,4.Essential,Modified,2-Oct-24,1,126.95,126.95,5,1. Before a week,Wednesday,3
RES011464,28-Sep-24,At the hotel,4.Essential,Modified,5-Oct-24,1,211.92,211.92,7,1. Before a week,Saturday,6
RES011476,9-Sep-24,App,4.Essential,Modified,15-Sep-24,1,264.08,264.08,6,1. Before a week,Sunday,0
RES011477,4-Sep-24,At the hotel,4.Essential,Modified,6-Sep-24,1,149.4,149.4,2,1. Before a week,Friday,5
RES011523,24-Oct-24,At the hotel,4.Essential,Modified,25-Oct-24,1,180.48,180.48,1,1. Before a week,Friday,5
RES011544,21-Sep-24,Velora.com,4.Essential,Modified,24-Sep-24,1,161.44,161.44,3,1. Before a week,Tuesday,2
RES011567,11-Sep-24,Velora.com,4.Essential,Modified,13-Sep-24,1,172.85,172.85,2,1. Before a week,Friday,5
RES011595,28-Oct-24,App,4.Essential,Modified,1-Nov-24,1,135.79,135.79,4,1. Before a week,Friday,5
RES011609,5-Sep-24,App,4.Essential,Modified,11-Sep-24,1,127.97,127.97,6,1. Before a week,Wednesday,3
RES011610,9-Oct-24,App,4.Essential,Modified,13-Oct-24,1,101.41,101.41,4,1. Before a week,Sunday,0
RES011631,20-Sep-24,Phone,4.Essential,Modified,25-Sep-24,1,145.9,145.9,5,1. Before a week,Wednesday,3
RES011635,18-Sep-24,Velora.com,4.Essential,Modified,20-Sep-24,1,100.24,100.24,2,1. Before a week,Friday,5
RES011652,6-Sep-24,At the hotel,4.Essential,Modified,7-Sep-24,1,189.3,189.3,1,1. Before a week,Saturday,6
RES011685,19-Sep-24,App,4.Essential,Modified,22-Sep-24,1,111.31,111.31,3,1. Before a week,Sunday,0
RES011697,12-Sep-24,Velora.com,4.Essential,Modified,19-Sep-24,1,97.29,97.29,7,1. Before a week,Thursday,4
RES011706,6-Sep-24,GDS,4.Essential,Modified,11-Sep-24,1,154.54,154.54,5,1. Before a week,Wednesday,3
RES011762,2-Oct-24,At the hotel,4.Essential,Modified,2-Oct-24,1,0,0,0,1. Before a week,Wednesday,3
RES011773,29-Oct-24,App,4.Essential,Modified,1-Nov-24,1,170.98,170.98,3,1. Before a week,Friday,5
RES011820,9-Oct-24,App,4.Essential,Modified,10-Oct-24,1,161.29,161.29,1,1. Before a week,Thursday,4
RES011868,29-Sep-24,Velora.com,4.Essential,Modified,2-Oct-24,1,135.42,135.42,3,1. Before a week,Wednesday,3
RES011906,26-Sep-24,Connected Wholesaler,4.Essential,Modified,27-Sep-24,1,96.69,96.69,1,1. Before a week,Friday,5
RES011923,21-Oct-24,At the hotel,4.Essential,Modified,23-Oct-24,1,156.62,156.62,2,1. Before a week,Wednesday,3
RES011955,6-Sep-24,Connected Wholesaler,4.Essential,Modified,6-Sep-24,1,144.94,144.94,0,1. Before a week,Friday,5
RES011981,7-Sep-24,At the hotel,4.Essential,Modified,12-Sep-24,1,160.37,160.37,5,1. Before a week,Thursday,4
RES011995,13-Sep-24,App,4.Essential,Modified,15-Sep-24,1,332,332,2,1. Before a week,Sunday,0
RES012000,18-Oct-24,Velora.com,4.Essential,Modified,20-Oct-24,1,98.79,98.79,2,1. Before a week,Sunday,0
RES012003,3-Oct-24,Velora.com,4.Essential,Modified,5-Oct-24,1,116.36,116.36,2,1. Before a week,Saturday,6
RES012024,11-Oct-24,App,4.Essential,Modified,11-Oct-24,1,226.83,226.83,0,1. Before a week,Friday,5
RES012054,16-Oct-24,Velora.com,4.Essential,Modified,19-Oct-24,1,106.02,106.02,3,1. Before a week,Saturday,6
RES012084,28-Sep-24,Velora.com,4.Essential,Modified,1-Oct-24,1,123.97,123.97,3,1. Before a week,Tuesday,2
RES012091,29-Sep-24,Connected Wholesaler,4.Essential,Modified,29-Sep-24,1,94.37,94.37,0,1. Before a week,Sunday,0
RES012137,22-Sep-24,GDS,4.Essential,Modified,24-Sep-24,1,149.08,149.08,2,1. Before a week,Tuesday,2
RES012142,6-Sep-24,Velora.com,4.Essential,Modified,6-Sep-24,1,139.23,139.23,0,1. Before a week,Friday,5
RES012180,9-Sep-24,Velora.com,4.Essential,Modified,12-Sep-24,1,118.07,118.07,3,1. Before a week,Thursday,4
RES012181,19-Oct-24,At the hotel,4.Essential,Modified,19-Oct-24,1,0,0,0,1. Before a week,Saturday,6
RES012190,7-Oct-24,Velora.com,4.Essential,Modified,8-Oct-24,1,129.58,129.58,1,1. Before a week,Tuesday,2
RES012199,13-Sep-24,GDS,4.Essential,Modified,17-Sep-24,1,141.31,141.31,4,1. Before a week,Tuesday,2
RES012268,11-Oct-24,Velora.com,4.Essential,Modified,17-Oct-24,1,185.54,185.54,6,1. Before a week,Thursday,4
RES012286,9-Oct-24,App,4.Essential,Modified,9-Oct-24,1,110.03,110.03,0,1. Before a week,Wednesday,3
RES012304,19-Sep-24,GDS,4.Essential,Modified,26-Sep-24,1,183.16,183.16,7,1. Before a week,Thursday,4
RES012306,24-Oct-24,At the hotel,4.Essential,Modified,28-Oct-24,1,138.18,138.18,4,1. Before a week,Monday,1
RES012335,7-Oct-24,At the hotel,4.Essential,Modified,10-Oct-24,1,134.94,134.94,3,1. Before a week,Thursday,4
RES012349,21-Oct-24,GDS,4.Essential,Modified,23-Oct-24,1,113.33,113.33,2,1. Before a week,Wednesday,3
RES012371,9-Oct-24,App,4.Essential,Modified,9-Oct-24,1,144.7,144.7,0,1. Before a week,Wednesday,3
RES012396,17-Oct-24,App,4.Essential,Modified,23-Oct-24,1,147.58,147.58,6,1. Before a week,Wednesday,3
RES012398,15-Oct-24,At the hotel,4.Essential,Modified,16-Oct-24,1,120.23,120.23,1,1. Before a week,Wednesday,3
RES012411,14-Sep-24,App,4.Essential,Modified,14-Sep-24,1,109.09,109.09,0,1. Before a week,Saturday,6
RES012414,27-Oct-24,App,4.Essential,Modified,27-Oct-24,1,139.41,139.41,0,1. Before a week,Sunday,0
RES012423,4-Oct-24,App,4.Essential,Modified,5-Oct-24,1,150.37,150.37,1,1. Before a week,Saturday,6
RES012435,23-Sep-24,Velora.com,4.Essential,Modified,29-Sep-24,1,112.17,112.17,6,1. Before a week,Sunday,0
RES012436,28-Sep-24,App,4.Essential,Modified,30-Sep-24,1,160.92,160.92,2,1. Before a week,Monday,1
RES012467,28-Oct-24,Velora.com,4.Essential,Modified,30-Oct-24,1,133.57,133.57,2,1. Before a week,Wednesday,3
RES012510,6-Sep-24,App,4.Essential,Modified,7-Sep-24,1,132.64,132.64,1,1. Before a week,Saturday,6
RES012513,13-Sep-24,GDS,4.Essential,Modified,16-Sep-24,1,100.84,100.84,3,1. Before a week,Monday,1
RES012517,12-Oct-24,Phone,4.Essential,Modified,12-Oct-24,1,130.11,130.11,0,1. Before a week,Saturday,6
RES012520,11-Oct-24,Velora.com,4.Essential,Modified,13-Oct-24,1,147.39,147.39,2,1. Before a week,Sunday,0
RES012543,17-Oct-24,App,4.Essential,Modified,19-Oct-24,1,156.75,156.75,2,1. Before a week,Saturday,6
RES012566,29-Sep-24,Velora.com,4.Essential,Modified,3-Oct-24,1,266.47,266.47,4,1. Before a week,Thursday,4
RES012573,3-Oct-24,Velora.com,4.Essential,Modified,7-Oct-24,1,141.67,141.67,4,1. Before a week,Monday,1
RES012619,18-Sep-24,App,4.Essential,Modified,19-Sep-24,1,173.06,173.06,1,1. Before a week,Thursday,4
RES012657,4-Sep-24,Connected Wholesaler,4.Essential,Modified,5-Sep-24,1,110.24,110.24,1,1. Before a week,Thursday,4
RES012759,27-Sep-24,At the hotel,4.Essential,Modified,28-Sep-24,1,162.65,162.65,1,1. Before a week,Saturday,6
RES012780,19-Sep-24,At the hotel,4.Essential,Modified,26-Sep-24,1,0,0,7,1. Before a week,Thursday,4
RES012851,10-Sep-24,App,4.Essential,Modified,10-Sep-24,1,150.6,150.6,0,1. Before a week,Tuesday,2
RES012866,3-Oct-24,At the hotel,4.Essential,Modified,3-Oct-24,1,210.84,210.84,0,1. Before a week,Thursday,4
RES012891,2-Oct-24,Velora.com,4.Essential,Modified,5-Oct-24,1,108.72,108.72,3,1. Before a week,Saturday,6
RES012910,22-Sep-24,At the hotel,4.Essential,Modified,26-Sep-24,1,146.99,146.99,4,1. Before a week,Thursday,4
RES012919,10-Sep-24,Phone,4.Essential,Modified,14-Sep-24,1,163.99,163.99,4,1. Before a week,Saturday,6
RES012968,28-Sep-24,Velora.com,4.Essential,Modified,29-Sep-24,1,118.79,118.79,1,1. Before a week,Sunday,0
RES012987,9-Oct-24,GDS,4.Essential,Modified,10-Oct-24,1,153.41,153.41,1,1. Before a week,Thursday,4
RES013040,28-Oct-24,Connected Wholesaler,4.Essential,Modified,30-Oct-24,1,94.88,94.88,2,1. Before a week,Wednesday,3
RES013050,22-Oct-24,Phone,4.Essential,Modified,23-Oct-24,1,156.31,156.31,1,1. Before a week,Wednesday,3
RES013057,6-Oct-24,GDS,4.Essential,Modified,7-Oct-24,1,122.89,122.89,1,1. Before a week,Monday,1
RES013065,9-Sep-24,At the hotel,4.Essential,Modified,15-Sep-24,1,0,0,6,1. Before a week,Sunday,0
RES013071,18-Sep-24,At the hotel,4.Essential,Modified,19-Sep-24,1,0,0,1,1. Before a week,Thursday,4
RES013090,26-Oct-24,At the hotel,4.Essential,Modified,29-Oct-24,1,163.63,163.63,3,1. Before a week,Tuesday,2
RES013101,5-Oct-24,GDS,4.Essential,Modified,10-Oct-24,1,122.13,122.13,5,1. Before a week,Thursday,4
RES013112,25-Oct-24,Velora.com,4.Essential,Modified,25-Oct-24,1,93.01,93.01,0,1. Before a week,Friday,5
RES013115,23-Oct-24,Connected Wholesaler,4.Essential,Modified,24-Oct-24,1,117.28,117.28,1,1. Before a week,Thursday,4
RES013134,24-Oct-24,GDS,4.Essential,Modified,30-Oct-24,1,180.87,180.87,6,1. Before a week,Wednesday,3
RES013140,10-Oct-24,Velora.com,4.Essential,Modified,14-Oct-24,1,155.82,155.82,4,1. Before a week,Monday,1
RES013159,15-Sep-24,At the hotel,4.Essential,Modified,16-Sep-24,1,143.37,143.37,1,1. Before a week,Monday,1
RES013164,15-Oct-24,Phone,4.Essential,Modified,18-Oct-24,1,137.46,137.46,3,1. Before a week,Friday,5
RES013241,29-Oct-24,App,4.Essential,Modified,29-Oct-24,1,112.56,112.56,0,1. Before a week,Tuesday,2
RES013244,21-Oct-24,Connected Wholesaler,4.Essential,Modified,24-Oct-24,1,113.85,113.85,3,1. Before a week,Thursday,4
RES013255,1-Oct-24,GDS,4.Essential,Modified,1-Oct-24,1,171.83,171.83,0,1. Before a week,Tuesday,2
RES013302,14-Oct-24,GDS,4.Essential,Modified,16-Oct-24,1,123.41,123.41,2,1. Before a week,Wednesday,3
RES013329,10-Oct-24,Velora.com,4.Essential,Modified,11-Oct-24,1,142.77,142.77,1,1. Before a week,Friday,5
RES013343,22-Oct-24,Connected Wholesaler,4.Essential,Modified,24-Oct-24,1,113.85,113.85,2,1. Before a week,Thursday,4
RES013353,8-Oct-24,Phone,4.Essential,Modified,13-Oct-24,1,149.27,149.27,5,1. Before a week,Sunday,0
RES013370,22-Oct-24,GDS,4.Essential,Modified,29-Oct-24,1,116.79,116.79,7,1. Before a week,Tuesday,2
RES013371,2-Oct-24,Velora.com,4.Essential,Modified,4-Oct-24,1,92.17,92.17,2,1. Before a week,Friday,5
RES013377,17-Oct-24,GDS,4.Essential,Modified,23-Oct-24,1,171.22,171.22,6,1. Before a week,Wednesday,3
RES013438,18-Oct-24,Phone,4.Essential,Modified,23-Oct-24,1,150.73,150.73,5,1. Before a week,Wednesday,3
RES013482,12-Oct-24,Velora.com,4.Essential,Modified,12-Oct-24,1,144.75,144.75,0,1. Before a week,Saturday,6
RES013527,23-Sep-24,Connected Wholesaler,4.Essential,Modified,26-Sep-24,1,113.85,113.85,3,1. Before a week,Thursday,4
RES013557,14-Oct-24,GDS,4.Essential,Modified,17-Oct-24,1,204.8,204.8,3,1. Before a week,Thursday,4
RES013560,2-Oct-24,Phone,4.Essential,Modified,4-Oct-24,1,163.63,163.63,2,1. Before a week,Friday,5
RES013588,4-Oct-24,At the hotel,4.Essential,Modified,5-Oct-24,1,163.37,163.37,1,1. Before a week,Saturday,6
RES013608,14-Oct-24,Connected Wholesaler,4.Essential,Modified,15-Oct-24,1,99.4,99.4,1,1. Before a week,Tuesday,2
RES013615,24-Sep-24,App,4.Essential,Modified,1-Oct-24,1,120.48,120.48,7,1. Before a week,Tuesday,2
RES013630,3-Oct-24,GDS,4.Essential,Modified,8-Oct-24,1,154.54,154.54,5,1. Before a week,Tuesday,2
RES013635,1-Sep-24,At the hotel,4.Essential,Modified,2-Sep-24,1,117.69,117.69,1,1. Before a week,Monday,1
RES013656,11-Oct-24,Velora.com,4.Essential,Modified,12-Oct-24,1,119.28,119.28,1,1. Before a week,Saturday,6
RES013685,14-Sep-24,Phone,4.Essential,Modified,19-Sep-24,1,191.34,191.34,5,1. Before a week,Thursday,4
RES013692,30-Sep-24,At the hotel,4.Essential,Modified,2-Oct-24,1,140.6,140.6,2,1. Before a week,Wednesday,3
RES013710,24-Oct-24,App,4.Essential,Modified,30-Oct-24,1,113.52,113.52,6,1. Before a week,Wednesday,3
RES013717,8-Sep-24,At the hotel,4.Essential,Modified,13-Sep-24,1,160.37,160.37,5,1. Before a week,Friday,5
RES013753,19-Sep-24,App,4.Essential,Modified,20-Sep-24,1,115.85,115.85,1,1. Before a week,Friday,5
RES013756,14-Sep-24,App,4.Essential,Modified,14-Sep-24,1,144.7,144.7,0,1. Before a week,Saturday,6
RES013773,16-Oct-24,Connected Wholesaler,4.Essential,Modified,22-Oct-24,1,225.6,225.6,6,1. Before a week,Tuesday,2
RES013835,13-Oct-24,GDS,4.Essential,Modified,16-Oct-24,1,113.33,113.33,3,1. Before a week,Wednesday,3
RES013850,21-Oct-24,Phone,4.Essential,Modified,21-Oct-24,1,175.9,175.9,0,1. Before a week,Monday,1
RES013870,9-Oct-24,At the hotel,4.Essential,Modified,13-Oct-24,1,143.97,143.97,4,1. Before a week,Sunday,0
RES013883,10-Oct-24,Velora.com,4.Essential,Modified,11-Oct-24,1,188.06,188.06,1,1. Before a week,Friday,5
RES013905,8-Oct-24,At the hotel,4.Essential,Modified,9-Oct-24,1,202.61,202.61,1,1. Before a week,Wednesday,3
RES013941,12-Sep-24,Phone,4.Essential,Modified,14-Sep-24,1,145.8,145.8,2,1. Before a week,Saturday,6
RES013961,3-Oct-24,GDS,4.Essential,Modified,3-Oct-24,1,132.52,132.52,0,1. Before a week,Thursday,4
RES014040,7-Oct-24,At the hotel,4.Essential,Modified,10-Oct-24,1,159,159,3,1. Before a week,Thursday,4
RES014047,8-Oct-24,Phone,4.Essential,Modified,13-Oct-24,1,129.02,129.02,5,1. Before a week,Sunday,0
RES014078,9-Sep-24,App,4.Essential,Modified,13-Sep-24,1,138.54,138.54,4,1. Before a week,Friday,5
RES014079,14-Sep-24,App,4.Essential,Modified,15-Sep-24,1,125.4,125.4,1,1. Before a week,Sunday,0
RES014106,27-Oct-24,App,4.Essential,Modified,27-Oct-24,1,110.84,110.84,0,1. Before a week,Sunday,0
RES014107,28-Sep-24,At the hotel,4.Essential,Modified,1-Oct-24,1,157.57,157.57,3,1. Before a week,Tuesday,2
RES014144,16-Sep-24,Phone,4.Essential,Modified,17-Sep-24,1,189.09,189.09,1,1. Before a week,Tuesday,2
RES014155,1-Sep-24,Velora.com,4.Essential,Modified,5-Sep-24,1,251.34,251.34,4,1. Before a week,Thursday,4
RES014168,13-Sep-24,Phone,4.Essential,Modified,15-Sep-24,1,194.98,194.98,2,1. Before a week,Sunday,0
RES014204,4-Oct-24,At the hotel,4.Essential,Modified,4-Oct-24,1,135.05,135.05,0,1. Before a week,Friday,5
RES014205,2-Sep-24,At the hotel,4.Essential,Modified,3-Sep-24,1,183.72,183.72,1,1. Before a week,Tuesday,2
RES014222,14-Sep-24,At the hotel,4.Essential,Modified,15-Sep-24,1,128.74,128.74,1,1. Before a week,Sunday,0
RES014242,15-Sep-24,Velora.com,4.Essential,Modified,16-Sep-24,1,213.4,213.4,1,1. Before a week,Monday,1
RES014261,28-Sep-24,App,4.Essential,Modified,28-Sep-24,1,138.37,138.37,0,1. Before a week,Saturday,6
RES014282,18-Oct-24,Connected Wholesaler,4.Essential,Modified,21-Oct-24,1,129.88,129.88,3,1. Before a week,Monday,1
RES014299,13-Oct-24,App,4.Essential,Modified,14-Oct-24,1,150.6,150.6,1,1. Before a week,Monday,1
RES014303,14-Oct-24,GDS,4.Essential,Modified,16-Oct-24,1,138.55,138.55,2,1. Before a week,Wednesday,3
RES014318,17-Oct-24,Phone,4.Essential,Modified,21-Oct-24,1,134.54,134.54,4,1. Before a week,Monday,1
RES014329,6-Sep-24,Velora.com,4.Essential,Modified,9-Sep-24,1,167.08,167.08,3,1. Before a week,Monday,1
RES014352,27-Oct-24,Phone,4.Essential,Modified,29-Oct-24,1,181.16,181.16,2,1. Before a week,Tuesday,2
RES014358,5-Sep-24,At the hotel,4.Essential,Modified,6-Sep-24,1,81.39,81.39,1,1. Before a week,Friday,5
RES014467,7-Sep-24,GDS,4.Essential,Modified,9-Sep-24,1,122.88,122.88,2,1. Before a week,Monday,1
RES014470,5-Sep-24,Velora.com,4.Essential,Modified,6-Sep-24,1,129.19,129.19,1,1. Before a week,Friday,5
RES014472,13-Sep-24,App,4.Essential,Modified,14-Sep-24,1,149.52,149.52,1,1. Before a week,Saturday,6
RES014479,19-Oct-24,GDS,4.Essential,Modified,19-Oct-24,1,138.67,138.67,0,1. Before a week,Saturday,6
RES014497,11-Sep-24,Phone,4.Essential,Modified,18-Sep-24,1,333,333,7,1. Before a week,Wednesday,3
RES014508,24-Sep-24,App,4.Essential,Modified,27-Sep-24,1,121.14,121.14,3,1. Before a week,Friday,5
RES014523,16-Oct-24,Connected Wholesaler,4.Essential,Modified,23-Oct-24,1,134.81,134.81,7,1. Before a week,Wednesday,3
RES014533,5-Oct-24,At the hotel,4.Essential,Modified,5-Oct-24,1,104.87,104.87,0,1. Before a week,Saturday,6
RES014534,19-Oct-24,App,4.Essential,Modified,19-Oct-24,1,126.5,126.5,0,1. Before a week,Saturday,6
RES014590,28-Oct-24,App,4.Essential,Modified,30-Oct-24,1,126.5,126.5,2,1. Before a week,Wednesday,3
RES014595,21-Oct-24,At the hotel,4.Essential,Modified,26-Oct-24,1,0,0,5,1. Before a week,Saturday,6
RES014626,16-Oct-24,At the hotel,4.Essential,Modified,16-Oct-24,1,0,0,0,1. Before a week,Wednesday,3
RES014682,24-Oct-24,Phone,4.Essential,Modified,28-Oct-24,1,150.59,150.59,4,1. Before a week,Monday,1
RES009820,5-Sep-24,Phone,5.Preferred,Modified,19-Sep-24,1,35.73,35.73,14,2. Before 2 weeks,Thursday,4
RES009992,24-Sep-24,Phone,3.Premier,Modified,1-Oct-24,1,163.51,163.51,7,1. Before a week,Tuesday,2
RES010056,4-Aug-24,App,5.Preferred,Modified,13-Sep-24,1,108.84,108.84,40,4. More than 4 weeks,Friday,5
RES010058,3-Oct-24,App,6.Select,Modified,3-Oct-24,1,195.05,195.05,0,1. Before a week,Thursday,4
RES010101,6-Sep-24,Phone,6.Select,Modified,30-Oct-24,1,208.8,208.8,54,4. More than 4 weeks,Wednesday,3
RES010170,26-Sep-24,Phone,5.Preferred,Modified,1-Oct-24,1,158.77,158.77,5,1. Before a week,Tuesday,2
RES010241,1-Sep-24,Phone,5.Preferred,Modified,25-Sep-24,1,182.46,182.46,24,3. Before 4 weeks,Wednesday,3
RES010302,30-Sep-24,Phone,3.Premier,Modified,10-Oct-24,1,187.95,187.95,10,2. Before 2 weeks,Thursday,4
RES010306,3-Jul-24,Phone,3.Premier,Modified,7-Sep-24,1,160.24,160.24,66,4. More than 4 weeks,Saturday,6
RES010308,20-Sep-24,Phone,2.Elite,Modified,3-Oct-24,1,33.78,33.78,13,2. Before 2 weeks,Thursday,4
RES010707,11-Sep-24,Phone,5.Preferred,Modified,1-Oct-24,1,177.09,177.09,20,3. Before 4 weeks,Tuesday,2
RES010944,20-Aug-24,Phone,6.Select,Modified,6-Oct-24,1,196.16,196.16,47,4. More than 4 weeks,Sunday,0
RES011000,24-Sep-24,Phone,6.Select,Modified,30-Oct-24,1,132.64,132.64,36,4. More than 4 weeks,Wednesday,3
RES011033,25-Aug-24,Phone,3.Premier,Modified,11-Sep-24,1,163.85,163.85,17,3. Before 4 weeks,Wednesday,3
RES011058,13-Sep-24,Phone,3.Premier,Modified,5-Oct-24,1,134.4,134.4,22,3. Before 4 weeks,Saturday,6
RES011080,27-Sep-24,Phone,5.Preferred,Modified,5-Oct-24,1,128.91,128.91,8,2. Before 2 weeks,Saturday,6
RES011088,20-Aug-24,Phone,3.Premier,Modified,28-Sep-24,1,174.7,174.7,39,4. More than 4 weeks,Saturday,6
RES011123,7-Sep-24,Phone,6.Select,Modified,9-Sep-24,1,33.78,33.78,2,1. Before a week,Monday,1
RES011160,27-Sep-24,Phone,3.Premier,Modified,15-Oct-24,1,157.83,157.83,18,3. Before 4 weeks,Tuesday,2
RES011231,30-Sep-24,Phone,3.Premier,Modified,3-Oct-24,1,153.6,153.6,3,1. Before a week,Thursday,4
RES011397,6-Sep-24,Phone,5.Preferred,Modified,21-Sep-24,1,188.62,188.62,15,3. Before 4 weeks,Saturday,6
RES011398,17-Aug-24,Phone,3.Premier,Modified,1-Oct-24,1,59.34,59.34,45,4. More than 4 weeks,Tuesday,2
RES011419,21-Aug-24,Phone,6.Select,Modified,7-Oct-24,1,170.86,170.86,47,4. More than 4 weeks,Monday,1
RES011441,25-Aug-24,Phone,2.Elite,Modified,19-Sep-24,1,114.11,114.11,25,3. Before 4 weeks,Thursday,4
RES011592,7-Sep-24,Phone,3.Premier,Modified,16-Sep-24,1,212.52,212.52,9,2. Before 2 weeks,Monday,1
RES011661,22-Sep-24,Phone,6.Select,Modified,19-Oct-24,1,162.78,162.78,27,3. Before 4 weeks,Saturday,6
RES011715,29-Oct-24,Phone,6.Select,Modified,31-Oct-24,1,139.76,139.76,2,1. Before a week,Thursday,4
RES011744,9-Sep-24,Phone,5.Preferred,Modified,12-Sep-24,1,125.99,125.99,3,1. Before a week,Thursday,4
RES011759,13-Sep-24,Phone,3.Premier,Modified,28-Oct-24,1,162.78,162.78,45,4. More than 4 weeks,Monday,1
RES011814,10-Oct-24,App,5.Preferred,Modified,19-Oct-24,1,132.85,132.85,9,2. Before 2 weeks,Saturday,6
RES011824,21-Sep-24,Phone,6.Select,Modified,26-Sep-24,1,258.69,258.69,5,1. Before a week,Thursday,4
RES011928,20-Sep-24,Connected Wholesaler,6.Select,Modified,20-Sep-24,1,76.63,76.63,0,1. Before a week,Friday,5
RES011988,11-Sep-24,Connected Wholesaler,6.Select,Modified,13-Sep-24,1,174.04,174.04,2,1. Before a week,Friday,5
RES012034,8-Oct-24,Phone,5.Preferred,Modified,10-Oct-24,1,118.07,118.07,2,1. Before a week,Thursday,4
RES012085,21-Jul-24,Phone,5.Preferred,Modified,20-Sep-24,1,135.47,135.47,61,4. More than 4 weeks,Friday,5
RES012120,19-Sep-24,Phone,5.Preferred,Modified,23-Sep-24,1,145.78,145.78,4,1. Before a week,Monday,1
RES012134,20-Sep-24,Phone,3.Premier,Modified,6-Oct-24,1,143.37,143.37,16,3. Before 4 weeks,Sunday,0
RES012538,3-Oct-24,Phone,1.Iconic,Modified,23-Oct-24,1,186.5,186.5,20,3. Before 4 weeks,Wednesday,3
RES012547,18-Oct-24,Phone,6.Select,Modified,25-Oct-24,1,139.51,139.51,7,1. Before a week,Friday,5
RES012580,14-Oct-24,App,6.Select,Modified,14-Oct-24,1,254.6,254.6,0,1. Before a week,Monday,1
RES012585,3-Sep-24,Phone,1.Iconic,Modified,30-Oct-24,1,162.63,162.63,57,4. More than 4 weeks,Wednesday,3
RES012770,10-Sep-24,Phone,3.Premier,Modified,16-Sep-24,1,111.02,111.02,6,1. Before a week,Monday,1
RES012794,12-Oct-24,Phone,5.Preferred,Modified,14-Oct-24,1,168.81,168.81,2,1. Before a week,Monday,1
RES013068,20-Aug-24,Phone,6.Select,Modified,15-Sep-24,1,236.34,236.34,26,3. Before 4 weeks,Sunday,0
RES013187,6-Oct-24,App,5.Preferred,Modified,7-Oct-24,1,189.3,189.3,1,1. Before a week,Monday,1
RES013196,1-Oct-24,App,6.Select,Modified,3-Oct-24,1,146.29,146.29,2,1. Before a week,Thursday,4
RES013226,26-Sep-24,Phone,5.Preferred,Modified,30-Sep-24,1,156.3,156.3,4,1. Before a week,Monday,1
RES013249,22-Oct-24,Phone,5.Preferred,Modified,22-Oct-24,1,109.09,109.09,0,1. Before a week,Tuesday,2
RES013260,6-Oct-24,Phone,5.Preferred,Modified,13-Oct-24,1,146.39,146.39,7,1. Before a week,Sunday,0
RES013525,25-Sep-24,Phone,1.Iconic,Modified,27-Sep-24,1,114.46,114.46,2,1. Before a week,Friday,5
RES014066,3-Oct-24,Phone,6.Select,Modified,6-Oct-24,1,142.12,142.12,3,1. Before a week,Sunday,0
RES014134,1-Oct-24,Phone,6.Select,Modified,5-Oct-24,1,33.78,33.78,4,1. Before a week,Saturday,6
RES014249,24-Oct-24,Phone,6.Select,Modified,25-Oct-24,1,140.24,140.24,1,1. Before a week,Friday,5
RES014257,4-Oct-24,Phone,5.Preferred,Modified,24-Oct-24,1,147.47,147.47,20,3. Before 4 weeks,Thursday,4
RES014266,30-Aug-24,Phone,3.Premier,Modified,28-Oct-24,1,154.8,154.8,59,4. More than 4 weeks,Monday,1
RES014353,29-Jul-24,Phone,5.Preferred,Modified,22-Sep-24,1,150.73,150.73,55,4. More than 4 weeks,Sunday,0
RES014361,8-Oct-24,Phone,5.Preferred,Modified,13-Oct-24,1,152.52,152.52,5,1. Before a week,Sunday,0
RES014720,6-Aug-24,Other,5.Preferred,Modified,24-Sep-24,1,175.9,175.9,49,4. More than 4 weeks,Tuesday,2
RES009744,22-Sep-24,At the hotel,3.Premier,Modified,8-Oct-24,1,161,161,16,3. Before 4 weeks,Tuesday,2
RES009857,4-Sep-24,At the hotel,2.Elite,Modified,5-Sep-24,1,179.24,179.24,1,1. Before a week,Thursday,4
RES009871,19-Sep-24,At the hotel,2.Elite,Modified,26-Sep-24,1,151.93,151.93,7,1. Before a week,Thursday,4
RES009963,7-Jun-24,At the hotel,1.Iconic,Modified,6-Oct-24,1,101.21,101.21,121,4. More than 4 weeks,Sunday,0
RES010232,25-May-24,At the hotel,1.Iconic,Modified,23-Sep-24,1,139.76,139.76,121,4. More than 4 weeks,Monday,1
RES010274,13-Sep-24,At the hotel,2.Elite,Modified,14-Sep-24,1,0,0,1,1. Before a week,Saturday,6
RES010500,23-Sep-24,At the hotel,1.Iconic,Modified,24-Sep-24,1,114.8,114.8,1,1. Before a week,Tuesday,2
RES010545,17-Sep-24,At the hotel,3.Premier,Modified,26-Sep-24,1,101.2,101.2,9,2. Before 2 weeks,Thursday,4
RES010658,21-Sep-24,At the hotel,1.Iconic,Modified,22-Sep-24,1,114.8,114.8,1,1. Before a week,Sunday,0
RES010659,6-Sep-24,At the hotel,2.Elite,Modified,21-Sep-24,1,138.67,138.67,15,3. Before 4 weeks,Saturday,6
RES010815,12-Feb-24,At the hotel,1.Iconic,Modified,12-Oct-24,1,87.2,87.2,243,4. More than 4 weeks,Saturday,6
RES010825,17-Oct-24,At the hotel,6.Select,Modified,18-Oct-24,1,33.94,33.94,1,1. Before a week,Friday,5
RES010974,3-Oct-24,At the hotel,5.Preferred,Modified,3-Oct-24,1,141.68,141.68,0,1. Before a week,Thursday,4
RES011007,26-Oct-24,At the hotel,1.Iconic,Modified,27-Oct-24,1,114.8,114.8,1,1. Before a week,Sunday,0
RES011027,19-Oct-24,At the hotel,6.Select,Modified,1-Nov-24,1,183.11,183.11,13,2. Before 2 weeks,Friday,5
RES011032,5-Jul-24,At the hotel,1.Iconic,Modified,29-Sep-24,1,113.35,113.35,86,4. More than 4 weeks,Sunday,0
RES011211,10-May-24,At the hotel,1.Iconic,Modified,25-Sep-24,1,112.05,112.05,138,4. More than 4 weeks,Wednesday,3
RES011302,7-Oct-24,At the hotel,5.Preferred,Modified,10-Oct-24,1,178.7,178.7,3,1. Before a week,Thursday,4
RES011371,26-Jun-24,At the hotel,5.Preferred,Modified,1-Oct-24,1,188.54,188.54,97,4. More than 4 weeks,Tuesday,2
RES011421,3-Aug-24,At the hotel,1.Iconic,Modified,2-Oct-24,1,105.42,105.42,60,4. More than 4 weeks,Wednesday,3
RES011479,28-Sep-24,At the hotel,1.Iconic,Modified,2-Oct-24,1,545.02,545.02,4,1. Before a week,Wednesday,3
RES011718,7-Oct-24,At the hotel,3.Premier,Modified,9-Oct-24,1,111.18,111.18,2,1. Before a week,Wednesday,3
RES011779,24-Aug-24,At the hotel,3.Premier,Modified,25-Sep-24,1,152.72,152.72,32,4. More than 4 weeks,Wednesday,3
RES011878,25-Sep-24,At the hotel,5.Preferred,Modified,18-Oct-24,1,159.03,159.03,23,3. Before 4 weeks,Friday,5
RES011994,12-Oct-24,At the hotel,6.Select,Modified,26-Oct-24,1,152.72,152.72,14,2. Before 2 weeks,Saturday,6
RES012063,30-Mar-24,At the hotel,1.Iconic,Modified,29-Oct-24,1,101.98,101.98,213,4. More than 4 weeks,Tuesday,2
RES012153,2-May-24,At the hotel,1.Iconic,Modified,30-Sep-24,1,140.6,140.6,151,4. More than 4 weeks,Monday,1
RES012243,27-Apr-24,At the hotel,1.Iconic,Modified,9-Sep-24,1,86.02,86.02,135,4. More than 4 weeks,Monday,1
RES012263,15-Oct-24,At the hotel,6.Select,Modified,16-Oct-24,1,156.36,156.36,1,1. Before a week,Wednesday,3
RES012274,24-Aug-24,At the hotel,1.Iconic,Modified,23-Oct-24,1,105.42,105.42,60,4. More than 4 weeks,Wednesday,3
RES012325,14-Sep-24,At the hotel,5.Preferred,Modified,29-Sep-24,1,151.79,151.79,15,3. Before 4 weeks,Sunday,0
RES012360,24-May-24,At the hotel,1.Iconic,Modified,6-Oct-24,1,86.02,86.02,135,4. More than 4 weeks,Sunday,0
RES012383,27-Oct-24,At the hotel,2.Elite,Modified,27-Oct-24,1,110.79,110.79,0,1. Before a week,Sunday,0
RES012394,12-Oct-24,At the hotel,2.Elite,Modified,22-Oct-24,1,151.93,151.93,10,2. Before 2 weeks,Tuesday,2
RES012410,16-Oct-24,At the hotel,2.Elite,Modified,20-Oct-24,1,151.8,151.8,4,1. Before a week,Sunday,0
RES012412,8-Oct-24,At the hotel,2.Elite,Modified,10-Oct-24,1,180.48,180.48,2,1. Before a week,Thursday,4
RES012427,10-Sep-24,At the hotel,3.Premier,Modified,25-Sep-24,1,162.78,162.78,15,3. Before 4 weeks,Wednesday,3
RES012482,11-Aug-24,At the hotel,1.Iconic,Modified,10-Oct-24,1,105.42,105.42,60,4. More than 4 weeks,Thursday,4
RES012579,30-Sep-24,At the hotel,3.Premier,Modified,4-Oct-24,1,108.73,108.73,4,1. Before a week,Friday,5
RES012695,20-Aug-24,At the hotel,6.Select,Modified,14-Sep-24,1,140.38,140.38,25,3. Before 4 weeks,Saturday,6
RES012728,27-Aug-24,At the hotel,1.Iconic,Modified,26-Oct-24,1,105.42,105.42,60,4. More than 4 weeks,Saturday,6
RES012815,19-Sep-24,At the hotel,3.Premier,Modified,7-Oct-24,1,110.32,110.32,18,3. Before 4 weeks,Monday,1
RES012859,16-Oct-24,At the hotel,1.Iconic,Modified,16-Oct-24,1,136.6,136.6,0,1. Before a week,Wednesday,3
RES012885,30-Apr-24,At the hotel,1.Iconic,Modified,15-Sep-24,1,112.05,112.05,138,4. More than 4 weeks,Sunday,0
RES012916,15-Feb-24,At the hotel,1.Iconic,Modified,29-Sep-24,1,86.54,86.54,227,4. More than 4 weeks,Sunday,0
RES013069,18-May-24,At the hotel,1.Iconic,Modified,3-Oct-24,1,112.05,112.05,138,4. More than 4 weeks,Thursday,4
RES013074,26-Sep-24,At the hotel,6.Select,Modified,3-Oct-24,1,144.28,144.28,7,1. Before a week,Thursday,4
RES013247,28-Feb-24,At the hotel,1.Iconic,Modified,28-Sep-24,1,101.98,101.98,213,4. More than 4 weeks,Saturday,6
RES013308,15-Sep-24,At the hotel,5.Preferred,Modified,17-Sep-24,1,198.84,198.84,2,1. Before a week,Tuesday,2
RES013509,12-Sep-24,At the hotel,5.Preferred,Modified,13-Sep-24,1,0,0,1,1. Before a week,Friday,5
RES013523,4-Oct-24,At the hotel,5.Preferred,Modified,20-Oct-24,1,33.66,33.66,16,3. Before 4 weeks,Sunday,0
RES013546,6-May-24,At the hotel,1.Iconic,Modified,4-Oct-24,1,140.6,140.6,151,4. More than 4 weeks,Friday,5
RES013568,17-Sep-24,At the hotel,3.Premier,Modified,27-Sep-24,1,60.24,60.24,10,2. Before 2 weeks,Friday,5
RES013725,25-Sep-24,At the hotel,1.Iconic,Modified,11-Oct-24,1,246.41,246.41,16,3. Before 4 weeks,Friday,5
RES013728,9-Sep-24,At the hotel,5.Preferred,Modified,9-Sep-24,1,297.83,297.83,0,1. Before a week,Monday,1
RES013834,21-Sep-24,At the hotel,5.Preferred,Modified,22-Sep-24,1,126.5,126.5,1,1. Before a week,Sunday,0
RES013839,12-Oct-24,At the hotel,2.Elite,Modified,21-Oct-24,1,151.8,151.8,9,2. Before 2 weeks,Monday,1
RES013888,19-Sep-24,At the hotel,5.Preferred,Modified,4-Oct-24,1,151.79,151.79,15,3. Before 4 weeks,Friday,5
RES013932,15-Mar-24,At the hotel,1.Iconic,Modified,14-Oct-24,1,101.98,101.98,213,4. More than 4 weeks,Monday,1
RES013943,8-Oct-24,At the hotel,6.Select,Modified,12-Oct-24,1,150.3,150.3,4,1. Before a week,Saturday,6
RES014210,7-Oct-24,At the hotel,3.Premier,Modified,22-Oct-24,1,162.78,162.78,15,3. Before 4 weeks,Tuesday,2
RES014248,19-Jul-24,At the hotel,5.Preferred,Modified,2-Sep-24,1,151.51,151.51,45,4. More than 4 weeks,Monday,1
RES014415,9-Jul-24,At the hotel,1.Iconic,Modified,10-Sep-24,1,133.84,133.84,63,4. More than 4 weeks,Tuesday,2
RES014510,15-Aug-24,At the hotel,6.Select,Modified,16-Sep-24,1,151.8,151.8,32,4. More than 4 weeks,Monday,1
RES014564,17-Aug-24,At the hotel,1.Iconic,Modified,16-Oct-24,1,105.42,105.42,60,4. More than 4 weeks,Wednesday,3
RES014600,16-Jun-24,At the hotel,1.Iconic,Modified,1-Nov-24,1,112.05,112.05,138,4. More than 4 weeks,Friday,5
RES014623,25-Apr-24,At the hotel,1.Iconic,Modified,10-Sep-24,1,112.05,112.05,138,4. More than 4 weeks,Tuesday,2
RES009743,22-Jun-24,GDS,3.Premier,Modified,16-Oct-24,1,134.34,134.34,116,4. More than 4 weeks,Wednesday,3
RES009773,19-Jul-24,GDS,6.Select,Modified,10-Oct-24,1,219.11,219.11,83,4. More than 4 weeks,Thursday,4
RES009785,23-Sep-24,GDS,6.Select,Modified,25-Sep-24,1,156.62,156.62,2,1. Before a week,Wednesday,3
RES009795,23-Oct-24,GDS,2.Elite,Modified,24-Oct-24,1,112.65,112.65,1,1. Before a week,Thursday,4
RES009814,3-Oct-24,GDS,6.Select,Modified,7-Oct-24,1,194.63,194.63,4,1. Before a week,Monday,1
RES009827,19-Aug-24,GDS,3.Premier,Modified,11-Oct-24,1,141.5,141.5,53,4. More than 4 weeks,Friday,5
RES009831,17-Apr-24,GDS,3.Premier,Modified,26-Sep-24,1,195.78,195.78,162,4. More than 4 weeks,Thursday,4
RES009885,12-Sep-24,GDS,2.Elite,Modified,16-Sep-24,1,126.5,126.5,4,1. Before a week,Monday,1
RES009889,7-Aug-24,GDS,5.Preferred,Modified,1-Oct-24,1,141.61,141.61,55,4. More than 4 weeks,Tuesday,2
RES009952,4-Oct-24,GDS,3.Premier,Modified,16-Oct-24,1,53.01,53.01,12,2. Before 2 weeks,Wednesday,3
RES009955,20-Sep-24,GDS,3.Premier,Modified,24-Sep-24,1,169.63,169.63,4,1. Before a week,Tuesday,2
RES010060,9-Sep-24,GDS,3.Premier,Modified,21-Oct-24,1,133.33,133.33,42,4. More than 4 weeks,Monday,1
RES010084,17-Sep-24,GDS,3.Premier,Modified,31-Oct-24,1,134.34,134.34,44,4. More than 4 weeks,Thursday,4
RES010093,29-Sep-24,GDS,5.Preferred,Modified,3-Oct-24,1,136.96,136.96,4,1. Before a week,Thursday,4
RES010107,28-Jul-24,GDS,5.Preferred,Modified,4-Oct-24,1,146.38,146.38,68,4. More than 4 weeks,Friday,5
RES010109,30-Aug-24,GDS,6.Select,Modified,12-Oct-24,1,114.11,114.11,43,4. More than 4 weeks,Saturday,6
RES010122,3-Oct-24,GDS,5.Preferred,Modified,30-Oct-24,1,166.1,166.1,27,3. Before 4 weeks,Wednesday,3
RES010133,20-Sep-24,GDS,3.Premier,Modified,8-Oct-24,1,130.5,130.5,18,3. Before 4 weeks,Tuesday,2
RES010175,25-Oct-24,GDS,6.Select,Modified,31-Oct-24,1,186.9,186.9,6,1. Before a week,Thursday,4
RES010205,9-Oct-24,GDS,2.Elite,Modified,15-Oct-24,1,302.92,302.92,6,1. Before a week,Tuesday,2
RES010209,14-Aug-24,GDS,2.Elite,Modified,25-Sep-24,1,174.68,174.68,42,4. More than 4 weeks,Wednesday,3
RES010256,8-Oct-24,GDS,5.Preferred,Modified,9-Oct-24,1,112.65,112.65,1,1. Before a week,Wednesday,3
RES010260,3-Oct-24,GDS,2.Elite,Modified,9-Oct-24,1,112.65,112.65,6,1. Before a week,Wednesday,3
RES010266,19-Jul-24,GDS,5.Preferred,Modified,17-Sep-24,1,249.37,249.37,60,4. More than 4 weeks,Tuesday,2
RES010350,14-Jul-24,GDS,6.Select,Modified,25-Sep-24,1,295.15,295.15,73,4. More than 4 weeks,Wednesday,3
RES010351,20-Sep-24,GDS,5.Preferred,Modified,23-Sep-24,1,192.37,192.37,3,1. Before a week,Monday,1
RES010379,12-Sep-24,GDS,6.Select,Modified,23-Sep-24,1,112.05,112.05,11,2. Before 2 weeks,Monday,1
RES010490,16-Oct-24,GDS,5.Preferred,Modified,23-Oct-24,1,247.62,247.62,7,1. Before a week,Wednesday,3
RES010504,26-Oct-24,GDS,2.Elite,Modified,30-Oct-24,1,122.89,122.89,4,1. Before a week,Wednesday,3
RES010562,8-Oct-24,GDS,5.Preferred,Modified,12-Oct-24,1,128,128,4,1. Before a week,Saturday,6
RES010606,18-Sep-24,GDS,3.Premier,Modified,23-Sep-24,1,145.33,145.33,5,1. Before a week,Monday,1
RES010607,20-Sep-24,GDS,6.Select,Modified,21-Sep-24,1,156,156,1,1. Before a week,Saturday,6
RES010630,16-Oct-24,GDS,6.Select,Modified,17-Oct-24,1,96.97,96.97,1,1. Before a week,Thursday,4
RES010651,13-Jun-24,GDS,1.Iconic,Modified,25-Sep-24,1,133.33,133.33,104,4. More than 4 weeks,Wednesday,3
RES010678,16-Sep-24,GDS,5.Preferred,Modified,18-Sep-24,1,138.55,138.55,2,1. Before a week,Wednesday,3
RES010704,24-Aug-24,GDS,3.Premier,Modified,14-Sep-24,1,246.66,246.66,21,3. Before 4 weeks,Saturday,6
RES010710,4-Sep-24,GDS,2.Elite,Modified,22-Sep-24,1,107.53,107.53,18,3. Before 4 weeks,Sunday,0
RES010712,10-Oct-24,GDS,5.Preferred,Modified,31-Oct-24,1,171.22,171.22,21,3. Before 4 weeks,Thursday,4
RES010713,4-Oct-24,GDS,6.Select,Modified,6-Oct-24,1,160.92,160.92,2,1. Before a week,Sunday,0
RES010720,18-Sep-24,GDS,3.Premier,Modified,6-Oct-24,1,130.5,130.5,18,3. Before 4 weeks,Sunday,0
RES010766,25-Sep-24,GDS,3.Premier,Modified,3-Oct-24,1,152.66,152.66,8,2. Before 2 weeks,Thursday,4
RES010772,7-Aug-24,GDS,5.Preferred,Modified,16-Oct-24,1,161.21,161.21,70,4. More than 4 weeks,Wednesday,3
RES010780,23-Sep-24,GDS,6.Select,Modified,28-Sep-24,1,130.23,130.23,5,1. Before a week,Saturday,6
RES010786,14-Oct-24,GDS,2.Elite,Modified,20-Oct-24,1,105.47,105.47,6,1. Before a week,Sunday,0
RES010789,10-Oct-24,GDS,6.Select,Modified,27-Oct-24,1,112.05,112.05,17,3. Before 4 weeks,Sunday,0
RES010839,14-Aug-24,GDS,2.Elite,Modified,23-Sep-24,1,210.11,210.11,40,4. More than 4 weeks,Monday,1
RES010844,24-Sep-24,GDS,3.Premier,Modified,7-Oct-24,1,145.99,145.99,13,2. Before 2 weeks,Monday,1
RES010855,12-Sep-24,GDS,6.Select,Modified,16-Sep-24,1,112.05,112.05,4,1. Before a week,Monday,1
RES010908,10-Oct-24,GDS,3.Premier,Modified,13-Oct-24,1,129.4,129.4,3,1. Before a week,Sunday,0
RES010910,18-Oct-24,GDS,6.Select,Modified,22-Oct-24,1,158.79,158.79,4,1. Before a week,Tuesday,2
RES010928,26-Sep-24,GDS,2.Elite,Modified,1-Oct-24,1,123.71,123.71,5,1. Before a week,Tuesday,2
RES010929,27-Sep-24,GDS,6.Select,Modified,2-Oct-24,1,185.03,185.03,5,1. Before a week,Wednesday,3
RES010949,1-Oct-24,GDS,6.Select,Modified,23-Oct-24,1,207.27,207.27,22,3. Before 4 weeks,Wednesday,3
RES010966,11-Aug-24,GDS,1.Iconic,Modified,22-Sep-24,1,132.52,132.52,42,4. More than 4 weeks,Sunday,0
RES010972,21-Aug-24,GDS,5.Preferred,Modified,26-Oct-24,1,190.35,190.35,66,4. More than 4 weeks,Saturday,6
RES011089,24-Sep-24,GDS,2.Elite,Modified,25-Sep-24,1,187.77,187.77,1,1. Before a week,Wednesday,3
RES011106,13-Oct-24,GDS,2.Elite,Modified,22-Oct-24,1,108.18,108.18,9,2. Before 2 weeks,Tuesday,2
RES011108,28-Aug-24,GDS,3.Premier,Modified,10-Sep-24,1,128.79,128.79,13,2. Before 2 weeks,Tuesday,2
RES011126,5-Sep-24,GDS,6.Select,Modified,9-Sep-24,1,133.13,133.13,4,1. Before a week,Monday,1
RES011185,6-Sep-24,GDS,3.Premier,Modified,24-Sep-24,1,192.37,192.37,18,3. Before 4 weeks,Tuesday,2
RES011208,10-Oct-24,GDS,5.Preferred,Modified,16-Oct-24,1,116.79,116.79,6,1. Before a week,Wednesday,3
RES011220,29-Sep-24,GDS,6.Select,Modified,3-Oct-24,1,208.45,208.45,4,1. Before a week,Thursday,4
RES011253,6-Oct-24,GDS,5.Preferred,Modified,18-Oct-24,1,231.92,231.92,12,2. Before 2 weeks,Friday,5
RES011267,1-Oct-24,GDS,5.Preferred,Modified,9-Oct-24,1,117.89,117.89,8,2. Before 2 weeks,Wednesday,3
RES011279,27-Sep-24,GDS,1.Iconic,Modified,28-Sep-24,1,120.48,120.48,1,1. Before a week,Saturday,6
RES011281,16-Aug-24,GDS,5.Preferred,Modified,15-Oct-24,1,82.6,82.6,60,4. More than 4 weeks,Tuesday,2
RES011297,29-Sep-24,GDS,2.Elite,Modified,3-Oct-24,1,117.74,117.74,4,1. Before a week,Thursday,4
RES011330,29-Jul-24,GDS,6.Select,Modified,3-Oct-24,1,147.11,147.11,66,4. More than 4 weeks,Thursday,4
RES011382,12-Sep-24,GDS,5.Preferred,Modified,29-Sep-24,1,141.8,141.8,17,3. Before 4 weeks,Sunday,0
RES011385,24-Oct-24,GDS,2.Elite,Modified,28-Oct-24,1,148.18,148.18,4,1. Before a week,Monday,1
RES011414,9-Sep-24,GDS,3.Premier,Modified,21-Sep-24,1,132.52,132.52,12,2. Before 2 weeks,Saturday,6
RES011417,6-Sep-24,GDS,2.Elite,Modified,10-Sep-24,1,143.37,143.37,4,1. Before a week,Tuesday,2
RES011418,3-Aug-24,GDS,5.Preferred,Modified,17-Sep-24,1,174.09,174.09,45,4. More than 4 weeks,Tuesday,2
RES011461,23-Oct-24,GDS,5.Preferred,Modified,31-Oct-24,1,171.51,171.51,8,2. Before 2 weeks,Thursday,4
RES011468,9-Oct-24,GDS,3.Premier,Modified,23-Oct-24,1,253.51,253.51,14,2. Before 2 weeks,Wednesday,3
RES011520,29-Sep-24,GDS,6.Select,Modified,30-Sep-24,1,118.48,118.48,1,1. Before a week,Monday,1
RES011561,4-Sep-24,GDS,6.Select,Modified,6-Sep-24,1,198.38,198.38,2,1. Before a week,Friday,5
RES011585,7-Jul-24,GDS,2.Elite,Modified,10-Sep-24,1,130.5,130.5,65,4. More than 4 weeks,Tuesday,2
RES011626,2-Sep-24,GDS,5.Preferred,Modified,21-Sep-24,1,126.49,126.49,19,3. Before 4 weeks,Saturday,6
RES011638,9-Oct-24,GDS,2.Elite,Modified,15-Oct-24,1,132.53,132.53,6,1. Before a week,Tuesday,2
RES011665,22-Aug-24,GDS,5.Preferred,Modified,7-Oct-24,1,151.51,151.51,46,4. More than 4 weeks,Monday,1
RES011691,8-Oct-24,GDS,5.Preferred,Modified,9-Oct-24,1,128.74,128.74,1,1. Before a week,Wednesday,3
RES011700,20-Oct-24,GDS,5.Preferred,Modified,23-Oct-24,1,200.29,200.29,3,1. Before a week,Wednesday,3
RES011722,27-Aug-24,GDS,6.Select,Modified,10-Oct-24,1,215.71,215.71,44,4. More than 4 weeks,Thursday,4
RES011743,3-Oct-24,GDS,2.Elite,Modified,30-Oct-24,1,247.62,247.62,27,3. Before 4 weeks,Wednesday,3
RES011833,1-Sep-24,GDS,5.Preferred,Modified,4-Sep-24,1,163.84,163.84,3,1. Before a week,Wednesday,3
RES011918,6-Sep-24,GDS,1.Iconic,Modified,21-Oct-24,1,130.5,130.5,45,4. More than 4 weeks,Monday,1
RES011945,28-Oct-24,GDS,5.Preferred,Modified,31-Oct-24,1,128.72,128.72,3,1. Before a week,Thursday,4
RES011984,9-Sep-24,GDS,1.Iconic,Modified,17-Oct-24,1,141.31,141.31,38,4. More than 4 weeks,Thursday,4
RES012033,25-Jul-24,GDS,6.Select,Modified,24-Sep-24,1,143.95,143.95,61,4. More than 4 weeks,Tuesday,2
RES012067,5-Sep-24,GDS,6.Select,Modified,11-Sep-24,1,82.6,82.6,6,1. Before a week,Wednesday,3
RES012074,7-Oct-24,GDS,5.Preferred,Modified,10-Oct-24,1,120.48,120.48,3,1. Before a week,Thursday,4
RES012132,26-Oct-24,GDS,5.Preferred,Modified,30-Oct-24,1,192.51,192.51,4,1. Before a week,Wednesday,3
RES012148,18-Sep-24,GDS,6.Select,Modified,23-Sep-24,1,117.02,117.02,5,1. Before a week,Monday,1
RES012164,9-Oct-24,GDS,3.Premier,Modified,24-Oct-24,1,162.78,162.78,15,3. Before 4 weeks,Thursday,4
RES012202,31-Aug-24,GDS,3.Premier,Modified,22-Sep-24,1,117.02,117.02,22,3. Before 4 weeks,Sunday,0
RES012252,9-Jul-24,GDS,5.Preferred,Modified,10-Sep-24,1,180.72,180.72,63,4. More than 4 weeks,Tuesday,2
RES012297,27-Aug-24,GDS,5.Preferred,Modified,11-Oct-24,1,105.96,105.96,45,4. More than 4 weeks,Friday,5
RES012307,5-Oct-24,GDS,2.Elite,Modified,7-Oct-24,1,175.75,175.75,2,1. Before a week,Monday,1
RES012373,27-Sep-24,GDS,6.Select,Modified,1-Oct-24,1,112.05,112.05,4,1. Before a week,Tuesday,2
RES012388,19-Aug-24,GDS,6.Select,Modified,2-Sep-24,1,109.09,109.09,14,2. Before 2 weeks,Monday,1
RES012421,26-Sep-24,GDS,2.Elite,Modified,1-Oct-24,1,169.53,169.53,5,1. Before a week,Tuesday,2
RES012456,21-Oct-24,GDS,2.Elite,Modified,23-Oct-24,1,212.81,212.81,2,1. Before a week,Wednesday,3
RES012508,5-Oct-24,GDS,3.Premier,Modified,8-Oct-24,1,117.76,117.76,3,1. Before a week,Tuesday,2
RES012581,12-Oct-24,GDS,2.Elite,Modified,12-Oct-24,1,149.34,149.34,0,1. Before a week,Saturday,6
RES012596,19-Aug-24,GDS,5.Preferred,Modified,23-Sep-24,1,174.33,174.33,35,4. More than 4 weeks,Monday,1
RES012599,24-Sep-24,GDS,5.Preferred,Modified,30-Sep-24,1,107.53,107.53,6,1. Before a week,Monday,1
RES012644,14-Sep-24,GDS,5.Preferred,Modified,24-Oct-24,1,157.52,157.52,40,4. More than 4 weeks,Thursday,4
RES012685,19-Aug-24,GDS,3.Premier,Modified,25-Sep-24,1,130.5,130.5,37,4. More than 4 weeks,Wednesday,3
RES012698,28-Sep-24,GDS,2.Elite,Modified,30-Sep-24,1,153.48,153.48,2,1. Before a week,Monday,1
RES012707,23-Aug-24,GDS,6.Select,Modified,24-Sep-24,1,189.44,189.44,32,4. More than 4 weeks,Tuesday,2
RES012735,28-Aug-24,GDS,3.Premier,Modified,11-Sep-24,1,169.69,169.69,14,2. Before 2 weeks,Wednesday,3
RES012742,10-Sep-24,GDS,6.Select,Modified,25-Sep-24,1,212.12,212.12,15,3. Before 4 weeks,Wednesday,3
RES012774,20-Oct-24,GDS,3.Premier,Modified,24-Oct-24,1,129.52,129.52,4,1. Before a week,Thursday,4
RES012775,23-Oct-24,GDS,6.Select,Modified,30-Oct-24,1,166.09,166.09,7,1. Before a week,Wednesday,3
RES012791,9-Sep-24,GDS,3.Premier,Modified,9-Sep-24,1,112.64,112.64,0,1. Before a week,Monday,1
RES012810,10-Sep-24,GDS,6.Select,Modified,26-Oct-24,1,171.93,171.93,46,4. More than 4 weeks,Saturday,6
RES012813,23-Jul-24,GDS,6.Select,Modified,6-Sep-24,1,141.26,141.26,45,4. More than 4 weeks,Friday,5
RES012827,4-Oct-24,GDS,6.Select,Modified,11-Oct-24,1,132.53,132.53,7,1. Before a week,Friday,5
RES012840,15-Sep-24,GDS,5.Preferred,Modified,17-Sep-24,1,300.8,300.8,2,1. Before a week,Tuesday,2
RES012847,31-Aug-24,GDS,6.Select,Modified,4-Sep-24,1,212.81,212.81,4,1. Before a week,Wednesday,3
RES012849,2-Oct-24,GDS,2.Elite,Modified,2-Oct-24,1,174.7,174.7,0,1. Before a week,Wednesday,3
RES012850,4-Oct-24,GDS,6.Select,Modified,29-Oct-24,1,168.81,168.81,25,3. Before 4 weeks,Tuesday,2
RES012854,6-Sep-24,GDS,6.Select,Modified,20-Oct-24,1,138.25,138.25,44,4. More than 4 weeks,Sunday,0
RES012871,14-Sep-24,GDS,2.Elite,Modified,15-Sep-24,1,112.65,112.65,1,1. Before a week,Sunday,0
RES012880,16-Aug-24,GDS,3.Premier,Modified,3-Oct-24,1,203.54,203.54,48,4. More than 4 weeks,Thursday,4
RES012881,9-Oct-24,GDS,5.Preferred,Modified,27-Oct-24,1,236.12,236.12,18,3. Before 4 weeks,Sunday,0
RES012908,12-Oct-24,GDS,5.Preferred,Modified,22-Oct-24,1,194.6,194.6,10,2. Before 2 weeks,Tuesday,2
RES012949,12-Oct-24,GDS,1.Iconic,Modified,21-Oct-24,1,132.53,132.53,9,2. Before 2 weeks,Monday,1
RES012959,14-Oct-24,GDS,3.Premier,Modified,14-Oct-24,1,134.34,134.34,0,1. Before a week,Monday,1
RES012961,2-Oct-24,GDS,1.Iconic,Modified,18-Oct-24,1,162.65,162.65,16,3. Before 4 weeks,Friday,5
RES012974,20-Oct-24,GDS,3.Premier,Modified,24-Oct-24,1,133.33,133.33,4,1. Before a week,Thursday,4
RES012982,12-Oct-24,GDS,6.Select,Modified,24-Oct-24,1,150.6,150.6,12,2. Before 2 weeks,Thursday,4
RES012990,11-Oct-24,GDS,2.Elite,Modified,22-Oct-24,1,182.99,182.99,11,2. Before 2 weeks,Tuesday,2
RES013017,2-Aug-24,GDS,5.Preferred,Modified,1-Oct-24,1,180.72,180.72,60,4. More than 4 weeks,Tuesday,2
RES013025,7-Sep-24,GDS,2.Elite,Modified,10-Sep-24,1,153.61,153.61,3,1. Before a week,Tuesday,2
RES013072,1-Oct-24,GDS,2.Elite,Modified,7-Oct-24,1,128.12,128.12,6,1. Before a week,Monday,1
RES013113,10-Sep-24,GDS,5.Preferred,Modified,26-Sep-24,1,82.6,82.6,16,3. Before 4 weeks,Thursday,4
RES013128,5-Sep-24,GDS,5.Preferred,Modified,23-Sep-24,1,236.12,236.12,18,3. Before 4 weeks,Monday,1
RES013155,7-Oct-24,GDS,2.Elite,Modified,23-Oct-24,1,228.61,228.61,16,3. Before 4 weeks,Wednesday,3
RES013175,10-Sep-24,GDS,5.Preferred,Modified,20-Sep-24,1,222.59,222.59,10,2. Before 2 weeks,Friday,5
RES013283,2-Jul-24,GDS,5.Preferred,Modified,8-Sep-24,1,151.8,151.8,68,4. More than 4 weeks,Sunday,0
RES013291,10-Sep-24,GDS,3.Premier,Modified,23-Oct-24,1,174.84,174.84,43,4. More than 4 weeks,Wednesday,3
RES013293,10-Aug-24,GDS,2.Elite,Modified,31-Oct-24,1,170.47,170.47,82,4. More than 4 weeks,Thursday,4
RES013294,12-Oct-24,GDS,3.Premier,Modified,22-Oct-24,1,132.53,132.53,10,2. Before 2 weeks,Tuesday,2
RES013301,11-Sep-24,GDS,6.Select,Modified,12-Sep-24,1,126.5,126.5,1,1. Before a week,Thursday,4
RES013314,10-Oct-24,GDS,3.Premier,Modified,16-Oct-24,1,116.58,116.58,6,1. Before a week,Wednesday,3
RES013323,4-Sep-24,GDS,6.Select,Modified,13-Oct-24,1,158.77,158.77,39,4. More than 4 weeks,Sunday,0
RES013375,27-Sep-24,GDS,2.Elite,Modified,30-Sep-24,1,120.48,120.48,3,1. Before a week,Monday,1
RES013422,4-Aug-24,GDS,3.Premier,Modified,11-Sep-24,1,130.5,130.5,38,4. More than 4 weeks,Wednesday,3
RES013442,28-Aug-24,GDS,3.Premier,Modified,10-Sep-24,1,134.34,134.34,13,2. Before 2 weeks,Tuesday,2
RES013451,13-Aug-24,GDS,2.Elite,Modified,4-Sep-24,1,283.63,283.63,22,3. Before 4 weeks,Wednesday,3
RES013484,11-Sep-24,GDS,5.Preferred,Modified,12-Sep-24,1,135.81,135.81,1,1. Before a week,Thursday,4
RES013499,14-Sep-24,GDS,3.Premier,Modified,25-Sep-24,1,133.23,133.23,11,2. Before 2 weeks,Wednesday,3
RES013522,19-Jun-24,GDS,5.Preferred,Modified,13-Sep-24,1,144.59,144.59,86,4. More than 4 weeks,Friday,5
RES013544,24-Oct-24,GDS,6.Select,Modified,28-Oct-24,1,110.84,110.84,4,1. Before a week,Monday,1
RES013590,16-Oct-24,GDS,2.Elite,Modified,27-Oct-24,1,162.31,162.31,11,2. Before 2 weeks,Sunday,0
RES013666,5-Sep-24,GDS,6.Select,Modified,9-Sep-24,1,123.63,123.63,4,1. Before a week,Monday,1
RES013684,10-Aug-24,GDS,5.Preferred,Modified,10-Sep-24,1,145.99,145.99,31,4. More than 4 weeks,Tuesday,2
RES013705,9-Sep-24,GDS,1.Iconic,Modified,24-Oct-24,1,130.5,130.5,45,4. More than 4 weeks,Thursday,4
RES013739,11-Sep-24,GDS,5.Preferred,Modified,23-Sep-24,1,128.74,128.74,12,2. Before 2 weeks,Monday,1
RES013842,9-Sep-24,GDS,3.Premier,Modified,25-Sep-24,1,133.23,133.23,16,3. Before 4 weeks,Wednesday,3
RES013852,30-Aug-24,GDS,6.Select,Modified,19-Sep-24,1,261.33,261.33,20,3. Before 4 weeks,Thursday,4
RES013868,8-Aug-24,GDS,3.Premier,Modified,2-Oct-24,1,133.33,133.33,55,4. More than 4 weeks,Wednesday,3
RES013916,6-Oct-24,GDS,6.Select,Modified,9-Oct-24,1,117.77,117.77,3,1. Before a week,Wednesday,3
RES013922,4-Sep-24,GDS,1.Iconic,Modified,12-Sep-24,1,231.22,231.22,8,2. Before 2 weeks,Thursday,4
RES013939,13-Sep-24,GDS,1.Iconic,Modified,21-Oct-24,1,128.84,128.84,38,4. More than 4 weeks,Monday,1
RES013965,13-Sep-24,GDS,5.Preferred,Modified,18-Sep-24,1,193.94,193.94,5,1. Before a week,Wednesday,3
RES014007,9-Sep-24,GDS,6.Select,Modified,11-Sep-24,1,106.02,106.02,2,1. Before a week,Wednesday,3
RES014009,12-Oct-24,GDS,5.Preferred,Modified,17-Oct-24,1,276.94,276.94,5,1. Before a week,Thursday,4
RES014110,8-Sep-24,GDS,5.Preferred,Modified,18-Sep-24,1,180.74,180.74,10,2. Before 2 weeks,Wednesday,3
RES014124,27-Aug-24,GDS,5.Preferred,Modified,16-Sep-24,1,140.44,140.44,20,3. Before 4 weeks,Monday,1
RES014139,21-Oct-24,GDS,6.Select,Modified,23-Oct-24,1,133.94,133.94,2,1. Before a week,Wednesday,3
RES014143,28-Oct-24,GDS,5.Preferred,Modified,29-Oct-24,1,112.64,112.64,1,1. Before a week,Tuesday,2
RES014151,11-Jul-24,GDS,6.Select,Modified,22-Sep-24,1,148.49,148.49,73,4. More than 4 weeks,Sunday,0
RES014166,8-Oct-24,GDS,5.Preferred,Modified,16-Oct-24,1,204.39,204.39,8,2. Before 2 weeks,Wednesday,3
RES014186,11-Sep-24,GDS,6.Select,Modified,25-Sep-24,1,153.6,153.6,14,2. Before 2 weeks,Wednesday,3
RES014188,17-Sep-24,GDS,3.Premier,Modified,27-Oct-24,1,163.84,163.84,40,4. More than 4 weeks,Sunday,0
RES014198,8-Aug-24,GDS,5.Preferred,Modified,18-Oct-24,1,203.66,203.66,71,4. More than 4 weeks,Friday,5
RES014226,19-Sep-24,GDS,5.Preferred,Modified,24-Sep-24,1,112.65,112.65,5,1. Before a week,Tuesday,2
RES014236,4-Sep-24,GDS,2.Elite,Modified,12-Sep-24,1,125.3,125.3,8,2. Before 2 weeks,Thursday,4
RES014238,10-Oct-24,GDS,5.Preferred,Modified,29-Oct-24,1,159.69,159.69,19,3. Before 4 weeks,Tuesday,2
RES014240,19-Oct-24,GDS,3.Premier,Modified,29-Oct-24,1,106.06,106.06,10,2. Before 2 weeks,Tuesday,2
RES014265,28-Sep-24,GDS,5.Preferred,Modified,3-Oct-24,1,122.13,122.13,5,1. Before a week,Thursday,4
RES014295,4-Jul-24,GDS,5.Preferred,Modified,13-Sep-24,1,203.66,203.66,71,4. More than 4 weeks,Friday,5
RES014384,15-Oct-24,GDS,6.Select,Modified,16-Oct-24,1,138.55,138.55,1,1. Before a week,Wednesday,3
RES014398,25-Sep-24,GDS,3.Premier,Modified,26-Sep-24,1,82.6,82.6,1,1. Before a week,Thursday,4
RES014411,31-Aug-24,GDS,6.Select,Modified,4-Sep-24,1,235.58,235.58,4,1. Before a week,Wednesday,3
RES014420,23-Oct-24,GDS,3.Premier,Modified,31-Oct-24,1,113.33,113.33,8,2. Before 2 weeks,Thursday,4
RES014483,13-Aug-24,GDS,2.Elite,Modified,24-Oct-24,1,162.63,162.63,72,4. More than 4 weeks,Thursday,4
RES014501,21-Oct-24,GDS,5.Preferred,Modified,23-Oct-24,1,134.94,134.94,2,1. Before a week,Wednesday,3
RES014511,20-Oct-24,GDS,3.Premier,Modified,21-Oct-24,1,101.2,101.2,1,1. Before a week,Monday,1
RES014515,15-Sep-24,GDS,5.Preferred,Modified,30-Sep-24,1,212.03,212.03,15,3. Before 4 weeks,Monday,1
RES014550,7-Sep-24,GDS,6.Select,Modified,9-Sep-24,1,154.42,154.42,2,1. Before a week,Monday,1
RES014563,10-Oct-24,GDS,5.Preferred,Modified,11-Oct-24,1,127.27,127.27,1,1. Before a week,Friday,5
RES014566,28-Aug-24,GDS,2.Elite,Modified,10-Sep-24,1,129.52,129.52,13,2. Before 2 weeks,Tuesday,2
RES014574,5-Sep-24,GDS,5.Preferred,Modified,14-Sep-24,1,190.54,190.54,9,2. Before 2 weeks,Saturday,6
RES014577,29-Sep-24,GDS,3.Premier,Modified,4-Oct-24,1,132.53,132.53,5,1. Before a week,Friday,5
RES014583,13-Oct-24,GDS,6.Select,Modified,14-Oct-24,1,128.84,128.84,1,1. Before a week,Monday,1
RES014586,22-Aug-24,GDS,2.Elite,Modified,17-Sep-24,1,194.18,194.18,26,3. Before 4 weeks,Tuesday,2
RES014612,18-Jul-24,GDS,5.Preferred,Modified,10-Sep-24,1,144.24,144.24,54,4. More than 4 weeks,Tuesday,2
RES014615,24-Sep-24,GDS,5.Preferred,Modified,30-Sep-24,1,180.48,180.48,6,1. Before a week,Monday,1
RES014619,15-Oct-24,GDS,2.Elite,Modified,19-Oct-24,1,97.88,97.88,4,1. Before a week,Saturday,6
RES014653,12-Sep-24,GDS,2.Elite,Modified,17-Sep-24,1,126.5,126.5,5,1. Before a week,Tuesday,2
RES014656,22-Sep-24,GDS,6.Select,Modified,19-Oct-24,1,125.52,125.52,27,3. Before 4 weeks,Saturday,6
RES014679,26-Sep-24,GDS,1.Iconic,Modified,2-Oct-24,1,145.59,145.59,6,1. Before a week,Wednesday,3
RES014702,3-Sep-24,GDS,6.Select,Modified,28-Sep-24,1,124.94,124.94,25,3. Before 4 weeks,Saturday,6
RES014712,27-Sep-24,GDS,5.Preferred,Modified,3-Oct-24,1,160.91,160.91,6,1. Before a week,Thursday,4
RES009770,21-Sep-24,Velora.com,6.Select,Modified,22-Oct-24,1,271.2,271.2,31,4. More than 4 weeks,Tuesday,2
RES009844,23-Aug-24,Velora.com,5.Preferred,Modified,13-Sep-24,1,151.51,151.51,21,3. Before 4 weeks,Friday,5
RES009869,11-Sep-24,Velora.com,5.Preferred,Modified,3-Oct-24,1,105.42,105.42,22,3. Before 4 weeks,Thursday,4
RES009884,18-Sep-24,Velora.com,5.Preferred,Modified,6-Oct-24,1,113.51,113.51,18,3. Before 4 weeks,Sunday,0
RES009904,22-Sep-24,Velora.com,3.Premier,Modified,4-Oct-24,1,192.93,192.93,12,2. Before 2 weeks,Friday,5
RES009970,12-Oct-24,Velora.com,1.Iconic,Modified,27-Oct-24,1,112.83,112.83,15,3. Before 4 weeks,Sunday,0
RES010062,9-Aug-24,Velora.com,6.Select,Modified,7-Sep-24,1,191.44,191.44,29,4. More than 4 weeks,Saturday,6
RES010070,4-Sep-24,Velora.com,6.Select,Modified,25-Sep-24,1,182.99,182.99,21,3. Before 4 weeks,Wednesday,3
RES010147,2-Sep-24,Velora.com,3.Premier,Modified,1-Nov-24,1,33.61,33.61,60,4. More than 4 weeks,Friday,5
RES010339,22-Aug-24,Velora.com,3.Premier,Modified,13-Sep-24,1,124.7,124.7,22,3. Before 4 weeks,Friday,5
RES010349,5-Sep-24,Velora.com,6.Select,Modified,16-Oct-24,1,188.91,188.91,41,4. More than 4 weeks,Wednesday,3
RES010354,10-Aug-24,Velora.com,2.Elite,Modified,26-Sep-24,1,141.68,141.68,47,4. More than 4 weeks,Thursday,4
RES010485,13-Sep-24,Velora.com,3.Premier,Modified,13-Oct-24,1,204.54,204.54,30,4. More than 4 weeks,Sunday,0
RES010553,22-Jun-24,Velora.com,5.Preferred,Modified,9-Sep-24,1,138.68,138.68,79,4. More than 4 weeks,Monday,1
RES010629,21-Sep-24,Velora.com,2.Elite,Modified,11-Oct-24,1,181.67,181.67,20,3. Before 4 weeks,Friday,5
RES010652,27-May-24,Velora.com,5.Preferred,Modified,5-Sep-24,1,146.68,146.68,101,4. More than 4 weeks,Thursday,4
RES010700,8-Mar-24,Velora.com,6.Select,Modified,3-Oct-24,1,34.25,34.25,209,4. More than 4 weeks,Thursday,4
RES010701,8-Aug-24,Velora.com,2.Elite,Modified,3-Sep-24,1,188.91,188.91,26,3. Before 4 weeks,Tuesday,2
RES010795,2-Sep-24,Velora.com,5.Preferred,Modified,3-Oct-24,1,103.13,103.13,31,4. More than 4 weeks,Thursday,4
RES010871,26-Sep-24,Velora.com,2.Elite,Modified,6-Oct-24,1,117.51,117.51,10,2. Before 2 weeks,Sunday,0
RES010964,21-Sep-24,Velora.com,5.Preferred,Modified,28-Oct-24,1,122.67,122.67,37,4. More than 4 weeks,Monday,1
RES010998,22-Sep-24,Velora.com,6.Select,Modified,27-Oct-24,1,34.25,34.25,35,4. More than 4 weeks,Sunday,0
RES011012,7-Sep-24,Velora.com,2.Elite,Modified,23-Sep-24,1,60.12,60.12,16,3. Before 4 weeks,Monday,1
RES011020,5-Aug-24,Velora.com,3.Premier,Modified,7-Sep-24,1,120.18,120.18,33,4. More than 4 weeks,Saturday,6
RES011070,29-Aug-24,Velora.com,3.Premier,Modified,27-Sep-24,1,125.99,125.99,29,4. More than 4 weeks,Friday,5
RES011093,10-Aug-24,Velora.com,5.Preferred,Modified,12-Sep-24,1,247.43,247.43,33,4. More than 4 weeks,Thursday,4
RES011098,8-Sep-24,Velora.com,2.Elite,Modified,21-Sep-24,1,114.46,114.46,13,2. Before 2 weeks,Saturday,6
RES011131,14-Oct-24,Velora.com,5.Preferred,Modified,26-Oct-24,1,177.04,177.04,12,2. Before 2 weeks,Saturday,6
RES011209,22-Sep-24,Velora.com,5.Preferred,Modified,19-Oct-24,1,171.46,171.46,27,3. Before 4 weeks,Saturday,6
RES011221,18-Aug-24,Velora.com,3.Premier,Modified,16-Oct-24,1,196.36,196.36,59,4. More than 4 weeks,Wednesday,3
RES011242,31-Aug-24,Velora.com,5.Preferred,Modified,13-Sep-24,1,34.25,34.25,13,2. Before 2 weeks,Friday,5
RES011309,4-Oct-24,Velora.com,6.Select,Modified,14-Oct-24,1,192.75,192.75,10,2. Before 2 weeks,Monday,1
RES011312,14-Sep-24,Velora.com,2.Elite,Modified,24-Sep-24,1,35.73,35.73,10,2. Before 2 weeks,Tuesday,2
RES011338,29-Sep-24,Velora.com,5.Preferred,Modified,14-Oct-24,1,290.77,290.77,15,3. Before 4 weeks,Monday,1
RES011480,5-Sep-24,Velora.com,3.Premier,Modified,13-Sep-24,1,114.53,114.53,8,2. Before 2 weeks,Friday,5
RES011493,18-Aug-24,Velora.com,5.Preferred,Modified,20-Oct-24,1,33.78,33.78,63,4. More than 4 weeks,Sunday,0
RES011511,26-Aug-24,Velora.com,5.Preferred,Modified,12-Oct-24,1,246.08,246.08,47,4. More than 4 weeks,Saturday,6
RES011531,29-Aug-24,Velora.com,6.Select,Modified,25-Oct-24,1,102.22,102.22,57,4. More than 4 weeks,Friday,5
RES011541,27-Aug-24,Velora.com,6.Select,Modified,1-Oct-24,1,183.16,183.16,35,4. More than 4 weeks,Tuesday,2
RES011548,14-Sep-24,Velora.com,3.Premier,Modified,15-Oct-24,1,171.29,171.29,31,4. More than 4 weeks,Tuesday,2
RES011558,29-Aug-24,Velora.com,6.Select,Modified,13-Sep-24,1,72.01,72.01,15,3. Before 4 weeks,Friday,5
RES011563,13-Sep-24,Velora.com,5.Preferred,Modified,6-Oct-24,1,103.13,103.13,23,3. Before 4 weeks,Sunday,0
RES011574,28-Aug-24,Velora.com,5.Preferred,Modified,10-Sep-24,1,131.29,131.29,13,2. Before 2 weeks,Tuesday,2
RES011667,28-Jul-24,Velora.com,5.Preferred,Modified,2-Oct-24,1,134.34,134.34,66,4. More than 4 weeks,Wednesday,3
RES011679,11-Aug-24,Velora.com,6.Select,Modified,10-Sep-24,1,164.77,164.77,30,4. More than 4 weeks,Tuesday,2
RES011704,3-Oct-24,Velora.com,1.Iconic,Modified,14-Oct-24,1,183.95,183.95,11,2. Before 2 weeks,Monday,1
RES011725,7-Sep-24,Velora.com,6.Select,Modified,24-Sep-24,1,165.19,165.19,17,3. Before 4 weeks,Tuesday,2
RES011855,30-Aug-24,Velora.com,3.Premier,Modified,11-Oct-24,1,117.77,117.77,42,4. More than 4 weeks,Friday,5
RES011873,2-Oct-24,Velora.com,3.Premier,Modified,15-Oct-24,1,212.12,212.12,13,2. Before 2 weeks,Tuesday,2
RES011933,7-Oct-24,Velora.com,3.Premier,Modified,16-Oct-24,1,34.25,34.25,9,2. Before 2 weeks,Wednesday,3
RES011937,30-Sep-24,Velora.com,6.Select,Modified,21-Oct-24,1,112.17,112.17,21,3. Before 4 weeks,Monday,1
RES012045,26-Jul-24,Velora.com,5.Preferred,Modified,2-Sep-24,1,33.71,33.71,38,4. More than 4 weeks,Monday,1
RES012162,21-Jun-24,Velora.com,1.Iconic,Modified,6-Sep-24,1,113.31,113.31,77,4. More than 4 weeks,Friday,5
RES012167,17-Sep-24,Velora.com,5.Preferred,Modified,21-Oct-24,1,123.97,123.97,34,4. More than 4 weeks,Monday,1
RES012179,8-Sep-24,Velora.com,6.Select,Modified,16-Sep-24,1,145.78,145.78,8,2. Before 2 weeks,Monday,1
RES012223,24-Sep-24,Velora.com,2.Elite,Modified,18-Oct-24,1,157.38,157.38,24,3. Before 4 weeks,Friday,5
RES012241,7-Dec-23,Velora.com,2.Elite,Modified,8-Oct-24,1,180.72,180.72,306,4. More than 4 weeks,Tuesday,2
RES012250,10-Sep-24,Velora.com,2.Elite,Modified,26-Sep-24,1,168.23,168.23,16,3. Before 4 weeks,Thursday,4
RES012339,16-Sep-24,Velora.com,3.Premier,Modified,2-Oct-24,1,173.09,173.09,16,3. Before 4 weeks,Wednesday,3
RES012343,25-Aug-24,Velora.com,5.Preferred,Modified,4-Oct-24,1,113.2,113.2,40,4. More than 4 weeks,Friday,5
RES012348,10-Oct-24,Velora.com,5.Preferred,Modified,19-Oct-24,1,148.48,148.48,9,2. Before 2 weeks,Saturday,6
RES012409,9-Aug-24,Velora.com,2.Elite,Modified,18-Oct-24,1,236.06,236.06,70,4. More than 4 weeks,Friday,5
RES012488,8-Oct-24,Velora.com,5.Preferred,Modified,18-Oct-24,1,133.94,133.94,10,2. Before 2 weeks,Friday,5
RES012548,31-May-24,Velora.com,5.Preferred,Modified,16-Oct-24,1,183.2,183.2,138,4. More than 4 weeks,Wednesday,3
RES012558,4-Sep-24,Velora.com,5.Preferred,Modified,3-Oct-24,1,144.28,144.28,29,4. More than 4 weeks,Thursday,4
RES012612,3-Oct-24,Velora.com,3.Premier,Modified,14-Oct-24,1,171.19,171.19,11,2. Before 2 weeks,Monday,1
RES012713,27-Sep-24,Velora.com,6.Select,Modified,27-Oct-24,1,230.43,230.43,30,4. More than 4 weeks,Sunday,0
RES012727,25-Aug-24,Velora.com,2.Elite,Modified,21-Sep-24,1,132.52,132.52,27,3. Before 4 weeks,Saturday,6
RES012771,25-Aug-24,Velora.com,5.Preferred,Modified,6-Sep-24,1,172.83,172.83,12,2. Before 2 weeks,Friday,5
RES012787,10-Sep-24,Velora.com,3.Premier,Modified,7-Oct-24,1,218.41,218.41,27,3. Before 4 weeks,Monday,1
RES012875,7-Sep-24,Velora.com,2.Elite,Modified,4-Oct-24,1,150.09,150.09,27,3. Before 4 weeks,Friday,5
RES012936,8-Sep-24,Velora.com,2.Elite,Modified,12-Oct-24,1,161.74,161.74,34,4. More than 4 weeks,Saturday,6
RES012946,25-Aug-24,Velora.com,5.Preferred,Modified,27-Oct-24,1,33.78,33.78,63,4. More than 4 weeks,Sunday,0
RES013055,5-Sep-24,Velora.com,2.Elite,Modified,30-Sep-24,1,117.89,117.89,25,3. Before 4 weeks,Monday,1
RES013077,30-Aug-24,Velora.com,2.Elite,Modified,4-Oct-24,1,112.05,112.05,35,4. More than 4 weeks,Friday,5
RES013114,31-Aug-24,Velora.com,2.Elite,Modified,24-Sep-24,1,182.99,182.99,24,3. Before 4 weeks,Tuesday,2
RES013170,17-Oct-24,Velora.com,6.Select,Modified,26-Oct-24,1,103.56,103.56,9,2. Before 2 weeks,Saturday,6
RES013204,7-Sep-24,Velora.com,3.Premier,Modified,15-Sep-24,1,54.52,54.52,8,2. Before 2 weeks,Sunday,0
RES013209,28-Sep-24,Velora.com,6.Select,Modified,8-Oct-24,1,105.42,105.42,10,2. Before 2 weeks,Tuesday,2
RES013210,5-Oct-24,Velora.com,1.Iconic,Modified,17-Oct-24,1,177.09,177.09,12,2. Before 2 weeks,Thursday,4
RES013280,17-Sep-24,Velora.com,3.Premier,Modified,6-Oct-24,1,33.78,33.78,19,3. Before 4 weeks,Sunday,0
RES013306,31-Aug-24,Velora.com,3.Premier,Modified,9-Sep-24,1,128.61,128.61,9,2. Before 2 weeks,Monday,1
RES013347,18-Jun-24,Velora.com,1.Iconic,Modified,8-Sep-24,1,230.24,230.24,82,4. More than 4 weeks,Sunday,0
RES013352,5-Oct-24,Velora.com,5.Preferred,Modified,15-Oct-24,1,243.35,243.35,10,2. Before 2 weeks,Tuesday,2
RES013454,29-Jul-24,Velora.com,3.Premier,Modified,2-Sep-24,1,160.36,160.36,35,4. More than 4 weeks,Monday,1
RES013456,5-Sep-24,Velora.com,3.Premier,Modified,13-Sep-24,1,63.6,63.6,8,2. Before 2 weeks,Friday,5
RES013490,9-Oct-24,Velora.com,3.Premier,Modified,20-Oct-24,1,115.46,115.46,11,2. Before 2 weeks,Sunday,0
RES013534,12-Sep-24,Velora.com,6.Select,Modified,5-Oct-24,1,139.18,139.18,23,3. Before 4 weeks,Saturday,6
RES013613,7-Oct-24,Velora.com,2.Elite,Modified,16-Oct-24,1,107.53,107.53,9,2. Before 2 weeks,Wednesday,3
RES013614,4-Sep-24,Velora.com,3.Premier,Modified,21-Oct-24,1,224.32,224.32,47,4. More than 4 weeks,Monday,1
RES013617,26-Aug-24,Velora.com,5.Preferred,Modified,13-Sep-24,1,143.06,143.06,18,3. Before 4 weeks,Friday,5
RES013633,2-Sep-24,Velora.com,3.Premier,Modified,10-Sep-24,1,36.07,36.07,8,2. Before 2 weeks,Tuesday,2
RES013652,10-Oct-24,Velora.com,3.Premier,Modified,20-Oct-24,1,33.99,33.99,10,2. Before 2 weeks,Sunday,0
RES013655,5-Aug-24,Velora.com,5.Preferred,Modified,13-Sep-24,1,34.25,34.25,39,4. More than 4 weeks,Friday,5
RES013691,6-Sep-24,Velora.com,2.Elite,Modified,15-Sep-24,1,219.75,219.75,9,2. Before 2 weeks,Sunday,0
RES013724,4-Sep-24,Velora.com,5.Preferred,Modified,14-Sep-24,1,106.2,106.2,10,2. Before 2 weeks,Saturday,6
RES013755,25-Sep-24,Velora.com,5.Preferred,Modified,7-Oct-24,1,137.63,137.63,12,2. Before 2 weeks,Monday,1
RES013787,1-Sep-24,Velora.com,1.Iconic,Modified,4-Oct-24,1,241.16,241.16,33,4. More than 4 weeks,Friday,5
RES013819,23-Aug-24,Velora.com,5.Preferred,Modified,15-Sep-24,1,112.85,112.85,23,3. Before 4 weeks,Sunday,0
RES013837,29-Aug-24,Velora.com,3.Premier,Modified,10-Sep-24,1,229.31,229.31,12,2. Before 2 weeks,Tuesday,2
RES013853,25-Sep-24,Velora.com,3.Premier,Modified,19-Oct-24,1,160.33,160.33,24,3. Before 4 weeks,Saturday,6
RES013874,9-Sep-24,Velora.com,1.Iconic,Modified,30-Sep-24,1,117.89,117.89,21,3. Before 4 weeks,Monday,1
RES013927,20-Sep-24,Velora.com,3.Premier,Modified,4-Oct-24,1,92.17,92.17,14,2. Before 2 weeks,Friday,5
RES014001,8-Oct-24,Velora.com,5.Preferred,Modified,18-Oct-24,1,74.94,74.94,10,2. Before 2 weeks,Friday,5
RES014046,27-Sep-24,Velora.com,2.Elite,Modified,11-Oct-24,1,114.45,114.45,14,2. Before 2 weeks,Friday,5
RES014059,30-Aug-24,Velora.com,6.Select,Modified,22-Oct-24,1,175.9,175.9,53,4. More than 4 weeks,Tuesday,2
RES014192,1-Sep-24,Velora.com,2.Elite,Modified,19-Sep-24,1,135.78,135.78,18,3. Before 4 weeks,Thursday,4
RES014213,28-Jul-24,Velora.com,3.Premier,Modified,10-Sep-24,1,148.49,148.49,44,4. More than 4 weeks,Tuesday,2
RES014217,3-Sep-24,Velora.com,2.Elite,Modified,28-Sep-24,1,143.07,143.07,25,3. Before 4 weeks,Saturday,6
RES014327,11-Oct-24,Velora.com,5.Preferred,Modified,21-Oct-24,1,153.6,153.6,10,2. Before 2 weeks,Monday,1
RES014409,13-Sep-24,Velora.com,3.Premier,Modified,22-Sep-24,1,118.17,118.17,9,2. Before 2 weeks,Sunday,0
RES014440,11-Aug-24,Velora.com,2.Elite,Modified,15-Sep-24,1,171.19,171.19,35,4. More than 4 weeks,Sunday,0
RES014473,29-Aug-24,Velora.com,3.Premier,Modified,19-Sep-24,1,108.29,108.29,21,3. Before 4 weeks,Thursday,4
RES014540,15-Sep-24,Velora.com,3.Premier,Modified,7-Oct-24,1,33.78,33.78,22,3. Before 4 weeks,Monday,1
RES014554,28-Aug-24,Velora.com,3.Premier,Modified,10-Sep-24,1,180.35,180.35,13,2. Before 2 weeks,Tuesday,2
RES009730,10-Oct-24,Velora.com,3.Premier,Modified,10-Oct-24,1,147.71,147.71,0,1. Before a week,Thursday,4
RES009798,9-Sep-24,Velora.com,1.Iconic,Modified,11-Sep-24,1,129.58,129.58,2,1. Before a week,Wednesday,3
RES009839,25-Sep-24,Velora.com,5.Preferred,Modified,26-Sep-24,1,207.88,207.88,1,1. Before a week,Thursday,4
RES009865,27-Sep-24,Velora.com,3.Premier,Modified,30-Sep-24,1,114.76,114.76,3,1. Before a week,Monday,1
RES009899,26-Sep-24,Velora.com,2.Elite,Modified,3-Oct-24,1,203.8,203.8,7,1. Before a week,Thursday,4
RES009923,3-Oct-24,Velora.com,6.Select,Modified,9-Oct-24,1,136.73,136.73,6,1. Before a week,Wednesday,3
RES009936,31-Aug-24,Velora.com,3.Premier,Modified,3-Sep-24,1,132.14,132.14,3,1. Before a week,Tuesday,2
RES009983,8-Oct-24,Velora.com,5.Preferred,Modified,15-Oct-24,1,132.64,132.64,7,1. Before a week,Tuesday,2
RES010033,3-Oct-24,Velora.com,5.Preferred,Modified,9-Oct-24,1,147.58,147.58,6,1. Before a week,Wednesday,3
RES010074,20-Sep-24,Velora.com,3.Premier,Modified,22-Sep-24,1,135.89,135.89,2,1. Before a week,Sunday,0
RES010110,20-Sep-24,Velora.com,5.Preferred,Modified,26-Sep-24,1,251.18,251.18,6,1. Before a week,Thursday,4
RES010146,14-Sep-24,Velora.com,1.Iconic,Modified,19-Sep-24,1,227.41,227.41,5,1. Before a week,Thursday,4
RES010168,16-Sep-24,Velora.com,2.Elite,Modified,17-Sep-24,1,207.88,207.88,1,1. Before a week,Tuesday,2
RES010180,7-Oct-24,Velora.com,6.Select,Modified,7-Oct-24,1,182.63,182.63,0,1. Before a week,Monday,1
RES010185,24-Sep-24,Velora.com,5.Preferred,Modified,29-Sep-24,1,124.73,124.73,5,1. Before a week,Sunday,0
RES010252,1-Oct-24,Velora.com,6.Select,Modified,5-Oct-24,1,110.78,110.78,4,1. Before a week,Saturday,6
RES010380,10-Sep-24,Velora.com,3.Premier,Modified,11-Sep-24,1,123.97,123.97,1,1. Before a week,Wednesday,3
RES010401,7-Oct-24,Velora.com,5.Preferred,Modified,8-Oct-24,1,265.11,265.11,1,1. Before a week,Tuesday,2
RES010429,30-Sep-24,Velora.com,6.Select,Modified,2-Oct-24,1,103.34,103.34,2,1. Before a week,Wednesday,3
RES010460,10-Sep-24,Velora.com,1.Iconic,Modified,11-Sep-24,1,129.88,129.88,1,1. Before a week,Wednesday,3
RES010565,15-Oct-24,Velora.com,6.Select,Modified,15-Oct-24,1,122.89,122.89,0,1. Before a week,Tuesday,2
RES010600,26-Sep-24,Velora.com,2.Elite,Modified,26-Sep-24,1,129.88,129.88,0,1. Before a week,Thursday,4
RES010616,19-Oct-24,Velora.com,3.Premier,Modified,25-Oct-24,1,126.5,126.5,6,1. Before a week,Friday,5
RES010643,1-Oct-24,Velora.com,2.Elite,Modified,2-Oct-24,1,138.24,138.24,1,1. Before a week,Wednesday,3
RES010687,1-Nov-24,Velora.com,6.Select,Modified,1-Nov-24,1,110.78,110.78,0,1. Before a week,Friday,5
RES010693,22-Sep-24,Velora.com,5.Preferred,Modified,22-Sep-24,1,112.85,112.85,0,1. Before a week,Sunday,0
RES010708,16-Oct-24,Velora.com,2.Elite,Modified,20-Oct-24,1,97.29,97.29,4,1. Before a week,Sunday,0
RES010753,15-Sep-24,Velora.com,6.Select,Modified,15-Sep-24,1,129.3,129.3,0,1. Before a week,Sunday,0
RES010892,24-Sep-24,Velora.com,6.Select,Modified,29-Sep-24,1,117.88,117.88,5,1. Before a week,Sunday,0
RES010967,3-Oct-24,Velora.com,5.Preferred,Modified,4-Oct-24,1,126.66,126.66,1,1. Before a week,Friday,5
RES010977,3-Sep-24,Velora.com,3.Premier,Modified,10-Sep-24,1,289.15,289.15,7,1. Before a week,Tuesday,2
RES010994,23-Sep-24,Velora.com,3.Premier,Modified,26-Sep-24,1,146.04,146.04,3,1. Before a week,Thursday,4
RES011018,20-Sep-24,Velora.com,2.Elite,Modified,22-Sep-24,1,118.07,118.07,2,1. Before a week,Sunday,0
RES011048,4-Oct-24,Velora.com,5.Preferred,Modified,8-Oct-24,1,225.91,225.91,4,1. Before a week,Tuesday,2
RES011073,17-Oct-24,Velora.com,5.Preferred,Modified,23-Oct-24,1,275.27,275.27,6,1. Before a week,Wednesday,3
RES011075,18-Sep-24,Velora.com,5.Preferred,Modified,18-Sep-24,1,203.47,203.47,0,1. Before a week,Wednesday,3
RES011115,3-Oct-24,Velora.com,2.Elite,Modified,3-Oct-24,1,141.68,141.68,0,1. Before a week,Thursday,4
RES011241,28-Sep-24,Velora.com,3.Premier,Modified,4-Oct-24,1,78.31,78.31,6,1. Before a week,Friday,5
RES011250,8-Sep-24,Velora.com,3.Premier,Modified,9-Sep-24,1,182.77,182.77,1,1. Before a week,Monday,1
RES011263,7-Sep-24,Velora.com,5.Preferred,Modified,10-Sep-24,1,168.45,168.45,3,1. Before a week,Tuesday,2
RES011266,26-Oct-24,Velora.com,2.Elite,Modified,31-Oct-24,1,112.65,112.65,5,1. Before a week,Thursday,4
RES011292,16-Sep-24,Velora.com,6.Select,Modified,16-Sep-24,1,129.88,129.88,0,1. Before a week,Monday,1
RES011375,11-Oct-24,Velora.com,1.Iconic,Modified,11-Oct-24,1,130.36,130.36,0,1. Before a week,Friday,5
RES011422,2-Oct-24,Velora.com,3.Premier,Modified,5-Oct-24,1,33.99,33.99,3,1. Before a week,Saturday,6
RES011424,13-Sep-24,Velora.com,2.Elite,Modified,18-Sep-24,1,211.02,211.02,5,1. Before a week,Wednesday,3
RES011457,28-Sep-24,Velora.com,5.Preferred,Modified,4-Oct-24,1,228.61,228.61,6,1. Before a week,Friday,5
RES011475,8-Oct-24,Velora.com,5.Preferred,Modified,10-Oct-24,1,177.09,177.09,2,1. Before a week,Thursday,4
RES011490,10-Oct-24,Velora.com,6.Select,Modified,14-Oct-24,1,120.25,120.25,4,1. Before a week,Monday,1
RES011628,16-Oct-24,Velora.com,5.Preferred,Modified,18-Oct-24,1,33.78,33.78,2,1. Before a week,Friday,5
RES011650,23-Sep-24,Velora.com,6.Select,Modified,23-Sep-24,1,165.28,165.28,0,1. Before a week,Monday,1
RES011674,20-Sep-24,Velora.com,5.Preferred,Modified,23-Sep-24,1,157.04,157.04,3,1. Before a week,Monday,1
RES011714,24-Oct-24,Velora.com,6.Select,Modified,24-Oct-24,1,220.6,220.6,0,1. Before a week,Thursday,4
RES011812,14-Oct-24,Velora.com,3.Premier,Modified,16-Oct-24,1,247.19,247.19,2,1. Before a week,Wednesday,3
RES011872,19-Oct-24,Velora.com,2.Elite,Modified,20-Oct-24,1,33.81,33.81,1,1. Before a week,Sunday,0
RES011898,6-Oct-24,Velora.com,2.Elite,Modified,8-Oct-24,1,82.6,82.6,2,1. Before a week,Tuesday,2
RES011967,8-Sep-24,Velora.com,2.Elite,Modified,9-Sep-24,1,119.75,119.75,1,1. Before a week,Monday,1
RES011968,23-Oct-24,Velora.com,5.Preferred,Modified,30-Oct-24,1,164.5,164.5,7,1. Before a week,Wednesday,3
RES011979,29-Sep-24,Velora.com,5.Preferred,Modified,1-Oct-24,1,131.66,131.66,2,1. Before a week,Tuesday,2
RES011990,5-Oct-24,Velora.com,6.Select,Modified,5-Oct-24,1,131.61,131.61,0,1. Before a week,Saturday,6
RES011993,8-Oct-24,Velora.com,1.Iconic,Modified,9-Oct-24,1,154.42,154.42,1,1. Before a week,Wednesday,3
RES012010,7-Sep-24,Velora.com,2.Elite,Modified,8-Sep-24,1,114.43,114.43,1,1. Before a week,Sunday,0
RES012117,16-Oct-24,Velora.com,5.Preferred,Modified,16-Oct-24,1,195.39,195.39,0,1. Before a week,Wednesday,3
RES012296,9-Oct-24,Velora.com,3.Premier,Modified,13-Oct-24,1,118.17,118.17,4,1. Before a week,Sunday,0
RES012327,11-Oct-24,Velora.com,5.Preferred,Modified,11-Oct-24,1,138.18,138.18,0,1. Before a week,Friday,5
RES012370,28-Sep-24,Velora.com,3.Premier,Modified,2-Oct-24,1,171.29,171.29,4,1. Before a week,Wednesday,3
RES012386,24-Oct-24,Velora.com,3.Premier,Modified,29-Oct-24,1,141.68,141.68,5,1. Before a week,Tuesday,2
RES012404,30-Sep-24,Velora.com,2.Elite,Modified,2-Oct-24,1,154.21,154.21,2,1. Before a week,Wednesday,3
RES012470,16-Oct-24,Velora.com,3.Premier,Modified,18-Oct-24,1,33.78,33.78,2,1. Before a week,Friday,5
RES012474,7-Sep-24,Velora.com,5.Preferred,Modified,7-Sep-24,1,137.46,137.46,0,1. Before a week,Saturday,6
RES012496,2-Oct-24,Velora.com,5.Preferred,Modified,2-Oct-24,1,118.07,118.07,0,1. Before a week,Wednesday,3
RES012504,14-Oct-24,Velora.com,5.Preferred,Modified,17-Oct-24,1,122.64,122.64,3,1. Before a week,Thursday,4
RES012571,11-Sep-24,Velora.com,6.Select,Modified,12-Sep-24,1,132.14,132.14,1,1. Before a week,Thursday,4
RES012590,22-Oct-24,Velora.com,6.Select,Modified,22-Oct-24,1,129.88,129.88,0,1. Before a week,Tuesday,2
RES012623,10-Sep-24,Velora.com,5.Preferred,Modified,17-Sep-24,1,180.48,180.48,7,1. Before a week,Tuesday,2
RES012645,7-Sep-24,Velora.com,5.Preferred,Modified,8-Sep-24,1,78.79,78.79,1,1. Before a week,Sunday,0
RES012716,8-Sep-24,Velora.com,5.Preferred,Modified,15-Sep-24,1,123.73,123.73,7,1. Before a week,Sunday,0
RES012754,25-Sep-24,Velora.com,1.Iconic,Modified,26-Sep-24,1,111.85,111.85,1,1. Before a week,Thursday,4
RES012789,4-Oct-24,Velora.com,6.Select,Modified,6-Oct-24,1,118.07,118.07,2,1. Before a week,Sunday,0
RES012814,15-Oct-24,Velora.com,1.Iconic,Modified,19-Oct-24,1,103.03,103.03,4,1. Before a week,Saturday,6
RES012822,20-Oct-24,Velora.com,3.Premier,Modified,26-Oct-24,1,120.48,120.48,6,1. Before a week,Saturday,6
RES012972,3-Oct-24,Velora.com,2.Elite,Modified,5-Oct-24,1,0,0,2,1. Before a week,Saturday,6
RES013021,27-Sep-24,Velora.com,3.Premier,Modified,27-Sep-24,1,127.63,127.63,0,1. Before a week,Friday,5
RES013064,21-Oct-24,Velora.com,3.Premier,Modified,23-Oct-24,1,112.04,112.04,2,1. Before a week,Wednesday,3
RES013088,27-Oct-24,Velora.com,6.Select,Modified,29-Oct-24,1,198.16,198.16,2,1. Before a week,Tuesday,2
RES013119,18-Sep-24,Velora.com,6.Select,Modified,22-Sep-24,1,190.54,190.54,4,1. Before a week,Sunday,0
RES013121,29-Oct-24,Velora.com,2.Elite,Modified,31-Oct-24,1,102.41,102.41,2,1. Before a week,Thursday,4
RES013153,23-Oct-24,Velora.com,5.Preferred,Modified,29-Oct-24,1,182.46,182.46,6,1. Before a week,Tuesday,2
RES013156,10-Sep-24,Velora.com,2.Elite,Modified,16-Sep-24,1,115.61,115.61,6,1. Before a week,Monday,1
RES013168,27-Sep-24,Velora.com,2.Elite,Modified,28-Sep-24,1,37.9,37.9,1,1. Before a week,Saturday,6
RES013214,26-Oct-24,Velora.com,3.Premier,Modified,29-Oct-24,1,190.06,190.06,3,1. Before a week,Tuesday,2
RES013237,8-Sep-24,Velora.com,6.Select,Modified,12-Sep-24,1,194.41,194.41,4,1. Before a week,Thursday,4
RES013253,4-Oct-24,Velora.com,6.Select,Modified,8-Oct-24,1,177.11,177.11,4,1. Before a week,Tuesday,2
RES013305,3-Oct-24,Velora.com,5.Preferred,Modified,10-Oct-24,1,153.94,153.94,7,1. Before a week,Thursday,4
RES013399,13-Sep-24,Velora.com,1.Iconic,Modified,16-Sep-24,1,108.52,108.52,3,1. Before a week,Monday,1
RES013401,26-Oct-24,Velora.com,5.Preferred,Modified,28-Oct-24,1,171.68,171.68,2,1. Before a week,Monday,1
RES013469,21-Sep-24,Velora.com,1.Iconic,Modified,22-Sep-24,1,135.6,135.6,1,1. Before a week,Sunday,0
RES013479,22-Sep-24,Velora.com,5.Preferred,Modified,24-Sep-24,1,168.62,168.62,2,1. Before a week,Tuesday,2
RES013487,4-Oct-24,Velora.com,2.Elite,Modified,6-Oct-24,1,33.78,33.78,2,1. Before a week,Sunday,0
RES013507,25-Oct-24,Velora.com,2.Elite,Modified,28-Oct-24,1,123.97,123.97,3,1. Before a week,Monday,1
RES013554,22-Oct-24,Velora.com,3.Premier,Modified,27-Oct-24,1,102.41,102.41,5,1. Before a week,Sunday,0
RES013587,23-Oct-24,Velora.com,5.Preferred,Modified,23-Oct-24,1,153.49,153.49,0,1. Before a week,Wednesday,3
RES013610,7-Oct-24,Velora.com,6.Select,Modified,13-Oct-24,1,148.48,148.48,6,1. Before a week,Sunday,0
RES013686,17-Sep-24,Velora.com,1.Iconic,Modified,22-Sep-24,1,78.31,78.31,5,1. Before a week,Sunday,0
RES013711,3-Oct-24,Velora.com,5.Preferred,Modified,7-Oct-24,1,150.4,150.4,4,1. Before a week,Monday,1
RES013815,6-Sep-24,Velora.com,3.Premier,Modified,9-Sep-24,1,123.97,123.97,3,1. Before a week,Monday,1
RES013820,2-Oct-24,Velora.com,6.Select,Modified,9-Oct-24,1,117.77,117.77,7,1. Before a week,Wednesday,3
RES013859,23-Oct-24,Velora.com,3.Premier,Modified,25-Oct-24,1,33.99,33.99,2,1. Before a week,Friday,5
RES013861,24-Oct-24,Velora.com,6.Select,Modified,25-Oct-24,1,112.83,112.83,1,1. Before a week,Friday,5
RES013934,2-Oct-24,Velora.com,3.Premier,Modified,3-Oct-24,1,112.26,112.26,1,1. Before a week,Thursday,4
RES013959,30-Aug-24,Velora.com,5.Preferred,Modified,6-Sep-24,1,143.49,143.49,7,1. Before a week,Friday,5
RES014003,8-Sep-24,Velora.com,2.Elite,Modified,12-Sep-24,1,82.6,82.6,4,1. Before a week,Thursday,4
RES014029,13-Sep-24,Velora.com,3.Premier,Modified,14-Sep-24,1,162.43,162.43,1,1. Before a week,Saturday,6
RES014135,1-Nov-24,Velora.com,5.Preferred,Modified,1-Nov-24,1,33.78,33.78,0,1. Before a week,Friday,5
RES014214,14-Oct-24,Velora.com,5.Preferred,Modified,14-Oct-24,1,149.84,149.84,0,1. Before a week,Monday,1
RES014297,10-Sep-24,Velora.com,2.Elite,Modified,16-Sep-24,1,123.97,123.97,6,1. Before a week,Monday,1
RES014359,17-Oct-24,Velora.com,2.Elite,Modified,21-Oct-24,1,126.75,126.75,4,1. Before a week,Monday,1
RES014391,13-Oct-24,Velora.com,1.Iconic,Modified,17-Oct-24,1,108.81,108.81,4,1. Before a week,Thursday,4
RES014433,11-Oct-24,Velora.com,3.Premier,Modified,13-Oct-24,1,102.49,102.49,2,1. Before a week,Sunday,0
RES014469,29-Oct-24,Velora.com,6.Select,Modified,29-Oct-24,1,125.45,125.45,0,1. Before a week,Tuesday,2
RES014530,8-Sep-24,Velora.com,3.Premier,Modified,11-Sep-24,1,163.72,163.72,3,1. Before a week,Wednesday,3
RES014538,26-Sep-24,Velora.com,6.Select,Modified,27-Sep-24,1,276.36,276.36,1,1. Before a week,Friday,5
RES014551,4-Oct-24,Velora.com,5.Preferred,Modified,8-Oct-24,1,135.77,135.77,4,1. Before a week,Tuesday,2
RES014560,19-Oct-24,Velora.com,2.Elite,Modified,20-Oct-24,1,129.99,129.99,1,1. Before a week,Sunday,0
RES014561,25-Sep-24,Velora.com,5.Preferred,Modified,26-Sep-24,1,143.95,143.95,1,1. Before a week,Thursday,4
RES014603,6-Sep-24,Velora.com,3.Premier,Modified,9-Sep-24,1,182.63,182.63,3,1. Before a week,Monday,1
RES009722,17-Jul-24,Velora.com,5.Preferred,Modified,8-Oct-24,2,218.43,436.86,83,4. More than 4 weeks,Tuesday,2
RES009747,9-Oct-24,Velora.com,5.Preferred,Modified,17-Oct-24,2,158.79,317.58,8,2. Before 2 weeks,Thursday,4
RES009750,19-Sep-24,Velora.com,6.Select,Modified,16-Oct-24,2,235.53,471.06,27,3. Before 4 weeks,Wednesday,3
RES009832,9-Aug-24,Velora.com,2.Elite,Modified,2-Oct-24,2,34.25,68.5,54,4. More than 4 weeks,Wednesday,3
RES009873,4-Sep-24,Velora.com,3.Premier,Modified,18-Sep-24,2,188.91,377.82,14,2. Before 2 weeks,Wednesday,3
RES009879,24-Aug-24,Velora.com,2.Elite,Modified,12-Sep-24,2,99.56,199.12,19,3. Before 4 weeks,Thursday,4
RES009917,1-Sep-24,Velora.com,5.Preferred,Modified,26-Sep-24,2,141.68,283.36,25,3. Before 4 weeks,Thursday,4
RES009958,25-Jul-24,Velora.com,6.Select,Modified,5-Sep-24,2,143.27,286.54,42,4. More than 4 weeks,Thursday,4
RES010000,13-Sep-24,Velora.com,6.Select,Modified,21-Sep-24,2,95.29,190.58,8,2. Before 2 weeks,Saturday,6
RES010024,12-Sep-24,Velora.com,1.Iconic,Modified,4-Oct-24,2,90.51,181.02,22,3. Before 4 weeks,Friday,5
RES010065,24-Sep-24,Velora.com,3.Premier,Modified,2-Oct-24,2,117.77,235.54,8,2. Before 2 weeks,Wednesday,3
RES010102,22-Jun-24,Velora.com,5.Preferred,Modified,1-Oct-24,2,146.68,293.36,101,4. More than 4 weeks,Tuesday,2
RES010123,14-Sep-24,Velora.com,2.Elite,Modified,26-Oct-24,2,131.62,263.24,42,4. More than 4 weeks,Saturday,6
RES010126,19-Aug-24,Velora.com,3.Premier,Modified,2-Oct-24,2,207.88,415.76,44,4. More than 4 weeks,Wednesday,3
RES010139,11-Sep-24,Velora.com,3.Premier,Modified,24-Sep-24,2,147.59,295.18,13,2. Before 2 weeks,Tuesday,2
RES010212,17-Oct-24,Velora.com,6.Select,Modified,29-Oct-24,2,209.77,419.54,12,2. Before 2 weeks,Tuesday,2
RES010399,4-Jun-24,Velora.com,2.Elite,Modified,21-Oct-24,2,209.94,419.88,139,4. More than 4 weeks,Monday,1
RES010411,26-Sep-24,Velora.com,5.Preferred,Modified,7-Oct-24,2,33.81,67.62,11,2. Before 2 weeks,Monday,1
RES010418,17-Sep-24,Velora.com,5.Preferred,Modified,29-Sep-24,2,164.96,329.92,12,2. Before 2 weeks,Sunday,0
RES010466,2-Sep-24,Velora.com,5.Preferred,Modified,30-Oct-24,2,265.66,531.32,58,4. More than 4 weeks,Wednesday,3
RES010551,7-Sep-24,Velora.com,6.Select,Modified,28-Sep-24,2,123.63,247.26,21,3. Before 4 weeks,Saturday,6
RES010752,6-Sep-24,Velora.com,5.Preferred,Modified,14-Sep-24,2,130.04,260.08,8,2. Before 2 weeks,Saturday,6
RES010861,24-Sep-24,Velora.com,3.Premier,Modified,10-Oct-24,2,149.39,298.78,16,3. Before 4 weeks,Thursday,4
RES010881,21-Aug-24,Velora.com,5.Preferred,Modified,17-Sep-24,2,161.21,322.42,27,3. Before 4 weeks,Tuesday,2
RES010890,10-Sep-24,Velora.com,5.Preferred,Modified,30-Oct-24,2,112.04,224.08,50,4. More than 4 weeks,Wednesday,3
RES010962,9-Oct-24,Velora.com,2.Elite,Modified,23-Oct-24,2,130.66,261.32,14,2. Before 2 weeks,Wednesday,3
RES011001,21-Oct-24,Velora.com,2.Elite,Modified,31-Oct-24,2,176.31,352.62,10,2. Before 2 weeks,Thursday,4
RES011015,9-Oct-24,Velora.com,5.Preferred,Modified,25-Oct-24,2,168.23,336.46,16,3. Before 4 weeks,Friday,5
RES011022,4-Sep-24,Velora.com,6.Select,Modified,14-Sep-24,2,147.59,295.18,10,2. Before 2 weeks,Saturday,6
RES011134,31-Aug-24,Velora.com,5.Preferred,Modified,25-Sep-24,2,141.68,283.36,25,3. Before 4 weeks,Wednesday,3
RES011174,20-Oct-24,Velora.com,6.Select,Modified,28-Oct-24,2,195.57,391.14,8,2. Before 2 weeks,Monday,1
RES011205,20-Sep-24,Velora.com,5.Preferred,Modified,10-Oct-24,2,145.33,290.66,20,3. Before 4 weeks,Thursday,4
RES011328,7-Sep-24,Velora.com,1.Iconic,Modified,25-Sep-24,2,0,0,18,3. Before 4 weeks,Wednesday,3
RES011521,24-Jul-24,Velora.com,3.Premier,Modified,14-Oct-24,2,196,392,82,4. More than 4 weeks,Monday,1
RES011903,17-Oct-24,Velora.com,6.Select,Modified,1-Nov-24,2,103.01,206.02,15,3. Before 4 weeks,Friday,5
RES011904,14-Oct-24,Velora.com,5.Preferred,Modified,27-Oct-24,2,124.68,249.36,13,2. Before 2 weeks,Sunday,0
RES011998,27-Jul-24,Velora.com,3.Premier,Modified,5-Oct-24,2,597.84,1195.68,70,4. More than 4 weeks,Saturday,6
RES012014,26-Sep-24,Velora.com,3.Premier,Modified,5-Oct-24,2,131.62,263.24,9,2. Before 2 weeks,Saturday,6
RES012086,26-May-24,Velora.com,5.Preferred,Modified,4-Sep-24,2,146.68,293.36,101,4. More than 4 weeks,Wednesday,3
RES012089,10-Oct-24,Velora.com,6.Select,Modified,18-Oct-24,2,145.78,291.56,8,2. Before 2 weeks,Friday,5
RES012095,25-May-24,Velora.com,5.Preferred,Modified,10-Oct-24,2,183.2,366.4,138,4. More than 4 weeks,Thursday,4
RES012106,26-Sep-24,Velora.com,2.Elite,Modified,6-Oct-24,2,106.91,213.82,10,2. Before 2 weeks,Sunday,0
RES012160,9-Sep-24,Velora.com,5.Preferred,Modified,17-Oct-24,2,182.83,365.66,38,4. More than 4 weeks,Thursday,4
RES012177,21-Aug-24,Velora.com,6.Select,Modified,21-Oct-24,2,120.34,240.68,61,4. More than 4 weeks,Monday,1
RES012354,9-Sep-24,Velora.com,5.Preferred,Modified,14-Oct-24,2,153.6,307.2,35,4. More than 4 weeks,Monday,1
RES012382,3-Sep-24,Velora.com,5.Preferred,Modified,4-Oct-24,2,142.79,285.58,31,4. More than 4 weeks,Friday,5
RES012419,24-Sep-24,Velora.com,2.Elite,Modified,26-Oct-24,2,162.43,324.86,32,4. More than 4 weeks,Saturday,6
RES012450,20-Sep-24,Velora.com,3.Premier,Modified,30-Sep-24,2,102.41,204.82,10,2. Before 2 weeks,Monday,1
RES012500,16-Aug-24,Velora.com,2.Elite,Modified,29-Oct-24,2,212.53,425.06,74,4. More than 4 weeks,Tuesday,2
RES012535,3-Sep-24,Velora.com,5.Preferred,Modified,11-Sep-24,2,145.62,291.24,8,2. Before 2 weeks,Wednesday,3
RES012550,6-Sep-24,Velora.com,3.Premier,Modified,27-Sep-24,2,152.71,305.42,21,3. Before 4 weeks,Friday,5
RES012630,8-Sep-24,Velora.com,3.Premier,Modified,22-Sep-24,2,162.78,325.56,14,2. Before 2 weeks,Sunday,0
RES012911,28-Aug-24,Velora.com,2.Elite,Modified,8-Sep-24,2,103.97,207.94,11,2. Before 2 weeks,Sunday,0
RES012913,17-Sep-24,Velora.com,3.Premier,Modified,5-Oct-24,2,88.55,177.1,18,3. Before 4 weeks,Saturday,6
RES012926,18-Aug-24,Velora.com,3.Premier,Modified,12-Sep-24,2,165.3,330.6,25,3. Before 4 weeks,Thursday,4
RES012948,26-Aug-24,Velora.com,5.Preferred,Modified,29-Oct-24,2,128.01,256.02,64,4. More than 4 weeks,Tuesday,2
RES013014,20-Sep-24,Velora.com,5.Preferred,Modified,27-Oct-24,2,115.13,230.26,37,4. More than 4 weeks,Sunday,0
RES013162,31-Aug-24,Velora.com,5.Preferred,Modified,18-Sep-24,2,155.59,311.18,18,3. Before 4 weeks,Wednesday,3
RES013519,9-Sep-24,Velora.com,5.Preferred,Modified,6-Oct-24,2,106.2,212.4,27,3. Before 4 weeks,Sunday,0
RES013605,8-Oct-24,Velora.com,5.Preferred,Modified,20-Oct-24,2,103.03,206.06,12,2. Before 2 weeks,Sunday,0
RES013657,24-Aug-24,Velora.com,5.Preferred,Modified,3-Sep-24,2,196.07,392.14,10,2. Before 2 weeks,Tuesday,2
RES013676,8-Jul-24,Velora.com,1.Iconic,Modified,20-Oct-24,2,83.1,166.2,104,4. More than 4 weeks,Sunday,0
RES013716,17-Aug-24,Velora.com,3.Premier,Modified,23-Oct-24,2,225.48,450.96,67,4. More than 4 weeks,Wednesday,3
RES013734,15-Aug-24,Velora.com,3.Premier,Modified,6-Sep-24,2,108.73,217.46,22,3. Before 4 weeks,Friday,5
RES013748,5-Sep-24,Velora.com,5.Preferred,Modified,15-Sep-24,2,26.28,52.56,10,2. Before 2 weeks,Sunday,0
RES013812,1-Sep-24,Velora.com,5.Preferred,Modified,30-Sep-24,2,103.13,206.26,29,4. More than 4 weeks,Monday,1
RES013906,21-Sep-24,Velora.com,6.Select,Modified,5-Oct-24,2,133.13,266.26,14,2. Before 2 weeks,Saturday,6
RES013912,9-Apr-24,Velora.com,5.Preferred,Modified,30-Oct-24,2,60.16,120.32,204,4. More than 4 weeks,Wednesday,3
RES013929,19-Sep-24,Velora.com,5.Preferred,Modified,2-Oct-24,2,169.53,339.06,13,2. Before 2 weeks,Wednesday,3
RES014057,19-Sep-24,Velora.com,2.Elite,Modified,2-Oct-24,2,157.83,315.66,13,2. Before 2 weeks,Wednesday,3
RES014169,18-Aug-24,Velora.com,1.Iconic,Modified,1-Oct-24,2,148.48,296.96,44,4. More than 4 weeks,Tuesday,2
RES014311,15-Oct-24,Velora.com,3.Premier,Modified,25-Oct-24,2,78.79,157.58,10,2. Before 2 weeks,Friday,5
RES014387,5-Oct-24,Velora.com,5.Preferred,Modified,15-Oct-24,2,182.99,365.98,10,2. Before 2 weeks,Tuesday,2
RES014412,5-Jul-24,Velora.com,6.Select,Modified,17-Sep-24,2,182.86,365.72,74,4. More than 4 weeks,Tuesday,2
RES014424,8-Oct-24,Velora.com,5.Preferred,Modified,24-Oct-24,2,148.48,296.96,16,3. Before 4 weeks,Thursday,4
RES014525,3-Sep-24,Velora.com,2.Elite,Modified,13-Sep-24,2,128.54,257.08,10,2. Before 2 weeks,Friday,5
RES014543,8-Jun-24,Velora.com,2.Elite,Modified,22-Sep-24,2,218.97,437.94,106,4. More than 4 weeks,Sunday,0
RES014552,8-Sep-24,Velora.com,2.Elite,Modified,27-Sep-24,2,222.89,445.78,19,3. Before 4 weeks,Friday,5
RES014599,30-Sep-24,Velora.com,2.Elite,Modified,18-Oct-24,2,108.73,217.46,18,3. Before 4 weeks,Friday,5
RES014607,1-Oct-24,Velora.com,3.Premier,Modified,17-Oct-24,2,200.89,401.78,16,3. Before 4 weeks,Thursday,4
RES014664,2-Sep-24,Velora.com,6.Select,Modified,17-Oct-24,2,181.64,363.28,45,4. More than 4 weeks,Thursday,4
RES014719,27-Aug-24,Velora.com,5.Preferred,Modified,13-Sep-24,2,122.42,244.84,17,3. Before 4 weeks,Friday,5
RES009906,13-Sep-24,GDS,3.Premier,Modified,21-Sep-24,2,204.99,409.98,8,2. Before 2 weeks,Saturday,6
RES009943,6-Aug-24,GDS,3.Premier,Modified,12-Oct-24,2,82.6,165.2,67,4. More than 4 weeks,Saturday,6
RES010068,21-Aug-24,GDS,3.Premier,Modified,3-Nov-24,2,133.33,266.66,74,4. More than 4 weeks,Sunday,0
RES010193,14-Sep-24,GDS,3.Premier,Modified,6-Oct-24,2,128.47,256.94,22,3. Before 4 weeks,Sunday,0
RES010235,2-Sep-24,GDS,3.Premier,Modified,3-Oct-24,2,82.6,165.2,31,4. More than 4 weeks,Thursday,4
RES010250,31-Aug-24,GDS,5.Preferred,Modified,25-Sep-24,2,105.42,210.84,25,3. Before 4 weeks,Wednesday,3
RES010316,31-Jul-24,GDS,1.Iconic,Modified,24-Sep-24,2,141.61,283.22,55,4. More than 4 weeks,Tuesday,2
RES010389,2-Oct-24,GDS,2.Elite,Modified,14-Oct-24,2,208.48,416.96,12,2. Before 2 weeks,Monday,1
RES010438,13-Sep-24,GDS,3.Premier,Modified,21-Oct-24,2,128.72,257.44,38,4. More than 4 weeks,Monday,1
RES010507,3-Sep-24,GDS,5.Preferred,Modified,21-Sep-24,2,145.59,291.18,18,3. Before 4 weeks,Saturday,6
RES010587,8-Aug-24,GDS,3.Premier,Modified,22-Sep-24,2,111.85,223.7,45,4. More than 4 weeks,Sunday,0
RES010590,14-Sep-24,GDS,6.Select,Modified,15-Oct-24,2,156.61,313.22,31,4. More than 4 weeks,Tuesday,2
RES010634,23-Sep-24,GDS,6.Select,Modified,11-Oct-24,2,156.75,313.5,18,3. Before 4 weeks,Friday,5
RES010783,4-Sep-24,GDS,2.Elite,Modified,1-Oct-24,2,194.8,389.6,27,3. Before 4 weeks,Tuesday,2
RES010829,11-Sep-24,GDS,5.Preferred,Modified,27-Oct-24,2,189.96,379.92,46,4. More than 4 weeks,Sunday,0
RES010877,8-Sep-24,GDS,6.Select,Modified,17-Sep-24,2,192.75,385.5,9,2. Before 2 weeks,Tuesday,2
RES010943,10-Aug-24,GDS,3.Premier,Modified,10-Oct-24,2,162.31,324.62,61,4. More than 4 weeks,Thursday,4
RES011039,17-Jul-24,GDS,3.Premier,Modified,8-Sep-24,2,135.89,271.78,53,4. More than 4 weeks,Sunday,0
RES011053,17-May-24,GDS,3.Premier,Modified,26-Oct-24,2,195.78,391.56,162,4. More than 4 weeks,Saturday,6
RES011186,27-Aug-24,GDS,2.Elite,Modified,10-Sep-24,2,163.84,327.68,14,2. Before 2 weeks,Tuesday,2
RES011217,8-Sep-24,GDS,1.Iconic,Modified,23-Oct-24,2,130.5,261,45,4. More than 4 weeks,Wednesday,3
RES011259,21-Aug-24,GDS,5.Preferred,Modified,21-Sep-24,2,138.55,277.1,31,4. More than 4 weeks,Saturday,6
RES011342,15-Aug-24,GDS,5.Preferred,Modified,17-Sep-24,2,207.39,414.78,33,4. More than 4 weeks,Tuesday,2
RES011420,14-Aug-24,GDS,2.Elite,Modified,7-Oct-24,2,154.54,309.08,54,4. More than 4 weeks,Monday,1
RES011455,30-Aug-24,GDS,5.Preferred,Modified,15-Sep-24,2,108.01,216.02,16,3. Before 4 weeks,Sunday,0
RES011483,11-Oct-24,GDS,6.Select,Modified,21-Oct-24,2,162.78,325.56,10,2. Before 2 weeks,Monday,1
RES011596,22-Aug-24,GDS,2.Elite,Modified,9-Sep-24,2,137.83,275.66,18,3. Before 4 weeks,Monday,1
RES011630,3-Sep-24,GDS,2.Elite,Modified,30-Oct-24,2,164.88,329.76,57,4. More than 4 weeks,Wednesday,3
RES011663,25-Sep-24,GDS,5.Preferred,Modified,3-Oct-24,2,193.26,386.52,8,2. Before 2 weeks,Thursday,4
RES011699,15-Sep-24,GDS,3.Premier,Modified,26-Sep-24,2,138.78,277.56,11,2. Before 2 weeks,Thursday,4
RES011703,21-Aug-24,GDS,5.Preferred,Modified,10-Oct-24,2,172.97,345.94,50,4. More than 4 weeks,Thursday,4
RES011803,18-Sep-24,GDS,2.Elite,Modified,25-Oct-24,2,159.91,319.82,37,4. More than 4 weeks,Friday,5
RES011822,27-Aug-24,GDS,5.Preferred,Modified,16-Oct-24,2,105.42,210.84,50,4. More than 4 weeks,Wednesday,3
RES011884,9-Oct-24,GDS,2.Elite,Modified,22-Oct-24,2,193.43,386.86,13,2. Before 2 weeks,Tuesday,2
RES011886,10-Aug-24,GDS,6.Select,Modified,29-Oct-24,2,164.88,329.76,80,4. More than 4 weeks,Tuesday,2
RES011971,5-Oct-24,GDS,3.Premier,Modified,26-Oct-24,2,120.03,240.06,21,3. Before 4 weeks,Saturday,6
RES012028,24-Sep-24,GDS,6.Select,Modified,22-Oct-24,2,132.52,265.04,28,3. Before 4 weeks,Tuesday,2
RES012093,17-Aug-24,GDS,2.Elite,Modified,17-Oct-24,2,117.03,234.06,61,4. More than 4 weeks,Thursday,4
RES012118,11-Sep-24,GDS,1.Iconic,Modified,26-Oct-24,2,121.08,242.16,45,4. More than 4 weeks,Saturday,6
RES012121,13-Jul-24,GDS,6.Select,Modified,26-Sep-24,2,151.51,303.02,75,4. More than 4 weeks,Thursday,4
RES012207,13-Sep-24,GDS,5.Preferred,Modified,23-Sep-24,2,168.81,337.62,10,2. Before 2 weeks,Monday,1
RES012407,31-Aug-24,GDS,5.Preferred,Modified,16-Oct-24,2,163.84,327.68,46,4. More than 4 weeks,Wednesday,3
RES012471,24-Sep-24,GDS,6.Select,Modified,10-Oct-24,2,135.4,270.8,16,3. Before 4 weeks,Thursday,4
RES012524,6-Sep-24,GDS,2.Elite,Modified,14-Sep-24,2,112.65,225.3,8,2. Before 2 weeks,Saturday,6
RES012544,31-Aug-24,GDS,3.Premier,Modified,30-Sep-24,2,133.33,266.66,30,4. More than 4 weeks,Monday,1
RES012680,12-Sep-24,GDS,1.Iconic,Modified,20-Sep-24,2,128.12,256.24,8,2. Before 2 weeks,Friday,5
RES012691,7-Oct-24,GDS,6.Select,Modified,21-Oct-24,2,192.37,384.74,14,2. Before 2 weeks,Monday,1
RES012694,20-Sep-24,GDS,5.Preferred,Modified,30-Sep-24,2,132.52,265.04,10,2. Before 2 weeks,Monday,1
RES012831,31-Aug-24,GDS,5.Preferred,Modified,2-Oct-24,2,147.8,295.6,32,4. More than 4 weeks,Wednesday,3
RES012860,27-Jul-24,GDS,3.Premier,Modified,15-Sep-24,2,258.49,516.98,50,4. More than 4 weeks,Sunday,0
RES012975,13-Aug-24,GDS,3.Premier,Modified,24-Sep-24,2,132.53,265.06,42,4. More than 4 weeks,Tuesday,2
RES013108,22-Aug-24,GDS,2.Elite,Modified,17-Sep-24,2,158.73,317.46,26,3. Before 4 weeks,Tuesday,2
RES013118,14-Sep-24,GDS,6.Select,Modified,13-Oct-24,2,143.07,286.14,29,4. More than 4 weeks,Sunday,0
RES013258,6-Sep-24,GDS,3.Premier,Modified,9-Oct-24,2,130.5,261,33,4. More than 4 weeks,Wednesday,3
RES013315,25-Sep-24,GDS,3.Premier,Modified,3-Oct-24,2,117.77,235.54,8,2. Before 2 weeks,Thursday,4
RES013328,25-Jul-24,GDS,5.Preferred,Modified,10-Sep-24,2,112.04,224.08,47,4. More than 4 weeks,Tuesday,2
RES013387,11-Sep-24,GDS,3.Premier,Modified,30-Sep-24,2,134.34,268.68,19,3. Before 4 weeks,Monday,1
RES013450,13-Jul-24,GDS,6.Select,Modified,24-Sep-24,2,318.76,637.52,73,4. More than 4 weeks,Tuesday,2
RES013543,25-Sep-24,GDS,6.Select,Modified,15-Oct-24,2,183.2,366.4,20,3. Before 4 weeks,Tuesday,2
RES013674,21-Aug-24,GDS,2.Elite,Modified,5-Oct-24,2,190.25,380.5,45,4. More than 4 weeks,Saturday,6
RES013759,15-Aug-24,GDS,3.Premier,Modified,4-Sep-24,2,169.69,339.38,20,3. Before 4 weeks,Wednesday,3
RES013791,22-Aug-24,GDS,2.Elite,Modified,18-Sep-24,2,287.47,574.94,27,3. Before 4 weeks,Wednesday,3
RES013889,14-Aug-24,GDS,5.Preferred,Modified,2-Oct-24,2,117.03,234.06,49,4. More than 4 weeks,Wednesday,3
RES013974,14-Sep-24,GDS,1.Iconic,Modified,22-Sep-24,2,110.19,220.38,8,2. Before 2 weeks,Sunday,0
RES013997,13-Sep-24,GDS,6.Select,Modified,24-Sep-24,2,112.05,224.1,11,2. Before 2 weeks,Tuesday,2
RES014088,25-Jul-24,GDS,6.Select,Modified,8-Oct-24,2,207.26,414.52,75,4. More than 4 weeks,Tuesday,2
RES014104,12-Oct-24,GDS,5.Preferred,Modified,21-Oct-24,2,145.48,290.96,9,2. Before 2 weeks,Monday,1
RES014128,7-Aug-24,GDS,3.Premier,Modified,25-Sep-24,2,133.33,266.66,49,4. More than 4 weeks,Wednesday,3
RES014174,30-Sep-24,GDS,6.Select,Modified,8-Oct-24,2,183.16,366.32,8,2. Before 2 weeks,Tuesday,2
RES014263,13-Sep-24,GDS,5.Preferred,Modified,24-Sep-24,2,133.33,266.66,11,2. Before 2 weeks,Tuesday,2
RES014363,14-Jun-24,GDS,1.Iconic,Modified,13-Sep-24,2,133.33,266.66,91,4. More than 4 weeks,Friday,5
RES014507,15-Aug-24,GDS,6.Select,Modified,6-Sep-24,2,140.96,281.92,22,3. Before 4 weeks,Friday,5
RES014509,7-Aug-24,GDS,5.Preferred,Modified,14-Sep-24,2,135.05,270.1,38,4. More than 4 weeks,Saturday,6
RES014548,7-Aug-24,GDS,6.Select,Modified,24-Sep-24,2,128.74,257.48,48,4. More than 4 weeks,Tuesday,2
RES014591,13-Sep-24,GDS,3.Premier,Modified,30-Sep-24,2,132.52,265.04,17,3. Before 4 weeks,Monday,1
RES014630,6-Sep-24,GDS,2.Elite,Modified,27-Oct-24,2,118.48,236.96,51,4. More than 4 weeks,Sunday,0
RES014673,25-Sep-24,GDS,5.Preferred,Modified,22-Oct-24,2,135.42,270.84,27,3. Before 4 weeks,Tuesday,2
RES014696,5-Sep-24,GDS,2.Elite,Modified,24-Sep-24,2,207.55,415.1,19,3. Before 4 weeks,Tuesday,2
RES009761,20-Oct-24,App,5.Preferred,Modified,29-Oct-24,2,249.6,499.2,9,2. Before 2 weeks,Tuesday,2
RES009787,10-Sep-24,At the hotel,6.Select,Modified,24-Sep-24,2,152.72,305.44,14,2. Before 2 weeks,Tuesday,2
RES009924,27-Aug-24,At the hotel,1.Iconic,Modified,6-Sep-24,2,165.19,330.38,10,2. Before 2 weeks,Friday,5
RES009929,11-Sep-24,Phone,5.Preferred,Modified,22-Sep-24,2,192.37,384.74,11,2. Before 2 weeks,Sunday,0
RES010026,23-Mar-24,At the hotel,1.Iconic,Modified,5-Oct-24,2,86.54,173.08,196,4. More than 4 weeks,Saturday,6
RES010055,18-Apr-24,At the hotel,1.Iconic,Modified,17-Sep-24,2,98.79,197.58,152,4. More than 4 weeks,Tuesday,2
RES010072,12-Sep-24,Phone,5.Preferred,Modified,21-Sep-24,2,203.29,406.58,9,2. Before 2 weeks,Saturday,6
RES010155,16-Sep-24,At the hotel,6.Select,Modified,2-Oct-24,2,151.8,303.6,16,3. Before 4 weeks,Wednesday,3
RES010201,6-Aug-24,At the hotel,1.Iconic,Modified,19-Oct-24,2,86.01,172.02,74,4. More than 4 weeks,Saturday,6
RES010421,23-Aug-24,Phone,3.Premier,Modified,1-Oct-24,2,162.65,325.3,39,4. More than 4 weeks,Tuesday,2
RES010514,8-Jun-24,Connected Wholesaler,6.Select,Modified,16-Sep-24,2,130.14,260.28,100,4. More than 4 weeks,Monday,1
RES010525,24-Apr-24,At the hotel,1.Iconic,Modified,9-Sep-24,2,112.05,224.1,138,4. More than 4 weeks,Monday,1
RES010574,3-Sep-24,Phone,3.Premier,Modified,30-Oct-24,2,130.5,261,57,4. More than 4 weeks,Wednesday,3
RES010729,13-Sep-24,Phone,5.Preferred,Modified,28-Sep-24,2,215.32,430.64,15,3. Before 4 weeks,Saturday,6
RES010845,21-Jul-24,Phone,1.Iconic,Modified,9-Sep-24,2,36.07,72.14,50,4. More than 4 weeks,Monday,1
RES010925,14-Aug-24,At the hotel,2.Elite,Modified,23-Sep-24,2,151.79,303.58,40,4. More than 4 weeks,Monday,1
RES011368,25-Aug-24,Phone,3.Premier,Modified,12-Oct-24,2,192.51,385.02,48,4. More than 4 weeks,Saturday,6
RES011606,24-Jul-24,Phone,6.Select,Modified,28-Oct-24,2,33.81,67.62,96,4. More than 4 weeks,Monday,1
RES011684,27-Aug-24,Phone,6.Select,Modified,29-Sep-24,2,157.57,315.14,33,4. More than 4 weeks,Sunday,0
RES011751,22-Aug-24,At the hotel,2.Elite,Modified,24-Sep-24,2,168.32,336.64,33,4. More than 4 weeks,Tuesday,2
RES011810,3-Oct-24,At the hotel,6.Select,Modified,14-Oct-24,2,122.72,245.44,11,2. Before 2 weeks,Monday,1
RES011870,9-Sep-24,App,5.Preferred,Modified,12-Oct-24,2,143.89,287.78,33,4. More than 4 weeks,Saturday,6
RES012060,8-Aug-24,At the hotel,1.Iconic,Modified,5-Sep-24,2,105.42,210.84,28,3. Before 4 weeks,Thursday,4
RES012219,9-May-24,At the hotel,1.Iconic,Modified,3-Oct-24,2,97.59,195.18,147,4. More than 4 weeks,Thursday,4
RES012287,12-Apr-24,At the hotel,1.Iconic,Modified,10-Sep-24,2,140.6,281.2,151,4. More than 4 weeks,Tuesday,2
RES012347,25-Sep-24,Phone,6.Select,Modified,11-Oct-24,2,170.37,340.74,16,3. Before 4 weeks,Friday,5
RES012359,24-Sep-24,Connected Wholesaler,6.Select,Modified,2-Oct-24,2,75.53,151.06,8,2. Before 2 weeks,Wednesday,3
RES012406,29-Aug-24,Connected Wholesaler,5.Preferred,Modified,3-Oct-24,2,140.96,281.92,35,4. More than 4 weeks,Thursday,4
RES012416,24-Sep-24,Phone,3.Premier,Modified,3-Oct-24,2,124.2,248.4,9,2. Before 2 weeks,Thursday,4
RES012628,19-Aug-24,App,6.Select,Modified,7-Sep-24,2,113.55,227.1,19,3. Before 4 weeks,Saturday,6
RES012637,6-Oct-24,At the hotel,3.Premier,Modified,25-Oct-24,2,151.8,303.6,19,3. Before 4 weeks,Friday,5
RES012667,1-Sep-24,Phone,6.Select,Modified,22-Sep-24,2,152.4,304.8,21,3. Before 4 weeks,Sunday,0
RES012748,28-Sep-24,Phone,6.Select,Modified,23-Oct-24,2,178.91,357.82,25,3. Before 4 weeks,Wednesday,3
RES012856,21-Sep-24,Phone,2.Elite,Modified,1-Oct-24,2,151.83,303.66,10,2. Before 2 weeks,Tuesday,2
RES012861,16-Aug-24,Phone,5.Preferred,Modified,9-Sep-24,2,184.66,369.32,24,3. Before 4 weeks,Monday,1
RES012955,10-Sep-24,At the hotel,6.Select,Modified,23-Sep-24,2,151.8,303.6,13,2. Before 2 weeks,Monday,1
RES013039,3-Sep-24,At the hotel,1.Iconic,Modified,21-Oct-24,2,97.46,194.92,48,4. More than 4 weeks,Monday,1
RES013130,14-Aug-24,Phone,2.Elite,Modified,12-Sep-24,2,144.58,289.16,29,4. More than 4 weeks,Thursday,4
RES013152,17-May-24,At the hotel,1.Iconic,Modified,16-Oct-24,2,98.79,197.58,152,4. More than 4 weeks,Wednesday,3
RES013288,21-Mar-24,At the hotel,1.Iconic,Modified,20-Oct-24,2,101.98,203.96,213,4. More than 4 weeks,Sunday,0
RES013320,14-Sep-24,Phone,2.Elite,Modified,1-Oct-24,2,155.15,310.3,17,3. Before 4 weeks,Tuesday,2
RES013428,13-Sep-24,Phone,5.Preferred,Modified,30-Oct-24,2,205.09,410.18,47,4. More than 4 weeks,Wednesday,3
RES013535,17-Aug-24,At the hotel,2.Elite,Modified,26-Sep-24,2,151.79,303.58,40,4. More than 4 weeks,Thursday,4
RES013565,13-Jun-24,At the hotel,1.Iconic,Modified,12-Oct-24,2,139.76,279.52,121,4. More than 4 weeks,Saturday,6
RES013612,21-May-24,At the hotel,1.Iconic,Modified,6-Oct-24,2,112.05,224.1,138,4. More than 4 weeks,Sunday,0
RES013818,19-Jul-24,Phone,6.Select,Modified,28-Sep-24,2,180.72,361.44,71,4. More than 4 weeks,Saturday,6
RES013882,16-Oct-24,Phone,6.Select,Modified,4-Nov-24,2,133.33,266.66,19,3. Before 4 weeks,Monday,1
RES013919,1-Oct-24,At the hotel,3.Premier,Modified,13-Oct-24,2,192.93,385.86,12,2. Before 2 weeks,Sunday,0
RES014016,26-Apr-24,At the hotel,1.Iconic,Modified,25-Sep-24,2,98.79,197.58,152,4. More than 4 weeks,Wednesday,3
RES014112,13-Oct-24,At the hotel,6.Select,Modified,27-Oct-24,2,152.72,305.44,14,2. Before 2 weeks,Sunday,0
RES014229,3-Mar-24,At the hotel,1.Iconic,Modified,2-Oct-24,2,101.98,203.96,213,4. More than 4 weeks,Wednesday,3
RES014270,2-May-24,At the hotel,1.Iconic,Modified,30-Sep-24,2,140.6,281.2,151,4. More than 4 weeks,Monday,1
RES014289,2-May-24,At the hotel,1.Iconic,Modified,1-Oct-24,2,98.79,197.58,152,4. More than 4 weeks,Tuesday,2
RES014332,30-Apr-24,Phone,6.Select,Modified,6-Sep-24,2,0,0,129,4. More than 4 weeks,Friday,5
RES014393,1-Jun-24,At the hotel,1.Iconic,Modified,9-Sep-24,2,217.62,435.24,100,4. More than 4 weeks,Monday,1
RES014463,25-Nov-23,At the hotel,1.Iconic,Modified,9-Oct-24,2,87.2,174.4,319,4. More than 4 weeks,Wednesday,3
RES014486,19-Jul-24,At the hotel,1.Iconic,Modified,17-Sep-24,2,105.42,210.84,60,4. More than 4 weeks,Tuesday,2
RES014581,11-Aug-24,At the hotel,2.Elite,Modified,20-Sep-24,2,151.79,303.58,40,4. More than 4 weeks,Friday,5
RES009724,19-Sep-24,Velora.com,4.Essential,Modified,27-Sep-24,2,122.89,245.78,8,2. Before 2 weeks,Friday,5
RES009734,9-Aug-24,Velora.com,4.Essential,Modified,20-Sep-24,2,200.28,400.56,42,4. More than 4 weeks,Friday,5
RES009748,11-Sep-24,Phone,4.Essential,Modified,30-Sep-24,2,224.11,448.22,19,3. Before 4 weeks,Monday,1
RES009830,29-Aug-24,Phone,4.Essential,Modified,6-Sep-24,2,138.55,277.1,8,2. Before 2 weeks,Friday,5
RES009843,23-Aug-24,GDS,4.Essential,Modified,17-Oct-24,2,122.88,245.76,55,4. More than 4 weeks,Thursday,4
RES009847,10-Sep-24,GDS,4.Essential,Modified,17-Oct-24,2,236.36,472.72,37,4. More than 4 weeks,Thursday,4
RES009856,18-Sep-24,Phone,4.Essential,Modified,29-Sep-24,2,114.46,228.92,11,2. Before 2 weeks,Sunday,0
RES009882,28-Sep-24,GDS,4.Essential,Modified,16-Oct-24,2,204.82,409.64,18,3. Before 4 weeks,Wednesday,3
RES009935,20-Sep-24,App,4.Essential,Modified,4-Oct-24,2,121.53,243.06,14,2. Before 2 weeks,Friday,5
RES009967,21-Sep-24,At the hotel,4.Essential,Modified,26-Oct-24,2,218.07,436.14,35,4. More than 4 weeks,Saturday,6
RES009981,5-Sep-24,Phone,4.Essential,Modified,18-Sep-24,2,201.37,402.74,13,2. Before 2 weeks,Wednesday,3
RES009985,24-Mar-24,At the hotel,4.Essential,Modified,21-Sep-24,2,112.04,224.08,181,4. More than 4 weeks,Saturday,6
RES010037,3-Sep-24,Velora.com,4.Essential,Modified,20-Oct-24,2,153.74,307.48,47,4. More than 4 weeks,Sunday,0
RES010141,26-Sep-24,App,4.Essential,Modified,15-Oct-24,2,191.06,382.12,19,3. Before 4 weeks,Tuesday,2
RES010214,13-Sep-24,Velora.com,4.Essential,Modified,30-Sep-24,2,143.03,286.06,17,3. Before 4 weeks,Monday,1
RES010244,26-Aug-24,At the hotel,4.Essential,Modified,30-Sep-24,2,218.07,436.14,35,4. More than 4 weeks,Monday,1
RES010257,8-Sep-24,GDS,4.Essential,Modified,29-Sep-24,2,96.46,192.92,21,3. Before 4 weeks,Sunday,0
RES010293,18-Aug-24,Velora.com,4.Essential,Modified,15-Oct-24,2,166.3,332.6,58,4. More than 4 weeks,Tuesday,2
RES010359,5-Oct-24,At the hotel,4.Essential,Modified,18-Oct-24,2,163.07,326.14,13,2. Before 2 weeks,Friday,5
RES010428,25-Sep-24,GDS,4.Essential,Modified,30-Oct-24,2,216.58,433.16,35,4. More than 4 weeks,Wednesday,3
RES010480,14-Sep-24,Velora.com,4.Essential,Modified,9-Oct-24,2,219.83,439.66,25,3. Before 4 weeks,Wednesday,3
RES010488,18-Aug-24,Velora.com,4.Essential,Modified,17-Oct-24,2,389.11,778.22,60,4. More than 4 weeks,Thursday,4
RES010499,4-Sep-24,GDS,4.Essential,Modified,10-Oct-24,2,168.81,337.62,36,4. More than 4 weeks,Thursday,4
RES010534,6-Sep-24,Connected Wholesaler,4.Essential,Modified,16-Sep-24,2,123.63,247.26,10,2. Before 2 weeks,Monday,1
RES010583,22-Aug-24,GDS,4.Essential,Modified,16-Sep-24,2,135.42,270.84,25,3. Before 4 weeks,Monday,1
RES010603,28-Aug-24,Velora.com,4.Essential,Modified,16-Sep-24,2,224.52,449.04,19,3. Before 4 weeks,Monday,1
RES010633,20-Sep-24,Velora.com,4.Essential,Modified,5-Oct-24,2,214.64,429.28,15,3. Before 4 weeks,Saturday,6
RES010638,26-Sep-24,GDS,4.Essential,Modified,22-Oct-24,2,111.85,223.7,26,3. Before 4 weeks,Tuesday,2
RES010657,4-Jul-24,Velora.com,4.Essential,Modified,6-Sep-24,2,33.71,67.42,64,4. More than 4 weeks,Friday,5
RES010725,17-Oct-24,At the hotel,4.Essential,Modified,26-Oct-24,2,147.88,295.76,9,2. Before 2 weeks,Saturday,6
RES010739,4-Aug-24,GDS,4.Essential,Modified,22-Oct-24,2,194.58,389.16,79,4. More than 4 weeks,Tuesday,2
RES010747,14-Sep-24,GDS,4.Essential,Modified,15-Oct-24,2,260.6,521.2,31,4. More than 4 weeks,Tuesday,2
RES010784,18-Sep-24,GDS,4.Essential,Modified,1-Oct-24,2,132.53,265.06,13,2. Before 2 weeks,Tuesday,2
RES010788,4-Sep-24,App,4.Essential,Modified,13-Sep-24,2,138.54,277.08,9,2. Before 2 weeks,Friday,5
RES010867,29-Aug-24,Phone,4.Essential,Modified,6-Sep-24,2,138.55,277.1,8,2. Before 2 weeks,Friday,5
RES010872,24-Sep-24,Velora.com,4.Essential,Modified,15-Oct-24,2,150.6,301.2,21,3. Before 4 weeks,Tuesday,2
RES010907,31-Aug-24,GDS,4.Essential,Modified,3-Oct-24,2,120.48,240.96,33,4. More than 4 weeks,Thursday,4
RES010926,2-Oct-24,Phone,4.Essential,Modified,21-Oct-24,2,167.85,335.7,19,3. Before 4 weeks,Monday,1
RES010930,26-Aug-24,App,4.Essential,Modified,6-Sep-24,2,190.3,380.6,11,2. Before 2 weeks,Friday,5
RES010979,15-Aug-24,Phone,4.Essential,Modified,4-Sep-24,2,177.09,354.18,20,3. Before 4 weeks,Wednesday,3
RES010985,17-Apr-24,App,4.Essential,Modified,30-Oct-24,2,142.5,285,196,4. More than 4 weeks,Wednesday,3
RES010995,18-Sep-24,App,4.Essential,Modified,13-Oct-24,2,164.26,328.52,25,3. Before 4 weeks,Sunday,0
RES011049,22-Aug-24,At the hotel,4.Essential,Modified,26-Sep-24,2,218.07,436.14,35,4. More than 4 weeks,Thursday,4
RES011064,22-Jul-24,Velora.com,4.Essential,Modified,24-Sep-24,2,183.11,366.22,64,4. More than 4 weeks,Tuesday,2
RES011139,14-Aug-24,At the hotel,4.Essential,Modified,18-Sep-24,2,218.07,436.14,35,4. More than 4 weeks,Wednesday,3
RES011190,19-Sep-24,GDS,4.Essential,Modified,2-Oct-24,2,138.03,276.06,13,2. Before 2 weeks,Wednesday,3
RES011272,5-Oct-24,At the hotel,4.Essential,Modified,15-Oct-24,2,0,0,10,2. Before 2 weeks,Tuesday,2
RES011278,26-Aug-24,GDS,4.Essential,Modified,10-Sep-24,2,138.05,276.1,15,3. Before 4 weeks,Tuesday,2
RES011304,19-Sep-24,Velora.com,4.Essential,Modified,8-Oct-24,2,158.6,317.2,19,3. Before 4 weeks,Tuesday,2
RES011362,14-Sep-24,Velora.com,4.Essential,Modified,2-Oct-24,2,194.87,389.74,18,3. Before 4 weeks,Wednesday,3
RES011388,9-Oct-24,Connected Wholesaler,4.Essential,Modified,23-Oct-24,2,94.22,188.44,14,2. Before 2 weeks,Wednesday,3
RES011402,3-Sep-24,App,4.Essential,Modified,19-Sep-24,2,174.35,348.7,16,3. Before 4 weeks,Thursday,4
RES011526,2-Aug-24,GDS,4.Essential,Modified,5-Sep-24,2,200.16,400.32,34,4. More than 4 weeks,Thursday,4
RES011536,27-Sep-24,GDS,4.Essential,Modified,15-Oct-24,2,120.58,241.16,18,3. Before 4 weeks,Tuesday,2
RES011605,15-Sep-24,Velora.com,4.Essential,Modified,27-Sep-24,2,109.12,218.24,12,2. Before 2 weeks,Friday,5
RES011643,7-Sep-24,App,4.Essential,Modified,5-Oct-24,2,174.33,348.66,28,3. Before 4 weeks,Saturday,6
RES011710,14-Oct-24,Phone,4.Essential,Modified,22-Oct-24,2,146.99,293.98,8,2. Before 2 weeks,Tuesday,2
RES011900,14-Jul-24,Velora.com,4.Essential,Modified,19-Sep-24,2,198.53,397.06,67,4. More than 4 weeks,Thursday,4
RES011927,28-Aug-24,App,4.Essential,Modified,1-Oct-24,2,233.59,467.18,34,4. More than 4 weeks,Tuesday,2
RES012011,12-Sep-24,GDS,4.Essential,Modified,5-Oct-24,2,139.09,278.18,23,3. Before 4 weeks,Saturday,6
RES012041,18-Oct-24,At the hotel,4.Essential,Modified,30-Oct-24,2,0,0,12,2. Before 2 weeks,Wednesday,3
RES012066,9-Oct-24,GDS,4.Essential,Modified,24-Oct-24,2,120.48,240.96,15,3. Before 4 weeks,Thursday,4
RES012309,12-Sep-24,Velora.com,4.Essential,Modified,26-Sep-24,2,138.78,277.56,14,2. Before 2 weeks,Thursday,4
RES012399,3-Sep-24,GDS,4.Essential,Modified,16-Sep-24,2,112.65,225.3,13,2. Before 2 weeks,Monday,1
RES012422,27-Sep-24,GDS,4.Essential,Modified,19-Oct-24,2,128.01,256.02,22,3. Before 4 weeks,Saturday,6
RES012430,18-Sep-24,Velora.com,4.Essential,Modified,26-Sep-24,2,194.98,389.96,8,2. Before 2 weeks,Thursday,4
RES012463,23-Sep-24,Velora.com,4.Essential,Modified,8-Oct-24,2,218.41,436.82,15,3. Before 4 weeks,Tuesday,2
RES012478,27-Jul-24,Velora.com,4.Essential,Modified,6-Sep-24,2,180.87,361.74,41,4. More than 4 weeks,Friday,5
RES012484,25-Aug-24,Velora.com,4.Essential,Modified,8-Sep-24,2,231.63,463.26,14,2. Before 2 weeks,Sunday,0
RES012568,1-Jul-24,GDS,4.Essential,Modified,5-Oct-24,2,139.71,279.42,96,4. More than 4 weeks,Saturday,6
RES012576,1-Sep-24,Phone,4.Essential,Modified,9-Sep-24,2,128.5,257,8,2. Before 2 weeks,Monday,1
RES012642,4-Sep-24,Velora.com,4.Essential,Modified,17-Sep-24,2,200.9,401.8,13,2. Before 2 weeks,Tuesday,2
RES012671,8-Sep-24,Velora.com,4.Essential,Modified,26-Oct-24,2,166.1,332.2,48,4. More than 4 weeks,Saturday,6
RES012720,11-Sep-24,GDS,4.Essential,Modified,13-Oct-24,2,138.67,277.34,32,4. More than 4 weeks,Sunday,0
RES012753,7-Oct-24,Phone,4.Essential,Modified,17-Oct-24,2,176.05,352.1,10,2. Before 2 weeks,Thursday,4
RES012837,31-Aug-24,App,4.Essential,Modified,19-Sep-24,2,206.92,413.84,19,3. Before 4 weeks,Thursday,4
RES012897,3-Sep-24,GDS,4.Essential,Modified,11-Sep-24,2,123.73,247.46,8,2. Before 2 weeks,Wednesday,3
RES012899,16-Sep-24,Connected Wholesaler,4.Essential,Modified,6-Oct-24,2,104.82,209.64,20,3. Before 4 weeks,Sunday,0
RES012930,2-Oct-24,Velora.com,4.Essential,Modified,11-Oct-24,2,177.04,354.08,9,2. Before 2 weeks,Friday,5
RES013034,5-Sep-24,At the hotel,4.Essential,Modified,7-Oct-24,2,157.83,315.66,32,4. More than 4 weeks,Monday,1
RES013043,13-Oct-24,At the hotel,4.Essential,Modified,22-Oct-24,2,149.38,298.76,9,2. Before 2 weeks,Tuesday,2
RES013049,27-Aug-24,GDS,4.Essential,Modified,1-Oct-24,2,216.58,433.16,35,4. More than 4 weeks,Tuesday,2
RES013054,12-Sep-24,At the hotel,4.Essential,Modified,2-Oct-24,2,102.71,205.42,20,3. Before 4 weeks,Wednesday,3
RES013063,14-Aug-24,Velora.com,4.Essential,Modified,22-Sep-24,2,136.59,273.18,39,4. More than 4 weeks,Sunday,0
RES013082,3-Oct-24,Velora.com,4.Essential,Modified,15-Oct-24,2,262.73,525.46,12,2. Before 2 weeks,Tuesday,2
RES013104,27-Sep-24,Phone,4.Essential,Modified,5-Oct-24,2,124.26,248.52,8,2. Before 2 weeks,Saturday,6
RES013131,16-Sep-24,App,4.Essential,Modified,29-Sep-24,2,115.93,231.86,13,2. Before 2 weeks,Sunday,0
RES013160,7-Sep-24,GDS,4.Essential,Modified,13-Oct-24,2,152.71,305.42,36,4. More than 4 weeks,Sunday,0
RES013251,19-Aug-24,GDS,4.Essential,Modified,17-Sep-24,2,137.43,274.86,29,4. More than 4 weeks,Tuesday,2
RES013262,8-Sep-24,At the hotel,4.Essential,Modified,6-Oct-24,2,0,0,28,3. Before 4 weeks,Sunday,0
RES013295,31-Aug-24,App,4.Essential,Modified,8-Sep-24,2,132.52,265.04,8,2. Before 2 weeks,Sunday,0
RES013313,19-Aug-24,GDS,4.Essential,Modified,9-Sep-24,2,134.34,268.68,21,3. Before 4 weeks,Monday,1
RES013321,30-Sep-24,GDS,4.Essential,Modified,16-Oct-24,2,133.13,266.26,16,3. Before 4 weeks,Wednesday,3
RES013533,16-Aug-24,Phone,4.Essential,Modified,27-Sep-24,2,139.76,279.52,42,4. More than 4 weeks,Friday,5
RES013537,15-Aug-24,Connected Wholesaler,4.Essential,Modified,8-Sep-24,2,98.3,196.6,24,3. Before 4 weeks,Sunday,0
RES013579,18-Sep-24,At the hotel,4.Essential,Modified,26-Sep-24,2,124.09,248.18,8,2. Before 2 weeks,Thursday,4
RES013641,22-Aug-24,GDS,4.Essential,Modified,16-Sep-24,2,168.81,337.62,25,3. Before 4 weeks,Monday,1
RES013722,22-Sep-24,Phone,4.Essential,Modified,24-Oct-24,2,150.59,301.18,32,4. More than 4 weeks,Thursday,4
RES013747,8-Sep-24,Velora.com,4.Essential,Modified,27-Sep-24,2,215.82,431.64,19,3. Before 4 weeks,Friday,5
RES013804,17-Sep-24,Velora.com,4.Essential,Modified,7-Oct-24,2,202.33,404.66,20,3. Before 4 weeks,Monday,1
RES013806,12-Oct-24,Phone,4.Essential,Modified,2-Nov-24,2,160.04,320.08,21,3. Before 4 weeks,Saturday,6
RES013872,8-Oct-24,App,4.Essential,Modified,2-Nov-24,2,148.78,297.56,25,3. Before 4 weeks,Saturday,6
RES013894,3-Aug-24,GDS,4.Essential,Modified,10-Oct-24,2,190.34,380.68,68,4. More than 4 weeks,Thursday,4
RES014191,8-Sep-24,Velora.com,4.Essential,Modified,14-Oct-24,2,163.6,327.2,36,4. More than 4 weeks,Monday,1
RES014223,17-Sep-24,Velora.com,4.Essential,Modified,25-Sep-24,2,177.84,355.68,8,2. Before 2 weeks,Wednesday,3
RES014241,23-Sep-24,GDS,4.Essential,Modified,3-Oct-24,2,121.68,243.36,10,2. Before 2 weeks,Thursday,4
RES014312,8-Oct-24,Velora.com,4.Essential,Modified,17-Oct-24,2,163.61,327.22,9,2. Before 2 weeks,Thursday,4
RES014313,14-Sep-24,Velora.com,4.Essential,Modified,22-Sep-24,2,136.59,273.18,8,2. Before 2 weeks,Sunday,0
RES014346,2-Sep-24,GDS,4.Essential,Modified,30-Sep-24,2,149.39,298.78,28,3. Before 4 weeks,Monday,1
RES014360,12-Jul-24,GDS,4.Essential,Modified,25-Sep-24,2,199.7,399.4,75,4. More than 4 weeks,Wednesday,3
RES014426,28-Aug-24,Velora.com,4.Essential,Modified,22-Sep-24,2,131.58,263.16,25,3. Before 4 weeks,Sunday,0
RES014468,26-Aug-24,Phone,4.Essential,Modified,7-Sep-24,2,176.45,352.9,12,2. Before 2 weeks,Saturday,6
RES014474,6-Sep-24,GDS,4.Essential,Modified,20-Sep-24,2,96.46,192.92,14,2. Before 2 weeks,Friday,5
RES014493,11-Oct-24,At the hotel,4.Essential,Modified,26-Oct-24,2,118.17,236.34,15,3. Before 4 weeks,Saturday,6
RES014503,22-Sep-24,App,4.Essential,Modified,17-Oct-24,2,147.5,295,25,3. Before 4 weeks,Thursday,4
RES014526,15-Oct-24,Velora.com,4.Essential,Modified,24-Oct-24,2,114.43,228.86,9,2. Before 2 weeks,Thursday,4
RES014541,10-Sep-24,GDS,4.Essential,Modified,30-Sep-24,2,123.63,247.26,20,3. Before 4 weeks,Monday,1
RES014666,4-Sep-24,At the hotel,4.Essential,Modified,22-Sep-24,2,0,0,18,3. Before 4 weeks,Sunday,0
RES014668,14-Sep-24,Phone,4.Essential,Modified,8-Oct-24,2,184.66,369.32,24,3. Before 4 weeks,Tuesday,2
RES009727,2-Aug-24,GDS,0.Non-member,Modified,13-Sep-24,2,186.74,373.48,42,4. More than 4 weeks,Friday,5
RES009755,15-Jul-24,Phone,0.Non-member,Modified,16-Oct-24,2,150.6,301.2,93,4. More than 4 weeks,Wednesday,3
RES009777,23-Aug-24,Connected Wholesaler,0.Non-member,Modified,15-Sep-24,2,98.02,196.04,23,3. Before 4 weeks,Sunday,0
RES009784,2-Sep-24,App,0.Non-member,Modified,11-Sep-24,2,186.9,373.8,9,2. Before 2 weeks,Wednesday,3
RES009845,28-Aug-24,At the hotel,0.Non-member,Modified,20-Sep-24,2,72.29,144.58,23,3. Before 4 weeks,Friday,5
RES009909,15-Aug-24,Velora.com,0.Non-member,Modified,15-Sep-24,2,126.16,252.32,31,4. More than 4 weeks,Sunday,0
RES009921,25-Aug-24,App,0.Non-member,Modified,7-Oct-24,2,285.8,571.6,43,4. More than 4 weeks,Monday,1
RES009927,2-Sep-24,GDS,0.Non-member,Modified,10-Oct-24,2,132.53,265.06,38,4. More than 4 weeks,Thursday,4
RES009933,6-Aug-24,Connected Wholesaler,0.Non-member,Modified,15-Sep-24,2,104.01,208.02,40,4. More than 4 weeks,Sunday,0
RES009940,11-Sep-24,Phone,0.Non-member,Modified,14-Oct-24,2,200.65,401.3,33,4. More than 4 weeks,Monday,1
RES009961,19-Sep-24,App,0.Non-member,Modified,1-Oct-24,2,201.88,403.76,12,2. Before 2 weeks,Tuesday,2
RES009990,1-Oct-24,App,0.Non-member,Modified,18-Oct-24,2,163.07,326.14,17,3. Before 4 weeks,Friday,5
RES010001,16-Aug-24,App,0.Non-member,Modified,4-Sep-24,2,210.32,420.64,19,3. Before 4 weeks,Wednesday,3
RES010006,24-Sep-24,Velora.com,0.Non-member,Modified,31-Oct-24,2,171.07,342.14,37,4. More than 4 weeks,Thursday,4
RES010019,12-Oct-24,Phone,0.Non-member,Modified,22-Oct-24,2,177.25,354.5,10,2. Before 2 weeks,Tuesday,2
RES010053,2-Sep-24,App,0.Non-member,Modified,23-Sep-24,2,182.72,365.44,21,3. Before 4 weeks,Monday,1
RES010083,20-Aug-24,App,0.Non-member,Modified,25-Sep-24,2,227.11,454.22,36,4. More than 4 weeks,Wednesday,3
RES010086,3-Sep-24,GDS,0.Non-member,Modified,21-Sep-24,2,100.36,200.72,18,3. Before 4 weeks,Saturday,6
RES010178,18-Jul-24,App,0.Non-member,Modified,22-Sep-24,2,154.52,309.04,66,4. More than 4 weeks,Sunday,0
RES010179,8-Aug-24,App,0.Non-member,Modified,30-Oct-24,2,230.11,460.22,83,4. More than 4 weeks,Wednesday,3
RES010224,8-Oct-24,Velora.com,0.Non-member,Modified,22-Oct-24,2,149.79,299.58,14,2. Before 2 weeks,Tuesday,2
RES010233,5-Aug-24,GDS,0.Non-member,Modified,12-Sep-24,2,213.81,427.62,38,4. More than 4 weeks,Thursday,4
RES010242,24-Sep-24,At the hotel,0.Non-member,Modified,7-Oct-24,2,0,0,13,2. Before 2 weeks,Monday,1
RES010253,18-Sep-24,Phone,0.Non-member,Modified,26-Sep-24,2,144.56,289.12,8,2. Before 2 weeks,Thursday,4
RES010255,5-Aug-24,At the hotel,0.Non-member,Modified,26-Sep-24,2,158.77,317.54,52,4. More than 4 weeks,Thursday,4
RES010264,21-Sep-24,GDS,0.Non-member,Modified,8-Oct-24,2,192.51,385.02,17,3. Before 4 weeks,Tuesday,2
RES010294,5-Oct-24,Connected Wholesaler,0.Non-member,Modified,13-Oct-24,2,93.82,187.64,8,2. Before 2 weeks,Sunday,0
RES010327,21-Sep-24,Velora.com,0.Non-member,Modified,20-Oct-24,2,129.88,259.76,29,4. More than 4 weeks,Sunday,0
RES010394,27-Aug-24,Connected Wholesaler,0.Non-member,Modified,4-Sep-24,2,164.59,329.18,8,2. Before 2 weeks,Wednesday,3
RES010406,10-Aug-24,GDS,0.Non-member,Modified,13-Sep-24,2,117.77,235.54,34,4. More than 4 weeks,Friday,5
RES010416,27-Sep-24,At the hotel,0.Non-member,Modified,16-Oct-24,2,206.06,412.12,19,3. Before 4 weeks,Wednesday,3
RES010422,8-Sep-24,Phone,0.Non-member,Modified,19-Sep-24,2,198.84,397.68,11,2. Before 2 weeks,Thursday,4
RES010436,24-Sep-24,At the hotel,0.Non-member,Modified,6-Oct-24,2,63.03,126.06,12,2. Before 2 weeks,Sunday,0
RES010481,29-Aug-24,Velora.com,0.Non-member,Modified,5-Oct-24,2,128.9,257.8,37,4. More than 4 weeks,Saturday,6
RES010492,1-Oct-24,At the hotel,0.Non-member,Modified,27-Oct-24,2,0,0,26,3. Before 4 weeks,Sunday,0
RES010516,18-Oct-24,GDS,0.Non-member,Modified,29-Oct-24,2,112.65,225.3,11,2. Before 2 weeks,Tuesday,2
RES010579,21-Sep-24,At the hotel,0.Non-member,Modified,30-Sep-24,2,33.73,67.46,9,2. Before 2 weeks,Monday,1
RES010614,18-Sep-24,Connected Wholesaler,0.Non-member,Modified,11-Oct-24,2,100.3,200.6,23,3. Before 4 weeks,Friday,5
RES010644,30-Sep-24,At the hotel,0.Non-member,Modified,8-Oct-24,2,33.73,67.46,8,2. Before 2 weeks,Tuesday,2
RES010647,5-Oct-24,Phone,0.Non-member,Modified,26-Oct-24,2,152.4,304.8,21,3. Before 4 weeks,Saturday,6
RES010676,17-Mar-24,Phone,0.Non-member,Modified,13-Oct-24,2,94.06,188.12,210,4. More than 4 weeks,Sunday,0
RES010719,29-Sep-24,Connected Wholesaler,0.Non-member,Modified,13-Oct-24,2,96.06,192.12,14,2. Before 2 weeks,Sunday,0
RES010751,21-Sep-24,At the hotel,0.Non-member,Modified,22-Oct-24,2,182.56,365.12,31,4. More than 4 weeks,Tuesday,2
RES010760,5-Oct-24,Connected Wholesaler,0.Non-member,Modified,18-Oct-24,2,65.17,130.34,13,2. Before 2 weeks,Friday,5
RES010808,15-Aug-24,GDS,0.Non-member,Modified,11-Sep-24,2,189.96,379.92,27,3. Before 4 weeks,Wednesday,3
RES010816,19-Sep-24,App,0.Non-member,Modified,1-Oct-24,2,134.93,269.86,12,2. Before 2 weeks,Tuesday,2
RES010823,11-Sep-24,Connected Wholesaler,0.Non-member,Modified,14-Oct-24,2,121.54,243.08,33,4. More than 4 weeks,Monday,1
RES010843,3-Sep-24,At the hotel,0.Non-member,Modified,17-Sep-24,2,0,0,14,2. Before 2 weeks,Tuesday,2
RES010916,27-Jul-24,Phone,0.Non-member,Modified,9-Sep-24,2,180.12,360.24,44,4. More than 4 weeks,Monday,1
RES010934,27-Sep-24,App,0.Non-member,Modified,5-Oct-24,2,116.87,233.74,8,2. Before 2 weeks,Saturday,6
RES010950,28-Aug-24,Velora.com,0.Non-member,Modified,11-Oct-24,2,126.5,253,44,4. More than 4 weeks,Friday,5
RES010952,9-Sep-24,Velora.com,0.Non-member,Modified,21-Sep-24,2,116.5,233,12,2. Before 2 weeks,Saturday,6
RES010986,31-Aug-24,App,0.Non-member,Modified,22-Sep-24,2,121.13,242.26,22,3. Before 4 weeks,Sunday,0
RES010989,23-Oct-24,Connected Wholesaler,0.Non-member,Modified,2-Nov-24,2,99.5,199,10,2. Before 2 weeks,Saturday,6
RES010991,26-Jul-24,Connected Wholesaler,0.Non-member,Modified,7-Sep-24,2,255.57,511.14,43,4. More than 4 weeks,Saturday,6
RES011030,11-Sep-24,Phone,0.Non-member,Modified,26-Sep-24,2,176.97,353.94,15,3. Before 4 weeks,Thursday,4
RES011071,3-Sep-24,Phone,0.Non-member,Modified,15-Sep-24,2,143.97,287.94,12,2. Before 2 weeks,Sunday,0
RES011149,22-Sep-24,App,0.Non-member,Modified,30-Sep-24,2,118.09,236.18,8,2. Before 2 weeks,Monday,1
RES011188,12-Oct-24,GDS,0.Non-member,Modified,23-Oct-24,2,158.73,317.46,11,2. Before 2 weeks,Wednesday,3
RES011225,24-Aug-24,At the hotel,0.Non-member,Modified,7-Sep-24,2,0,0,14,2. Before 2 weeks,Saturday,6
RES011226,10-Sep-24,App,0.Non-member,Modified,16-Oct-24,2,184.85,369.7,36,4. More than 4 weeks,Wednesday,3
RES011235,30-Aug-24,Connected Wholesaler,0.Non-member,Modified,8-Sep-24,2,90.46,180.92,9,2. Before 2 weeks,Sunday,0
RES011268,24-Aug-24,At the hotel,0.Non-member,Modified,5-Sep-24,2,33.73,67.46,12,2. Before 2 weeks,Thursday,4
RES011280,6-Sep-24,Phone,0.Non-member,Modified,22-Sep-24,2,128.61,257.22,16,3. Before 4 weeks,Sunday,0
RES011331,18-Sep-24,Phone,0.Non-member,Modified,1-Oct-24,2,122.88,245.76,13,2. Before 2 weeks,Tuesday,2
RES011335,6-Aug-24,GDS,0.Non-member,Modified,14-Sep-24,2,130.12,260.24,39,4. More than 4 weeks,Saturday,6
RES011377,18-Aug-24,Phone,0.Non-member,Modified,20-Sep-24,2,176.58,353.16,33,4. More than 4 weeks,Friday,5
RES011473,16-Sep-24,Phone,0.Non-member,Modified,29-Sep-24,2,163.99,327.98,13,2. Before 2 weeks,Sunday,0
RES011507,29-Aug-24,GDS,0.Non-member,Modified,17-Sep-24,2,236.74,473.48,19,3. Before 4 weeks,Tuesday,2
RES011549,26-Sep-24,GDS,0.Non-member,Modified,14-Oct-24,2,120.58,241.16,18,3. Before 4 weeks,Monday,1
RES011552,24-Aug-24,Connected Wholesaler,0.Non-member,Modified,12-Sep-24,2,163.19,326.38,19,3. Before 4 weeks,Thursday,4
RES011575,13-Oct-24,Phone,0.Non-member,Modified,21-Oct-24,2,172.2,344.4,8,2. Before 2 weeks,Monday,1
RES011577,23-Sep-24,At the hotel,0.Non-member,Modified,14-Oct-24,2,144.58,289.16,21,3. Before 4 weeks,Monday,1
RES011600,4-Oct-24,At the hotel,0.Non-member,Modified,16-Oct-24,2,33.73,67.46,12,2. Before 2 weeks,Wednesday,3
RES011651,27-Sep-24,Connected Wholesaler,0.Non-member,Modified,23-Oct-24,2,238.14,476.28,26,3. Before 4 weeks,Wednesday,3
RES011658,4-Sep-24,At the hotel,0.Non-member,Modified,12-Sep-24,2,135.76,271.52,8,2. Before 2 weeks,Thursday,4
RES011705,27-Sep-24,App,0.Non-member,Modified,6-Oct-24,2,109.04,218.08,9,2. Before 2 weeks,Sunday,0
RES011764,2-Sep-24,At the hotel,0.Non-member,Modified,26-Sep-24,2,0,0,24,3. Before 4 weeks,Thursday,4
RES011776,13-Aug-24,App,0.Non-member,Modified,13-Sep-24,2,137.46,274.92,31,4. More than 4 weeks,Friday,5
RES011796,4-Sep-24,App,0.Non-member,Modified,10-Oct-24,2,254.67,509.34,36,4. More than 4 weeks,Thursday,4
RES011808,15-Jul-24,Phone,0.Non-member,Modified,14-Oct-24,2,141.61,283.22,91,4. More than 4 weeks,Monday,1
RES011829,9-Oct-24,App,0.Non-member,Modified,17-Oct-24,2,156.61,313.22,8,2. Before 2 weeks,Thursday,4
RES011856,4-Aug-24,At the hotel,0.Non-member,Modified,22-Sep-24,2,158.77,317.54,49,4. More than 4 weeks,Sunday,0
RES011867,17-Sep-24,Connected Wholesaler,0.Non-member,Modified,4-Oct-24,2,64.69,129.38,17,3. Before 4 weeks,Friday,5
RES011909,4-Sep-24,App,0.Non-member,Modified,25-Sep-24,2,186.74,373.48,21,3. Before 4 weeks,Wednesday,3
RES011917,1-Sep-24,At the hotel,0.Non-member,Modified,28-Sep-24,2,126.49,252.98,27,3. Before 4 weeks,Saturday,6
RES011935,27-Aug-24,App,0.Non-member,Modified,15-Sep-24,2,195.48,390.96,19,3. Before 4 weeks,Sunday,0
RES011936,11-Sep-24,Phone,0.Non-member,Modified,19-Sep-24,2,200.24,400.48,8,2. Before 2 weeks,Thursday,4
RES011953,25-Sep-24,App,0.Non-member,Modified,17-Oct-24,2,198.78,397.56,22,3. Before 4 weeks,Thursday,4
RES011969,10-Sep-24,Connected Wholesaler,0.Non-member,Modified,22-Sep-24,2,91.26,182.52,12,2. Before 2 weeks,Sunday,0
RES011975,10-Aug-24,GDS,0.Non-member,Modified,17-Sep-24,2,190.34,380.68,38,4. More than 4 weeks,Tuesday,2
RES011976,2-Sep-24,At the hotel,0.Non-member,Modified,17-Sep-24,2,33.94,67.88,15,3. Before 4 weeks,Tuesday,2
RES012039,17-Sep-24,GDS,0.Non-member,Modified,7-Oct-24,2,108.66,217.32,20,3. Before 4 weeks,Monday,1
RES012081,28-Aug-24,App,0.Non-member,Modified,12-Sep-24,2,137.05,274.1,15,3. Before 4 weeks,Thursday,4
RES012139,9-Oct-24,GDS,0.Non-member,Modified,23-Oct-24,2,158.77,317.54,14,2. Before 2 weeks,Wednesday,3
RES012154,27-Sep-24,At the hotel,0.Non-member,Modified,18-Oct-24,2,72.29,144.58,21,3. Before 4 weeks,Friday,5
RES012163,25-Sep-24,App,0.Non-member,Modified,2-Nov-24,2,140.38,280.76,38,4. More than 4 weeks,Saturday,6
RES012258,19-Sep-24,Velora.com,0.Non-member,Modified,3-Oct-24,2,162.63,325.26,14,2. Before 2 weeks,Thursday,4
RES012273,11-Sep-24,At the hotel,0.Non-member,Modified,20-Sep-24,2,70.48,140.96,9,2. Before 2 weeks,Friday,5
RES012330,12-Sep-24,Phone,0.Non-member,Modified,22-Sep-24,2,140.96,281.92,10,2. Before 2 weeks,Sunday,0
RES012392,8-Sep-24,At the hotel,0.Non-member,Modified,30-Sep-24,2,70.47,140.94,22,3. Before 4 weeks,Monday,1
RES012432,27-Mar-24,GDS,0.Non-member,Modified,7-Oct-24,2,290.9,581.8,194,4. More than 4 weeks,Monday,1
RES012469,29-Sep-24,Velora.com,0.Non-member,Modified,28-Oct-24,2,0,0,29,4. More than 4 weeks,Monday,1
RES012477,21-Aug-24,App,0.Non-member,Modified,5-Sep-24,2,140.34,280.68,15,3. Before 4 weeks,Thursday,4
RES012546,31-Aug-24,Phone,0.Non-member,Modified,28-Sep-24,2,152.95,305.9,28,3. Before 4 weeks,Saturday,6
RES012582,28-Aug-24,At the hotel,0.Non-member,Modified,23-Sep-24,2,72.29,144.58,26,3. Before 4 weeks,Monday,1
RES012621,29-May-24,Connected Wholesaler,0.Non-member,Modified,28-Oct-24,2,153.97,307.94,152,4. More than 4 weeks,Monday,1
RES012648,20-Sep-24,App,0.Non-member,Modified,30-Sep-24,2,160.53,321.06,10,2. Before 2 weeks,Monday,1
RES012649,10-Sep-24,App,0.Non-member,Modified,19-Sep-24,2,198.96,397.92,9,2. Before 2 weeks,Thursday,4
RES012654,28-Aug-24,App,0.Non-member,Modified,11-Sep-24,2,256.02,512.04,14,2. Before 2 weeks,Wednesday,3
RES012665,4-Sep-24,GDS,0.Non-member,Modified,22-Sep-24,2,100.36,200.72,18,3. Before 4 weeks,Sunday,0
RES012692,2-Sep-24,App,0.Non-member,Modified,16-Sep-24,2,206.92,413.84,14,2. Before 2 weeks,Monday,1
RES012778,27-Sep-24,Phone,0.Non-member,Modified,21-Oct-24,2,151.8,303.6,24,3. Before 4 weeks,Monday,1
RES012779,21-Aug-24,GDS,0.Non-member,Modified,22-Sep-24,2,140.45,280.9,32,4. More than 4 weeks,Sunday,0
RES012783,25-Sep-24,At the hotel,0.Non-member,Modified,9-Oct-24,2,138.55,277.1,14,2. Before 2 weeks,Wednesday,3
RES012812,14-Oct-24,App,0.Non-member,Modified,26-Oct-24,2,119.98,239.96,12,2. Before 2 weeks,Saturday,6
RES012857,30-Aug-24,App,0.Non-member,Modified,14-Sep-24,2,142.5,285,15,3. Before 4 weeks,Saturday,6
RES012917,19-Sep-24,At the hotel,0.Non-member,Modified,27-Sep-24,2,70.91,141.82,8,2. Before 2 weeks,Friday,5
RES012931,20-Oct-24,App,0.Non-member,Modified,29-Oct-24,2,138.55,277.1,9,2. Before 2 weeks,Tuesday,2
RES012967,26-Aug-24,App,0.Non-member,Modified,23-Sep-24,2,206.92,413.84,28,3. Before 4 weeks,Monday,1
RES012970,25-Aug-24,App,0.Non-member,Modified,4-Sep-24,2,234.34,468.68,10,2. Before 2 weeks,Wednesday,3
RES012992,8-Aug-24,GDS,0.Non-member,Modified,24-Sep-24,2,215.88,431.76,47,4. More than 4 weeks,Tuesday,2
RES012994,17-Sep-24,GDS,0.Non-member,Modified,28-Sep-24,2,174.46,348.92,11,2. Before 2 weeks,Saturday,6
RES012998,29-Sep-24,At the hotel,0.Non-member,Modified,23-Oct-24,2,0,0,24,3. Before 4 weeks,Wednesday,3
RES013004,5-Oct-24,Velora.com,0.Non-member,Modified,23-Oct-24,2,165.06,330.12,18,3. Before 4 weeks,Wednesday,3
RES013008,11-Oct-24,App,0.Non-member,Modified,19-Oct-24,2,146.39,292.78,8,2. Before 2 weeks,Saturday,6
RES013024,25-Sep-24,At the hotel,0.Non-member,Modified,16-Oct-24,2,72.29,144.58,21,3. Before 4 weeks,Wednesday,3
RES013059,20-Sep-24,Phone,0.Non-member,Modified,2-Oct-24,2,157.66,315.32,12,2. Before 2 weeks,Wednesday,3
RES013091,4-Sep-24,App,0.Non-member,Modified,5-Oct-24,2,162.78,325.56,31,4. More than 4 weeks,Saturday,6
RES013163,9-Sep-24,App,0.Non-member,Modified,16-Oct-24,2,156.96,313.92,37,4. More than 4 weeks,Wednesday,3
RES013185,28-Aug-24,At the hotel,0.Non-member,Modified,7-Sep-24,2,72.29,144.58,10,2. Before 2 weeks,Saturday,6
RES013223,9-Sep-24,App,0.Non-member,Modified,17-Sep-24,2,204.81,409.62,8,2. Before 2 weeks,Tuesday,2
RES013278,4-Oct-24,At the hotel,0.Non-member,Modified,20-Oct-24,2,33.73,67.46,16,3. Before 4 weeks,Sunday,0
RES013316,22-Aug-24,GDS,0.Non-member,Modified,16-Sep-24,2,140.95,281.9,25,3. Before 4 weeks,Monday,1
RES013326,6-Sep-24,Phone,0.Non-member,Modified,10-Oct-24,2,151.51,303.02,34,4. More than 4 weeks,Thursday,4
RES013378,27-Aug-24,App,0.Non-member,Modified,4-Sep-24,2,134.68,269.36,8,2. Before 2 weeks,Wednesday,3
RES013402,11-Aug-24,GDS,0.Non-member,Modified,7-Oct-24,2,174.7,349.4,57,4. More than 4 weeks,Monday,1
RES013405,31-Aug-24,App,0.Non-member,Modified,22-Sep-24,2,156.61,313.22,22,3. Before 4 weeks,Sunday,0
RES013406,15-Sep-24,At the hotel,0.Non-member,Modified,13-Oct-24,2,66.26,132.52,28,3. Before 4 weeks,Sunday,0
RES013423,3-Oct-24,Phone,0.Non-member,Modified,16-Oct-24,2,177.92,355.84,13,2. Before 2 weeks,Wednesday,3
RES013426,12-Jul-24,App,0.Non-member,Modified,13-Sep-24,2,113.17,226.34,63,4. More than 4 weeks,Friday,5
RES013446,24-Sep-24,App,0.Non-member,Modified,13-Oct-24,2,137.05,274.1,19,3. Before 4 weeks,Sunday,0
RES013453,19-Aug-24,Phone,0.Non-member,Modified,19-Sep-24,2,166.66,333.32,31,4. More than 4 weeks,Thursday,4
RES013477,30-Aug-24,GDS,0.Non-member,Modified,11-Sep-24,2,144.58,289.16,12,2. Before 2 weeks,Wednesday,3
RES013552,31-May-24,App,0.Non-member,Modified,19-Oct-24,2,188.86,377.72,141,4. More than 4 weeks,Saturday,6
RES013584,24-Aug-24,At the hotel,0.Non-member,Modified,5-Sep-24,2,62.65,125.3,12,2. Before 2 weeks,Thursday,4
RES013696,4-Oct-24,App,0.Non-member,Modified,12-Oct-24,2,104.33,208.66,8,2. Before 2 weeks,Saturday,6
RES013700,6-Oct-24,At the hotel,0.Non-member,Modified,19-Oct-24,2,0,0,13,2. Before 2 weeks,Saturday,6
RES013721,5-Oct-24,At the hotel,0.Non-member,Modified,20-Oct-24,2,0,0,15,3. Before 4 weeks,Sunday,0
RES013744,1-Aug-24,Velora.com,0.Non-member,Modified,6-Sep-24,2,133.33,266.66,36,4. More than 4 weeks,Friday,5
RES013801,25-Sep-24,At the hotel,0.Non-member,Modified,9-Oct-24,2,72.29,144.58,14,2. Before 2 weeks,Wednesday,3
RES013830,4-Jul-24,Velora.com,0.Non-member,Modified,1-Oct-24,2,79.38,158.76,89,4. More than 4 weeks,Tuesday,2
RES013838,31-Aug-24,App,0.Non-member,Modified,13-Oct-24,2,190.73,381.46,43,4. More than 4 weeks,Sunday,0
RES013840,29-Aug-24,Phone,0.Non-member,Modified,15-Oct-24,2,151.93,303.86,47,4. More than 4 weeks,Tuesday,2
RES013864,27-Aug-24,GDS,0.Non-member,Modified,28-Oct-24,2,164.88,329.76,62,4. More than 4 weeks,Monday,1
RES013880,19-Aug-24,App,0.Non-member,Modified,22-Sep-24,2,102.17,204.34,34,4. More than 4 weeks,Sunday,0
RES013899,3-Sep-24,App,0.Non-member,Modified,11-Sep-24,2,155.42,310.84,8,2. Before 2 weeks,Wednesday,3
RES013910,19-Oct-24,Velora.com,0.Non-member,Modified,3-Nov-24,2,161.05,322.1,15,3. Before 4 weeks,Sunday,0
RES013981,3-Sep-24,App,0.Non-member,Modified,6-Oct-24,2,167.79,335.58,33,4. More than 4 weeks,Sunday,0
RES013987,6-Sep-24,GDS,0.Non-member,Modified,14-Sep-24,2,163.63,327.26,8,2. Before 2 weeks,Saturday,6
RES014018,4-Aug-24,At the hotel,0.Non-member,Modified,26-Sep-24,2,158.77,317.54,53,4. More than 4 weeks,Thursday,4
RES014027,21-Sep-24,At the hotel,0.Non-member,Modified,30-Sep-24,2,33.73,67.46,9,2. Before 2 weeks,Monday,1
RES014045,6-Oct-24,At the hotel,0.Non-member,Modified,29-Oct-24,2,33.73,67.46,23,3. Before 4 weeks,Tuesday,2
RES014048,24-Aug-24,App,0.Non-member,Modified,15-Sep-24,2,113.17,226.34,22,3. Before 4 weeks,Sunday,0
RES014083,8-Oct-24,Connected Wholesaler,0.Non-member,Modified,21-Oct-24,2,107.07,214.14,13,2. Before 2 weeks,Monday,1
RES014086,23-Sep-24,At the hotel,0.Non-member,Modified,20-Oct-24,2,144.58,289.16,27,3. Before 4 weeks,Sunday,0
RES014158,13-Aug-24,Connected Wholesaler,0.Non-member,Modified,21-Sep-24,2,95.24,190.48,39,4. More than 4 weeks,Saturday,6
RES014179,16-Sep-24,Phone,0.Non-member,Modified,6-Oct-24,2,128.45,256.9,20,3. Before 4 weeks,Sunday,0
RES014233,28-Sep-24,GDS,0.Non-member,Modified,8-Oct-24,2,138.54,277.08,10,2. Before 2 weeks,Tuesday,2
RES014349,15-Aug-24,GDS,0.Non-member,Modified,8-Sep-24,2,189.5,379,24,3. Before 4 weeks,Sunday,0
RES014371,18-Sep-24,Phone,0.Non-member,Modified,26-Sep-24,2,117.74,235.48,8,2. Before 2 weeks,Thursday,4
RES014447,21-Aug-24,Phone,0.Non-member,Modified,10-Sep-24,2,244.26,488.52,20,3. Before 4 weeks,Tuesday,2
RES014465,16-Aug-24,At the hotel,0.Non-member,Modified,24-Sep-24,2,0,0,39,4. More than 4 weeks,Tuesday,2
RES014542,16-Sep-24,Connected Wholesaler,0.Non-member,Modified,15-Oct-24,2,117.22,234.44,29,4. More than 4 weeks,Tuesday,2
RES014547,10-Sep-24,At the hotel,0.Non-member,Modified,4-Oct-24,2,144.28,288.56,24,3. Before 4 weeks,Friday,5
RES014617,18-Sep-24,GDS,0.Non-member,Modified,10-Oct-24,2,159.03,318.06,22,3. Before 4 weeks,Thursday,4
RES014638,14-Aug-24,Phone,0.Non-member,Modified,9-Sep-24,2,122.71,245.42,26,3. Before 4 weeks,Monday,1
RES014642,7-Sep-24,Phone,0.Non-member,Modified,18-Sep-24,2,144.91,289.82,11,2. Before 2 weeks,Wednesday,3
RES014650,2-Jul-24,Phone,0.Non-member,Modified,22-Oct-24,2,141.61,283.22,112,4. More than 4 weeks,Tuesday,2
RES014717,8-Sep-24,Phone,0.Non-member,Modified,4-Oct-24,2,129.7,259.4,26,3. Before 4 weeks,Friday,5
RES009794,7-Oct-24,At the hotel,0.Non-member,Modified,13-Oct-24,2,33.76,67.52,6,1. Before a week,Sunday,0
RES009797,18-Sep-24,GDS,2.Elite,Modified,25-Sep-24,2,113.33,226.66,7,1. Before a week,Wednesday,3
RES009848,25-Sep-24,At the hotel,5.Preferred,Modified,1-Oct-24,2,198.96,397.92,6,1. Before a week,Tuesday,2
RES009862,12-Sep-24,Connected Wholesaler,0.Non-member,Modified,19-Sep-24,2,128.31,256.62,7,1. Before a week,Thursday,4
RES009931,10-Sep-24,At the hotel,0.Non-member,Modified,16-Sep-24,2,226.37,452.74,6,1. Before a week,Monday,1
RES009949,20-Sep-24,Velora.com,0.Non-member,Modified,26-Sep-24,2,126.76,253.52,6,1. Before a week,Thursday,4
RES010052,6-Sep-24,At the hotel,5.Preferred,Modified,13-Sep-24,2,184.24,368.48,7,1. Before a week,Friday,5
RES010135,2-Sep-24,App,6.Select,Modified,8-Sep-24,2,177.09,354.18,6,1. Before a week,Sunday,0
RES010177,16-Oct-24,Velora.com,4.Essential,Modified,23-Oct-24,2,183.16,366.32,7,1. Before a week,Wednesday,3
RES010198,18-Oct-24,GDS,0.Non-member,Modified,24-Oct-24,2,158.77,317.54,6,1. Before a week,Thursday,4
RES010243,7-Sep-24,Velora.com,4.Essential,Modified,14-Sep-24,2,112.74,225.48,7,1. Before a week,Saturday,6
RES010340,19-Sep-24,GDS,2.Elite,Modified,26-Sep-24,2,153.12,306.24,7,1. Before a week,Thursday,4
RES010386,18-Sep-24,Velora.com,2.Elite,Modified,24-Sep-24,2,82.6,165.2,6,1. Before a week,Tuesday,2
RES010445,20-Sep-24,Connected Wholesaler,0.Non-member,Modified,26-Sep-24,2,136.49,272.98,6,1. Before a week,Thursday,4
RES010476,13-Oct-24,Velora.com,5.Preferred,Modified,20-Oct-24,2,114.74,229.48,7,1. Before a week,Sunday,0
RES010491,2-Sep-24,App,4.Essential,Modified,9-Sep-24,2,138.54,277.08,7,1. Before a week,Monday,1
RES010531,12-Oct-24,Connected Wholesaler,0.Non-member,Modified,18-Oct-24,2,94.96,189.92,6,1. Before a week,Friday,5
RES010557,29-Sep-24,Velora.com,2.Elite,Modified,6-Oct-24,2,149.39,298.78,7,1. Before a week,Sunday,0
RES010563,28-Aug-24,GDS,3.Premier,Modified,4-Sep-24,2,114.55,229.1,7,1. Before a week,Wednesday,3
RES010588,9-Oct-24,GDS,6.Select,Modified,16-Oct-24,2,140.45,280.9,7,1. Before a week,Wednesday,3
RES010609,1-Oct-24,At the hotel,0.Non-member,Modified,8-Oct-24,2,201.51,403.02,7,1. Before a week,Tuesday,2
RES010706,10-Sep-24,GDS,2.Elite,Modified,16-Sep-24,2,132.53,265.06,6,1. Before a week,Monday,1
RES010774,9-Oct-24,GDS,3.Premier,Modified,15-Oct-24,2,122.89,245.78,6,1. Before a week,Tuesday,2
RES010828,27-Aug-24,Connected Wholesaler,4.Essential,Modified,3-Sep-24,2,110.24,220.48,7,1. Before a week,Tuesday,2
RES010834,31-Aug-24,Velora.com,5.Preferred,Modified,7-Sep-24,2,102.4,204.8,7,1. Before a week,Saturday,6
RES010848,9-Oct-24,GDS,5.Preferred,Modified,16-Oct-24,2,261.29,522.58,7,1. Before a week,Wednesday,3
RES010850,29-Sep-24,At the hotel,0.Non-member,Modified,5-Oct-24,2,72.35,144.7,6,1. Before a week,Saturday,6
RES010983,13-Sep-24,GDS,1.Iconic,Modified,19-Sep-24,2,141.42,282.84,6,1. Before a week,Thursday,4
RES011169,4-Oct-24,GDS,2.Elite,Modified,10-Oct-24,2,102.41,204.82,6,1. Before a week,Thursday,4
RES011196,5-Oct-24,At the hotel,0.Non-member,Modified,12-Oct-24,2,168.67,337.34,7,1. Before a week,Saturday,6
RES011200,26-Sep-24,Velora.com,4.Essential,Modified,2-Oct-24,2,188.66,377.32,6,1. Before a week,Wednesday,3
RES011222,3-Oct-24,GDS,4.Essential,Modified,9-Oct-24,2,117.89,235.78,6,1. Before a week,Wednesday,3
RES011254,17-Oct-24,Velora.com,3.Premier,Modified,24-Oct-24,2,114.76,229.52,7,1. Before a week,Thursday,4
RES011284,8-Oct-24,At the hotel,0.Non-member,Modified,14-Oct-24,2,141.56,283.12,6,1. Before a week,Monday,1
RES011318,30-Sep-24,At the hotel,0.Non-member,Modified,6-Oct-24,2,34.2,68.4,6,1. Before a week,Sunday,0
RES011319,31-Aug-24,Velora.com,2.Elite,Modified,6-Sep-24,2,188.46,376.92,6,1. Before a week,Friday,5
RES011324,11-Sep-24,GDS,5.Preferred,Modified,17-Sep-24,2,154.54,309.08,6,1. Before a week,Tuesday,2
RES011333,19-Sep-24,Velora.com,6.Select,Modified,25-Sep-24,2,210.09,420.18,6,1. Before a week,Wednesday,3
RES011351,27-Sep-24,Phone,4.Essential,Modified,4-Oct-24,2,157.83,315.66,7,1. Before a week,Friday,5
RES011444,19-Oct-24,Velora.com,6.Select,Modified,25-Oct-24,2,181.08,362.16,6,1. Before a week,Friday,5
RES011458,7-Oct-24,GDS,0.Non-member,Modified,14-Oct-24,2,168.45,336.9,7,1. Before a week,Monday,1
RES011695,7-Sep-24,At the hotel,4.Essential,Modified,13-Sep-24,2,168.67,337.34,6,1. Before a week,Friday,5
RES011746,14-Sep-24,App,4.Essential,Modified,21-Sep-24,2,120.4,240.8,7,1. Before a week,Saturday,6
RES011823,15-Oct-24,Phone,5.Preferred,Modified,21-Oct-24,2,150.6,301.2,6,1. Before a week,Monday,1
RES011880,17-Sep-24,GDS,1.Iconic,Modified,24-Sep-24,2,247.62,495.24,7,1. Before a week,Tuesday,2
RES011885,28-Sep-24,At the hotel,0.Non-member,Modified,5-Oct-24,2,33.94,67.88,7,1. Before a week,Saturday,6
RES011921,7-Sep-24,At the hotel,0.Non-member,Modified,13-Sep-24,2,168.67,337.34,6,1. Before a week,Friday,5
RES011930,12-Sep-24,App,4.Essential,Modified,18-Sep-24,2,119.2,238.4,6,1. Before a week,Wednesday,3
RES012035,12-Oct-24,Phone,0.Non-member,Modified,18-Oct-24,2,124.7,249.4,6,1. Before a week,Friday,5
RES012075,8-Oct-24,Phone,0.Non-member,Modified,14-Oct-24,2,200.65,401.3,6,1. Before a week,Monday,1
RES012077,16-Sep-24,Connected Wholesaler,4.Essential,Modified,22-Sep-24,2,108.07,216.14,6,1. Before a week,Sunday,0
RES012109,4-Oct-24,App,4.Essential,Modified,11-Oct-24,2,66.67,133.34,7,1. Before a week,Friday,5
RES012136,26-Sep-24,Velora.com,6.Select,Modified,3-Oct-24,2,153.04,306.08,7,1. Before a week,Thursday,4
RES012155,4-Oct-24,Velora.com,5.Preferred,Modified,11-Oct-24,2,33.99,67.98,7,1. Before a week,Friday,5
RES012161,19-Oct-24,App,0.Non-member,Modified,26-Oct-24,2,120.48,240.96,7,1. Before a week,Saturday,6
RES012187,18-Oct-24,At the hotel,0.Non-member,Modified,24-Oct-24,2,180.35,360.7,6,1. Before a week,Thursday,4
RES012195,24-Sep-24,App,0.Non-member,Modified,1-Oct-24,2,141.98,283.96,7,1. Before a week,Tuesday,2
RES012205,15-Sep-24,At the hotel,0.Non-member,Modified,21-Sep-24,2,132.53,265.06,6,1. Before a week,Saturday,6
RES012237,17-Sep-24,Connected Wholesaler,0.Non-member,Modified,23-Sep-24,2,134.47,268.94,6,1. Before a week,Monday,1
RES012270,20-Sep-24,App,0.Non-member,Modified,27-Sep-24,2,124.56,249.12,7,1. Before a week,Friday,5
RES012288,30-Sep-24,GDS,4.Essential,Modified,7-Oct-24,2,121.21,242.42,7,1. Before a week,Monday,1
RES012336,17-Sep-24,Phone,4.Essential,Modified,23-Sep-24,2,145.78,291.56,6,1. Before a week,Monday,1
RES012487,30-Aug-24,Velora.com,2.Elite,Modified,6-Sep-24,2,123.36,246.72,7,1. Before a week,Friday,5
RES012586,26-Sep-24,App,0.Non-member,Modified,2-Oct-24,2,118.09,236.18,6,1. Before a week,Wednesday,3
RES012593,18-Sep-24,GDS,3.Premier,Modified,25-Sep-24,2,117.77,235.54,7,1. Before a week,Wednesday,3
RES012752,26-Sep-24,At the hotel,0.Non-member,Modified,2-Oct-24,2,198.96,397.92,6,1. Before a week,Wednesday,3
RES012758,28-Sep-24,Phone,4.Essential,Modified,4-Oct-24,2,130.12,260.24,6,1. Before a week,Friday,5
RES012828,1-Sep-24,Connected Wholesaler,0.Non-member,Modified,8-Sep-24,2,180.71,361.42,7,1. Before a week,Sunday,0
RES012938,18-Sep-24,At the hotel,0.Non-member,Modified,25-Sep-24,2,142.6,285.2,7,1. Before a week,Wednesday,3
RES012963,13-Sep-24,Velora.com,3.Premier,Modified,20-Sep-24,2,33.99,67.98,7,1. Before a week,Friday,5
RES012984,6-Sep-24,Velora.com,2.Elite,Modified,12-Sep-24,2,119.69,239.38,6,1. Before a week,Thursday,4
RES012986,19-Oct-24,At the hotel,0.Non-member,Modified,25-Oct-24,2,33.73,67.46,6,1. Before a week,Friday,5
RES013026,6-Oct-24,At the hotel,0.Non-member,Modified,12-Oct-24,2,168.67,337.34,6,1. Before a week,Saturday,6
RES013032,13-Oct-24,Velora.com,5.Preferred,Modified,20-Oct-24,2,59.34,118.68,7,1. Before a week,Sunday,0
RES013041,19-Oct-24,Velora.com,5.Preferred,Modified,26-Oct-24,2,112.13,224.26,7,1. Before a week,Saturday,6
RES013099,10-Sep-24,Velora.com,6.Select,Modified,17-Sep-24,2,194.41,388.82,7,1. Before a week,Tuesday,2
RES013147,4-Oct-24,App,4.Essential,Modified,11-Oct-24,2,232.05,464.1,7,1. Before a week,Friday,5
RES013150,27-Sep-24,GDS,3.Premier,Modified,3-Oct-24,2,133.33,266.66,6,1. Before a week,Thursday,4
RES013188,16-Oct-24,GDS,1.Iconic,Modified,23-Oct-24,2,247.62,495.24,7,1. Before a week,Wednesday,3
RES013236,14-Sep-24,Velora.com,3.Premier,Modified,20-Sep-24,2,177.25,354.5,6,1. Before a week,Friday,5
RES013287,2-Sep-24,Connected Wholesaler,0.Non-member,Modified,9-Sep-24,2,118.95,237.9,7,1. Before a week,Monday,1
RES013337,2-Oct-24,GDS,4.Essential,Modified,8-Oct-24,2,180.35,360.7,6,1. Before a week,Tuesday,2
RES013338,21-Sep-24,Phone,0.Non-member,Modified,27-Sep-24,2,151.51,303.02,6,1. Before a week,Friday,5
RES013340,2-Oct-24,GDS,4.Essential,Modified,9-Oct-24,2,130.12,260.24,7,1. Before a week,Wednesday,3
RES013359,30-Sep-24,GDS,2.Elite,Modified,7-Oct-24,2,129.52,259.04,7,1. Before a week,Monday,1
RES013366,23-Sep-24,Velora.com,6.Select,Modified,30-Sep-24,2,136.6,273.2,7,1. Before a week,Monday,1
RES013411,10-Sep-24,GDS,5.Preferred,Modified,17-Sep-24,2,153.61,307.22,7,1. Before a week,Tuesday,2
RES013435,10-Sep-24,GDS,5.Preferred,Modified,16-Sep-24,2,144.71,289.42,6,1. Before a week,Monday,1
RES013462,4-Oct-24,Velora.com,1.Iconic,Modified,10-Oct-24,2,206.06,412.12,6,1. Before a week,Thursday,4
RES013501,11-Sep-24,Velora.com,0.Non-member,Modified,18-Sep-24,2,251.18,502.36,7,1. Before a week,Wednesday,3
RES013592,22-Sep-24,GDS,0.Non-member,Modified,28-Sep-24,2,162.63,325.26,6,1. Before a week,Saturday,6
RES013619,17-Oct-24,GDS,4.Essential,Modified,23-Oct-24,2,128.84,257.68,6,1. Before a week,Wednesday,3
RES013671,5-Oct-24,At the hotel,0.Non-member,Modified,12-Oct-24,2,168.67,337.34,7,1. Before a week,Saturday,6
RES013869,23-Oct-24,App,4.Essential,Modified,30-Oct-24,2,134.59,269.18,7,1. Before a week,Wednesday,3
RES013909,31-Aug-24,App,0.Non-member,Modified,6-Sep-24,2,119.08,238.16,6,1. Before a week,Friday,5
RES013953,17-Oct-24,Other,4.Essential,Modified,24-Oct-24,2,132.53,265.06,7,1. Before a week,Thursday,4
RES013973,24-Sep-24,At the hotel,6.Select,Modified,1-Oct-24,2,207.27,414.54,7,1. Before a week,Tuesday,2
RES013982,14-Oct-24,Connected Wholesaler,4.Essential,Modified,21-Oct-24,2,133.46,266.92,7,1. Before a week,Monday,1
RES013999,20-Oct-24,App,4.Essential,Modified,26-Oct-24,2,129.75,259.5,6,1. Before a week,Saturday,6
RES014038,8-Sep-24,App,0.Non-member,Modified,15-Sep-24,2,126.5,253,7,1. Before a week,Sunday,0
RES014039,14-Sep-24,App,4.Essential,Modified,21-Sep-24,2,134.17,268.34,7,1. Before a week,Saturday,6
RES014091,10-Oct-24,GDS,3.Premier,Modified,16-Oct-24,2,156.75,313.5,6,1. Before a week,Wednesday,3
RES014113,5-Sep-24,GDS,2.Elite,Modified,12-Sep-24,2,224.04,448.08,7,1. Before a week,Thursday,4
RES014167,30-Sep-24,GDS,4.Essential,Modified,6-Oct-24,2,108.18,216.36,6,1. Before a week,Sunday,0
RES014202,13-Oct-24,Velora.com,0.Non-member,Modified,19-Oct-24,2,107.62,215.24,6,1. Before a week,Saturday,6
RES014209,24-Sep-24,GDS,5.Preferred,Modified,30-Sep-24,2,117.74,235.48,6,1. Before a week,Monday,1
RES014310,3-Oct-24,Velora.com,4.Essential,Modified,9-Oct-24,2,135.78,271.56,6,1. Before a week,Wednesday,3
RES014333,8-Oct-24,Connected Wholesaler,0.Non-member,Modified,14-Oct-24,2,91.6,183.2,6,1. Before a week,Monday,1
RES014374,24-Sep-24,At the hotel,2.Elite,Modified,1-Oct-24,2,151.79,303.58,7,1. Before a week,Tuesday,2
RES014377,8-Oct-24,App,4.Essential,Modified,14-Oct-24,2,114.46,228.92,6,1. Before a week,Monday,1
RES014392,5-Oct-24,At the hotel,0.Non-member,Modified,12-Oct-24,2,70.91,141.82,7,1. Before a week,Saturday,6
RES014427,11-Oct-24,Connected Wholesaler,0.Non-member,Modified,17-Oct-24,2,155.55,311.1,6,1. Before a week,Thursday,4
RES014488,26-Sep-24,Phone,0.Non-member,Modified,3-Oct-24,2,122.89,245.78,7,1. Before a week,Thursday,4
RES014546,14-Sep-24,At the hotel,0.Non-member,Modified,20-Sep-24,2,70.48,140.96,6,1. Before a week,Friday,5
RES014571,24-Sep-24,At the hotel,2.Elite,Modified,1-Oct-24,2,181.82,363.64,7,1. Before a week,Tuesday,2
RES014598,23-Oct-24,GDS,2.Elite,Modified,30-Oct-24,2,169.69,339.38,7,1. Before a week,Wednesday,3
RES014657,26-Oct-24,App,0.Non-member,Modified,2-Nov-24,2,128.74,257.48,7,1. Before a week,Saturday,6
RES014700,2-Oct-24,Velora.com,4.Essential,Modified,8-Oct-24,2,221.57,443.14,6,1. Before a week,Tuesday,2
RES014711,16-Sep-24,GDS,1.Iconic,Modified,23-Sep-24,2,180.48,360.96,7,1. Before a week,Monday,1
RES009739,3-Sep-24,Phone,4.Essential,Modified,8-Sep-24,2,156.75,313.5,5,1. Before a week,Sunday,0
RES009762,17-Oct-24,Phone,4.Essential,Modified,22-Oct-24,2,134.34,268.68,5,1. Before a week,Tuesday,2
RES009801,23-Sep-24,Velora.com,6.Select,Modified,28-Sep-24,2,103.07,206.14,5,1. Before a week,Saturday,6
RES009994,3-Oct-24,At the hotel,4.Essential,Modified,8-Oct-24,2,174.24,348.48,5,1. Before a week,Tuesday,2
RES010143,10-Oct-24,Phone,4.Essential,Modified,15-Oct-24,2,191.5,383,5,1. Before a week,Tuesday,2
RES010157,17-Sep-24,At the hotel,0.Non-member,Modified,22-Sep-24,2,126.72,253.44,5,1. Before a week,Sunday,0
RES010176,9-Sep-24,At the hotel,0.Non-member,Modified,14-Sep-24,2,33.73,67.46,5,1. Before a week,Saturday,6
RES010197,11-Oct-24,Velora.com,3.Premier,Modified,16-Oct-24,2,210.62,421.24,5,1. Before a week,Wednesday,3
RES010225,12-Sep-24,Phone,6.Select,Modified,17-Sep-24,2,132.14,264.28,5,1. Before a week,Tuesday,2
RES010268,26-Sep-24,At the hotel,0.Non-member,Modified,1-Oct-24,2,190.11,380.22,5,1. Before a week,Tuesday,2
RES010508,9-Oct-24,Connected Wholesaler,4.Essential,Modified,14-Oct-24,2,100.94,201.88,5,1. Before a week,Monday,1
RES010511,2-Oct-24,Velora.com,3.Premier,Modified,7-Oct-24,2,122.13,244.26,5,1. Before a week,Monday,1
RES010519,3-Oct-24,At the hotel,4.Essential,Modified,8-Oct-24,2,168.67,337.34,5,1. Before a week,Tuesday,2
RES010601,16-Sep-24,GDS,5.Preferred,Modified,21-Sep-24,2,111.18,222.36,5,1. Before a week,Saturday,6
RES010662,25-Sep-24,GDS,4.Essential,Modified,30-Sep-24,2,133.12,266.24,5,1. Before a week,Monday,1
RES010724,24-Oct-24,At the hotel,5.Preferred,Modified,29-Oct-24,2,33.76,67.52,5,1. Before a week,Tuesday,2
RES010791,5-Sep-24,GDS,3.Premier,Modified,10-Sep-24,2,143.37,286.74,5,1. Before a week,Tuesday,2
RES010801,8-Oct-24,Velora.com,4.Essential,Modified,13-Oct-24,2,144.75,289.5,5,1. Before a week,Sunday,0
RES010927,9-Oct-24,Phone,0.Non-member,Modified,14-Oct-24,2,176.58,353.16,5,1. Before a week,Monday,1
RES010981,25-Oct-24,Phone,6.Select,Modified,30-Oct-24,2,195.15,390.3,5,1. Before a week,Wednesday,3
RES011079,2-Oct-24,Velora.com,0.Non-member,Modified,7-Oct-24,2,147.71,295.42,5,1. Before a week,Monday,1
RES011192,5-Oct-24,At the hotel,5.Preferred,Modified,10-Oct-24,2,132.64,265.28,5,1. Before a week,Thursday,4
RES011299,11-Sep-24,Velora.com,4.Essential,Modified,16-Sep-24,2,120.34,240.68,5,1. Before a week,Monday,1
RES011449,11-Oct-24,At the hotel,6.Select,Modified,16-Oct-24,2,151.8,303.6,5,1. Before a week,Wednesday,3
RES011482,14-Oct-24,Velora.com,5.Preferred,Modified,19-Oct-24,2,129.63,259.26,5,1. Before a week,Saturday,6
RES011547,10-Oct-24,At the hotel,4.Essential,Modified,15-Oct-24,2,0,0,5,1. Before a week,Tuesday,2
RES011649,25-Sep-24,GDS,4.Essential,Modified,30-Sep-24,2,133.12,266.24,5,1. Before a week,Monday,1
RES011837,3-Oct-24,Velora.com,6.Select,Modified,8-Oct-24,2,119.75,239.5,5,1. Before a week,Tuesday,2
RES011839,19-Oct-24,At the hotel,0.Non-member,Modified,24-Oct-24,2,70.48,140.96,5,1. Before a week,Thursday,4
RES011840,24-Oct-24,Velora.com,4.Essential,Modified,29-Oct-24,2,185.34,370.68,5,1. Before a week,Tuesday,2
RES011925,12-Sep-24,Connected Wholesaler,0.Non-member,Modified,17-Sep-24,2,123.23,246.46,5,1. Before a week,Tuesday,2
RES011952,12-Sep-24,GDS,3.Premier,Modified,17-Sep-24,2,132.64,265.28,5,1. Before a week,Tuesday,2
RES012168,10-Sep-24,Velora.com,2.Elite,Modified,15-Sep-24,2,142.54,285.08,5,1. Before a week,Sunday,0
RES012189,21-Oct-24,App,0.Non-member,Modified,26-Oct-24,2,132.64,265.28,5,1. Before a week,Saturday,6
RES012276,2-Oct-24,Velora.com,3.Premier,Modified,7-Oct-24,2,116.57,233.14,5,1. Before a week,Monday,1
RES012352,9-Sep-24,Velora.com,5.Preferred,Modified,14-Sep-24,2,151.79,303.58,5,1. Before a week,Saturday,6
RES012372,8-Sep-24,Velora.com,3.Premier,Modified,13-Sep-24,2,118.07,236.14,5,1. Before a week,Friday,5
RES012536,2-Sep-24,Velora.com,2.Elite,Modified,7-Sep-24,2,93.97,187.94,5,1. Before a week,Saturday,6
RES012565,15-Sep-24,Velora.com,5.Preferred,Modified,20-Sep-24,2,137.46,274.92,5,1. Before a week,Friday,5
RES012653,12-Sep-24,Velora.com,5.Preferred,Modified,17-Sep-24,2,219.26,438.52,5,1. Before a week,Tuesday,2
RES012669,20-Oct-24,At the hotel,0.Non-member,Modified,25-Oct-24,2,180.35,360.7,5,1. Before a week,Friday,5
RES012715,29-Sep-24,Velora.com,0.Non-member,Modified,4-Oct-24,2,144.56,289.12,5,1. Before a week,Friday,5
RES012786,17-Oct-24,GDS,4.Essential,Modified,22-Oct-24,2,117.74,235.48,5,1. Before a week,Tuesday,2
RES012820,26-Sep-24,At the hotel,0.Non-member,Modified,1-Oct-24,2,144.7,289.4,5,1. Before a week,Tuesday,2
RES012977,11-Oct-24,GDS,3.Premier,Modified,16-Oct-24,2,144.56,289.12,5,1. Before a week,Wednesday,3
RES013052,20-Oct-24,At the hotel,0.Non-member,Modified,25-Oct-24,2,70.48,140.96,5,1. Before a week,Friday,5
RES013192,14-Sep-24,At the hotel,4.Essential,Modified,19-Sep-24,2,134.93,269.86,5,1. Before a week,Thursday,4
RES013208,13-Sep-24,Velora.com,4.Essential,Modified,18-Sep-24,2,201.94,403.88,5,1. Before a week,Wednesday,3
RES013256,2-Sep-24,At the hotel,0.Non-member,Modified,7-Sep-24,2,122.13,244.26,5,1. Before a week,Saturday,6
RES013330,29-Aug-24,Velora.com,6.Select,Modified,3-Sep-24,2,166.3,332.6,5,1. Before a week,Tuesday,2
RES013365,27-Sep-24,Velora.com,5.Preferred,Modified,2-Oct-24,2,99.56,199.12,5,1. Before a week,Wednesday,3
RES013465,4-Sep-24,Phone,4.Essential,Modified,9-Sep-24,2,146.34,292.68,5,1. Before a week,Monday,1
RES013504,27-Oct-24,At the hotel,0.Non-member,Modified,1-Nov-24,2,70.48,140.96,5,1. Before a week,Friday,5
RES013545,17-Oct-24,Phone,4.Essential,Modified,22-Oct-24,2,132.53,265.06,5,1. Before a week,Tuesday,2
RES013566,2-Sep-24,App,0.Non-member,Modified,7-Sep-24,2,121.18,242.36,5,1. Before a week,Saturday,6
RES013583,20-Sep-24,Connected Wholesaler,4.Essential,Modified,25-Sep-24,2,114.54,229.08,5,1. Before a week,Wednesday,3
RES013607,9-Oct-24,GDS,6.Select,Modified,14-Oct-24,2,159.85,319.7,5,1. Before a week,Monday,1
RES013622,12-Sep-24,GDS,6.Select,Modified,17-Sep-24,2,145.45,290.9,5,1. Before a week,Tuesday,2
RES013625,18-Sep-24,At the hotel,0.Non-member,Modified,23-Sep-24,2,0,0,5,1. Before a week,Monday,1
RES013688,20-Oct-24,At the hotel,0.Non-member,Modified,25-Oct-24,2,180.35,360.7,5,1. Before a week,Friday,5
RES013764,17-Sep-24,App,4.Essential,Modified,22-Sep-24,2,155.2,310.4,5,1. Before a week,Sunday,0
RES013813,8-Oct-24,Velora.com,6.Select,Modified,13-Oct-24,2,150.66,301.32,5,1. Before a week,Sunday,0
RES013822,5-Oct-24,At the hotel,0.Non-member,Modified,10-Oct-24,2,70.91,141.82,5,1. Before a week,Thursday,4
RES013887,15-Oct-24,App,4.Essential,Modified,20-Oct-24,2,113.75,227.5,5,1. Before a week,Sunday,0
RES013892,24-Oct-24,At the hotel,0.Non-member,Modified,29-Oct-24,2,33.73,67.46,5,1. Before a week,Tuesday,2
RES013924,17-Sep-24,Phone,0.Non-member,Modified,22-Sep-24,2,116.96,233.92,5,1. Before a week,Sunday,0
RES014121,21-Sep-24,At the hotel,0.Non-member,Modified,26-Sep-24,2,70.48,140.96,5,1. Before a week,Thursday,4
RES014172,13-Sep-24,At the hotel,4.Essential,Modified,18-Sep-24,2,168.66,337.32,5,1. Before a week,Wednesday,3
RES014355,28-Sep-24,Phone,0.Non-member,Modified,3-Oct-24,2,164.85,329.7,5,1. Before a week,Thursday,4
RES014565,10-Oct-24,At the hotel,5.Preferred,Modified,15-Oct-24,2,281.55,563.1,5,1. Before a week,Tuesday,2
RES014576,28-Oct-24,Velora.com,5.Preferred,Modified,2-Nov-24,2,103.7,207.4,5,1. Before a week,Saturday,6
RES014678,21-Sep-24,Phone,5.Preferred,Modified,26-Sep-24,2,127.67,255.34,5,1. Before a week,Thursday,4
RES014685,8-Oct-24,Velora.com,2.Elite,Modified,13-Oct-24,2,97.29,194.58,5,1. Before a week,Sunday,0
RES009810,30-Sep-24,GDS,3.Premier,Modified,3-Oct-24,2,132.64,265.28,3,1. Before a week,Thursday,4
RES009908,16-Sep-24,Velora.com,0.Non-member,Modified,19-Sep-24,2,135.78,271.56,3,1. Before a week,Thursday,4
RES009926,21-Oct-24,App,6.Select,Modified,24-Oct-24,2,139.63,279.26,3,1. Before a week,Thursday,4
RES010081,17-Sep-24,GDS,5.Preferred,Modified,20-Sep-24,2,145.33,290.66,3,1. Before a week,Friday,5
RES010202,4-Oct-24,At the hotel,0.Non-member,Modified,7-Oct-24,2,70.91,141.82,3,1. Before a week,Monday,1
RES010207,9-Oct-24,At the hotel,0.Non-member,Modified,12-Oct-24,2,106.66,213.32,3,1. Before a week,Saturday,6
RES010261,12-Oct-24,At the hotel,0.Non-member,Modified,15-Oct-24,2,207.62,415.24,3,1. Before a week,Tuesday,2
RES010539,19-Sep-24,Velora.com,3.Premier,Modified,22-Sep-24,2,104.05,208.1,3,1. Before a week,Sunday,0
RES010592,5-Oct-24,At the hotel,0.Non-member,Modified,8-Oct-24,2,0,0,3,1. Before a week,Tuesday,2
RES010635,5-Oct-24,App,4.Essential,Modified,8-Oct-24,2,194.51,389.02,3,1. Before a week,Tuesday,2
RES010672,7-Oct-24,GDS,2.Elite,Modified,10-Oct-24,2,120.48,240.96,3,1. Before a week,Thursday,4
RES010679,18-Sep-24,Velora.com,5.Preferred,Modified,21-Sep-24,2,148.48,296.96,3,1. Before a week,Saturday,6
RES010746,6-Oct-24,Velora.com,3.Premier,Modified,9-Oct-24,2,176.74,353.48,3,1. Before a week,Wednesday,3
RES010779,22-Oct-24,At the hotel,0.Non-member,Modified,25-Oct-24,2,169.69,339.38,3,1. Before a week,Friday,5
RES010836,1-Oct-24,At the hotel,0.Non-member,Modified,4-Oct-24,2,126.61,253.22,3,1. Before a week,Friday,5
RES010859,6-Oct-24,App,0.Non-member,Modified,9-Oct-24,2,154.18,308.36,3,1. Before a week,Wednesday,3
RES010870,10-Oct-24,Connected Wholesaler,4.Essential,Modified,13-Oct-24,2,92.36,184.72,3,1. Before a week,Sunday,0
RES010899,10-Oct-24,App,0.Non-member,Modified,13-Oct-24,2,153.24,306.48,3,1. Before a week,Sunday,0
RES010965,16-Oct-24,At the hotel,0.Non-member,Modified,19-Oct-24,2,62.7,125.4,3,1. Before a week,Saturday,6
RES010969,3-Sep-24,Phone,3.Premier,Modified,6-Sep-24,2,163.63,327.26,3,1. Before a week,Friday,5
RES011013,21-Oct-24,At the hotel,0.Non-member,Modified,24-Oct-24,2,33.73,67.46,3,1. Before a week,Thursday,4
RES011271,22-Oct-24,At the hotel,0.Non-member,Modified,25-Oct-24,2,0,0,3,1. Before a week,Friday,5
RES011310,11-Oct-24,At the hotel,0.Non-member,Modified,14-Oct-24,2,33.73,67.46,3,1. Before a week,Monday,1
RES011352,26-Oct-24,Velora.com,0.Non-member,Modified,29-Oct-24,2,150,300,3,1. Before a week,Tuesday,2
RES011378,26-Oct-24,GDS,4.Essential,Modified,29-Oct-24,2,151.51,303.02,3,1. Before a week,Tuesday,2
RES011454,12-Sep-24,GDS,6.Select,Modified,15-Sep-24,2,120.48,240.96,3,1. Before a week,Sunday,0
RES011471,16-Oct-24,App,0.Non-member,Modified,19-Oct-24,2,120.48,240.96,3,1. Before a week,Saturday,6
RES011528,5-Sep-24,GDS,6.Select,Modified,8-Sep-24,2,98.5,197,3,1. Before a week,Sunday,0
RES011591,6-Oct-24,Velora.com,4.Essential,Modified,9-Oct-24,2,188.47,376.94,3,1. Before a week,Wednesday,3
RES011687,21-Sep-24,Velora.com,6.Select,Modified,24-Sep-24,2,132.14,264.28,3,1. Before a week,Tuesday,2
RES011769,29-Oct-24,App,0.Non-member,Modified,1-Nov-24,2,96.18,192.36,3,1. Before a week,Friday,5
RES011801,8-Sep-24,Velora.com,2.Elite,Modified,11-Sep-24,2,150.66,301.32,3,1. Before a week,Wednesday,3
RES011813,12-Sep-24,Connected Wholesaler,4.Essential,Modified,15-Sep-24,2,102.71,205.42,3,1. Before a week,Sunday,0
RES011821,5-Sep-24,At the hotel,0.Non-member,Modified,8-Sep-24,2,147.11,294.22,3,1. Before a week,Sunday,0
RES012133,9-Oct-24,At the hotel,4.Essential,Modified,12-Oct-24,2,159,318,3,1. Before a week,Saturday,6
RES012429,30-Sep-24,Phone,0.Non-member,Modified,3-Oct-24,2,165.19,330.38,3,1. Before a week,Thursday,4
RES012461,27-Sep-24,Phone,0.Non-member,Modified,30-Sep-24,2,114.46,228.92,3,1. Before a week,Monday,1
RES012466,15-Oct-24,Velora.com,2.Elite,Modified,18-Oct-24,2,120.58,241.16,3,1. Before a week,Friday,5
RES012526,6-Sep-24,GDS,5.Preferred,Modified,9-Sep-24,2,112.05,224.1,3,1. Before a week,Monday,1
RES012532,27-Sep-24,Velora.com,2.Elite,Modified,30-Sep-24,2,142.54,285.08,3,1. Before a week,Monday,1
RES012556,28-Oct-24,At the hotel,0.Non-member,Modified,31-Oct-24,2,163.63,327.26,3,1. Before a week,Thursday,4
RES012588,30-Sep-24,At the hotel,0.Non-member,Modified,3-Oct-24,2,126.61,253.22,3,1. Before a week,Thursday,4
RES012641,22-Oct-24,At the hotel,0.Non-member,Modified,25-Oct-24,2,34.2,68.4,3,1. Before a week,Friday,5
RES012726,8-Oct-24,Velora.com,4.Essential,Modified,11-Oct-24,2,99.1,198.2,3,1. Before a week,Friday,5
RES012761,1-Sep-24,At the hotel,0.Non-member,Modified,4-Sep-24,2,0,0,3,1. Before a week,Wednesday,3
RES012767,8-Oct-24,Velora.com,1.Iconic,Modified,11-Oct-24,2,127.24,254.48,3,1. Before a week,Friday,5
RES013045,11-Oct-24,Velora.com,5.Preferred,Modified,14-Oct-24,2,129.88,259.76,3,1. Before a week,Monday,1
RES013111,11-Sep-24,App,4.Essential,Modified,14-Sep-24,2,140.63,281.26,3,1. Before a week,Saturday,6
RES013272,27-Oct-24,At the hotel,0.Non-member,Modified,30-Oct-24,2,163.63,327.26,3,1. Before a week,Wednesday,3
RES013285,21-Oct-24,At the hotel,0.Non-member,Modified,24-Oct-24,2,77.37,154.74,3,1. Before a week,Thursday,4
RES013348,2-Sep-24,Velora.com,3.Premier,Modified,5-Sep-24,2,117.77,235.54,3,1. Before a week,Thursday,4
RES013391,5-Oct-24,Velora.com,0.Non-member,Modified,8-Oct-24,2,141.8,283.6,3,1. Before a week,Tuesday,2
RES013476,8-Oct-24,GDS,2.Elite,Modified,11-Oct-24,2,102.41,204.82,3,1. Before a week,Friday,5
RES013783,18-Sep-24,At the hotel,4.Essential,Modified,21-Sep-24,2,0,0,3,1. Before a week,Saturday,6
RES013786,27-Oct-24,At the hotel,0.Non-member,Modified,30-Oct-24,2,126.61,253.22,3,1. Before a week,Wednesday,3
RES013915,4-Sep-24,App,0.Non-member,Modified,7-Sep-24,2,141.13,282.26,3,1. Before a week,Saturday,6
RES013983,11-Oct-24,At the hotel,0.Non-member,Modified,14-Oct-24,2,78.59,157.18,3,1. Before a week,Monday,1
RES013990,2-Oct-24,At the hotel,0.Non-member,Modified,5-Oct-24,2,149.4,298.8,3,1. Before a week,Saturday,6
RES014014,14-Oct-24,GDS,4.Essential,Modified,17-Oct-24,2,144.7,289.4,3,1. Before a week,Thursday,4
RES014030,1-Oct-24,At the hotel,0.Non-member,Modified,4-Oct-24,2,126.61,253.22,3,1. Before a week,Friday,5
RES014032,28-Sep-24,At the hotel,0.Non-member,Modified,1-Oct-24,2,78,156,3,1. Before a week,Tuesday,2
RES014060,10-Oct-24,Connected Wholesaler,4.Essential,Modified,13-Oct-24,2,103.58,207.16,3,1. Before a week,Sunday,0
RES014087,7-Oct-24,GDS,5.Preferred,Modified,10-Oct-24,2,123.73,247.46,3,1. Before a week,Thursday,4
RES014089,5-Oct-24,Phone,4.Essential,Modified,8-Oct-24,2,129.52,259.04,3,1. Before a week,Tuesday,2
RES014116,18-Oct-24,GDS,6.Select,Modified,21-Oct-24,2,192.37,384.74,3,1. Before a week,Monday,1
RES014132,8-Oct-24,Velora.com,4.Essential,Modified,11-Oct-24,2,188.47,376.94,3,1. Before a week,Friday,5
RES014152,1-Oct-24,At the hotel,0.Non-member,Modified,4-Oct-24,2,170.98,341.96,3,1. Before a week,Friday,5
RES014157,5-Sep-24,Velora.com,6.Select,Modified,8-Sep-24,2,111.25,222.5,3,1. Before a week,Sunday,0
RES014171,28-Sep-24,Phone,4.Essential,Modified,1-Oct-24,2,251.37,502.74,3,1. Before a week,Tuesday,2
RES014207,4-Sep-24,GDS,5.Preferred,Modified,7-Sep-24,2,186.3,372.6,3,1. Before a week,Saturday,6
RES014231,5-Oct-24,App,0.Non-member,Modified,8-Oct-24,2,246.66,493.32,3,1. Before a week,Tuesday,2
RES014243,4-Sep-24,At the hotel,0.Non-member,Modified,7-Sep-24,2,222.59,445.18,3,1. Before a week,Saturday,6
RES014323,25-Sep-24,App,0.Non-member,Modified,28-Sep-24,2,126.61,253.22,3,1. Before a week,Saturday,6
RES014403,7-Oct-24,GDS,3.Premier,Modified,10-Oct-24,2,129.52,259.04,3,1. Before a week,Thursday,4
RES014448,30-Sep-24,App,0.Non-member,Modified,3-Oct-24,2,105.34,210.68,3,1. Before a week,Thursday,4
RES014455,16-Sep-24,Phone,4.Essential,Modified,19-Sep-24,2,128.74,257.48,3,1. Before a week,Thursday,4
RES014514,19-Oct-24,GDS,4.Essential,Modified,22-Oct-24,2,112.05,224.1,3,1. Before a week,Tuesday,2
RES014529,23-Sep-24,At the hotel,0.Non-member,Modified,26-Sep-24,2,193.94,387.88,3,1. Before a week,Thursday,4
RES014613,16-Sep-24,App,4.Essential,Modified,19-Sep-24,2,140.99,281.98,3,1. Before a week,Thursday,4
RES014614,9-Sep-24,App,5.Preferred,Modified,12-Sep-24,2,110.31,220.62,3,1. Before a week,Thursday,4
RES014647,12-Oct-24,GDS,2.Elite,Modified,15-Oct-24,2,138.55,277.1,3,1. Before a week,Tuesday,2
RES009723,10-Oct-24,At the hotel,4.Essential,Modified,14-Oct-24,2,189.15,378.3,4,1. Before a week,Monday,1
RES009771,16-Oct-24,At the hotel,0.Non-member,Modified,20-Oct-24,2,132.53,265.06,4,1. Before a week,Sunday,0
RES009818,4-Oct-24,Velora.com,2.Elite,Modified,8-Oct-24,2,135.78,271.56,4,1. Before a week,Tuesday,2
RES009920,29-Sep-24,Velora.com,4.Essential,Modified,3-Oct-24,2,272.38,544.76,4,1. Before a week,Thursday,4
RES009964,8-Sep-24,App,4.Essential,Modified,12-Sep-24,2,128.91,257.82,4,1. Before a week,Thursday,4
RES010034,18-Oct-24,Velora.com,1.Iconic,Modified,22-Oct-24,2,268.29,536.58,4,1. Before a week,Tuesday,2
RES010112,28-Oct-24,GDS,4.Essential,Modified,1-Nov-24,2,175.75,351.5,4,1. Before a week,Friday,5
RES010317,26-Oct-24,Velora.com,2.Elite,Modified,30-Oct-24,2,33.78,67.56,4,1. Before a week,Wednesday,3
RES010395,11-Oct-24,Phone,4.Essential,Modified,15-Oct-24,2,163.99,327.98,4,1. Before a week,Tuesday,2
RES010400,25-Oct-24,GDS,2.Elite,Modified,29-Oct-24,2,112.65,225.3,4,1. Before a week,Tuesday,2
RES010465,18-Oct-24,GDS,4.Essential,Modified,22-Oct-24,2,146.56,293.12,4,1. Before a week,Tuesday,2
RES010502,9-Sep-24,Velora.com,6.Select,Modified,13-Sep-24,2,0,0,4,1. Before a week,Friday,5
RES010537,16-Oct-24,GDS,4.Essential,Modified,20-Oct-24,2,114.46,228.92,4,1. Before a week,Sunday,0
RES010862,11-Sep-24,Phone,4.Essential,Modified,15-Sep-24,2,163.99,327.98,4,1. Before a week,Sunday,0
RES010886,5-Sep-24,Phone,0.Non-member,Modified,9-Sep-24,2,184.5,369,4,1. Before a week,Monday,1
RES010963,10-Oct-24,At the hotel,0.Non-member,Modified,14-Oct-24,2,33.73,67.46,4,1. Before a week,Monday,1
RES011069,30-Sep-24,At the hotel,0.Non-member,Modified,4-Oct-24,2,181.82,363.64,4,1. Before a week,Friday,5
RES011255,23-Sep-24,App,0.Non-member,Modified,27-Sep-24,2,134.94,269.88,4,1. Before a week,Friday,5
RES011305,23-Sep-24,Connected Wholesaler,0.Non-member,Modified,27-Sep-24,2,76.04,152.08,4,1. Before a week,Friday,5
RES011367,15-Sep-24,At the hotel,0.Non-member,Modified,19-Sep-24,2,132.53,265.06,4,1. Before a week,Thursday,4
RES011445,4-Sep-24,Connected Wholesaler,4.Essential,Modified,8-Sep-24,2,96.69,193.38,4,1. Before a week,Sunday,0
RES011474,24-Sep-24,At the hotel,0.Non-member,Modified,28-Sep-24,2,149.4,298.8,4,1. Before a week,Saturday,6
RES011506,5-Oct-24,GDS,4.Essential,Modified,9-Oct-24,2,153.29,306.58,4,1. Before a week,Wednesday,3
RES011537,5-Oct-24,At the hotel,0.Non-member,Modified,9-Oct-24,2,244.26,488.52,4,1. Before a week,Wednesday,3
RES011555,26-Oct-24,GDS,3.Premier,Modified,30-Oct-24,2,117.77,235.54,4,1. Before a week,Wednesday,3
RES011588,24-Oct-24,App,4.Essential,Modified,28-Oct-24,2,109.5,219,4,1. Before a week,Monday,1
RES011611,26-Oct-24,GDS,2.Elite,Modified,30-Oct-24,2,152.66,305.32,4,1. Before a week,Wednesday,3
RES011654,3-Oct-24,GDS,6.Select,Modified,7-Oct-24,2,181.82,363.64,4,1. Before a week,Monday,1
RES011689,25-Oct-24,Phone,4.Essential,Modified,29-Oct-24,2,132.94,265.88,4,1. Before a week,Tuesday,2
RES011720,14-Oct-24,At the hotel,0.Non-member,Modified,18-Oct-24,2,34.2,68.4,4,1. Before a week,Friday,5
RES011758,8-Oct-24,Velora.com,0.Non-member,Modified,12-Oct-24,2,113.85,227.7,4,1. Before a week,Saturday,6
RES011792,8-Sep-24,Velora.com,0.Non-member,Modified,12-Sep-24,2,135.89,271.78,4,1. Before a week,Thursday,4
RES011985,30-Sep-24,App,4.Essential,Modified,4-Oct-24,2,138.55,277.1,4,1. Before a week,Friday,5
RES012008,27-Sep-24,GDS,2.Elite,Modified,1-Oct-24,2,134.34,268.68,4,1. Before a week,Tuesday,2
RES012053,5-Sep-24,Velora.com,6.Select,Modified,9-Sep-24,2,153.49,306.98,4,1. Before a week,Monday,1
RES012096,13-Sep-24,GDS,4.Essential,Modified,17-Sep-24,2,186.9,373.8,4,1. Before a week,Tuesday,2
RES012126,4-Oct-24,Velora.com,3.Premier,Modified,8-Oct-24,2,102.41,204.82,4,1. Before a week,Tuesday,2
RES012233,24-Oct-24,Velora.com,1.Iconic,Modified,28-Oct-24,2,170.85,341.7,4,1. Before a week,Monday,1
RES012251,21-Sep-24,At the hotel,0.Non-member,Modified,25-Sep-24,2,117.89,235.78,4,1. Before a week,Wednesday,3
RES012285,16-Sep-24,App,4.Essential,Modified,20-Sep-24,2,144.7,289.4,4,1. Before a week,Friday,5
RES012293,10-Oct-24,At the hotel,5.Preferred,Modified,14-Oct-24,2,159.76,319.52,4,1. Before a week,Monday,1
RES012313,15-Oct-24,App,0.Non-member,Modified,19-Oct-24,2,137.43,274.86,4,1. Before a week,Saturday,6
RES012329,11-Oct-24,At the hotel,0.Non-member,Modified,15-Oct-24,2,33.76,67.52,4,1. Before a week,Tuesday,2
RES012395,25-Oct-24,GDS,2.Elite,Modified,29-Oct-24,2,132.53,265.06,4,1. Before a week,Tuesday,2
RES012468,1-Oct-24,App,0.Non-member,Modified,5-Oct-24,2,104.33,208.66,4,1. Before a week,Saturday,6
RES012486,17-Sep-24,At the hotel,4.Essential,Modified,21-Sep-24,2,75.9,151.8,4,1. Before a week,Saturday,6
RES012501,30-Sep-24,Velora.com,6.Select,Modified,4-Oct-24,2,123.63,247.26,4,1. Before a week,Friday,5
RES012575,4-Sep-24,At the hotel,4.Essential,Modified,8-Sep-24,2,216.58,433.16,4,1. Before a week,Sunday,0
RES012602,1-Sep-24,At the hotel,0.Non-member,Modified,5-Sep-24,2,33.76,67.52,4,1. Before a week,Thursday,4
RES012606,19-Oct-24,Connected Wholesaler,4.Essential,Modified,23-Oct-24,2,139.77,279.54,4,1. Before a week,Wednesday,3
RES012622,23-Sep-24,Phone,4.Essential,Modified,27-Sep-24,2,139.51,279.02,4,1. Before a week,Friday,5
RES012670,13-Oct-24,App,0.Non-member,Modified,17-Oct-24,2,148.47,296.94,4,1. Before a week,Thursday,4
RES012731,16-Sep-24,At the hotel,0.Non-member,Modified,20-Sep-24,2,132.53,265.06,4,1. Before a week,Friday,5
RES012845,12-Sep-24,GDS,5.Preferred,Modified,16-Sep-24,2,180.35,360.7,4,1. Before a week,Monday,1
RES012877,12-Oct-24,GDS,2.Elite,Modified,16-Oct-24,2,168.67,337.34,4,1. Before a week,Wednesday,3
RES013027,26-Sep-24,GDS,6.Select,Modified,30-Sep-24,2,134.34,268.68,4,1. Before a week,Monday,1
RES013051,11-Oct-24,At the hotel,0.Non-member,Modified,15-Oct-24,2,33.73,67.46,4,1. Before a week,Tuesday,2
RES013092,5-Sep-24,GDS,4.Essential,Modified,9-Sep-24,2,128.72,257.44,4,1. Before a week,Monday,1
RES013141,25-Sep-24,App,4.Essential,Modified,29-Sep-24,2,146.62,293.24,4,1. Before a week,Sunday,0
RES013149,15-Oct-24,GDS,6.Select,Modified,19-Oct-24,2,126.76,253.52,4,1. Before a week,Saturday,6
RES013172,3-Oct-24,Velora.com,5.Preferred,Modified,7-Oct-24,2,155.16,310.32,4,1. Before a week,Monday,1
RES013189,20-Sep-24,GDS,5.Preferred,Modified,24-Sep-24,2,162.65,325.3,4,1. Before a week,Tuesday,2
RES013206,24-Oct-24,Phone,0.Non-member,Modified,28-Oct-24,2,163.84,327.68,4,1. Before a week,Monday,1
RES013279,10-Oct-24,Phone,3.Premier,Modified,14-Oct-24,2,141.67,283.34,4,1. Before a week,Monday,1
RES013290,17-Sep-24,App,4.Essential,Modified,21-Sep-24,2,126.49,252.98,4,1. Before a week,Saturday,6
RES013345,22-Sep-24,Velora.com,3.Premier,Modified,26-Sep-24,2,149.39,298.78,4,1. Before a week,Thursday,4
RES013414,5-Sep-24,App,0.Non-member,Modified,9-Sep-24,2,138.54,277.08,4,1. Before a week,Monday,1
RES013440,22-Oct-24,At the hotel,0.Non-member,Modified,26-Oct-24,2,154.21,308.42,4,1. Before a week,Saturday,6
RES013441,22-Oct-24,At the hotel,0.Non-member,Modified,26-Oct-24,2,149.4,298.8,4,1. Before a week,Saturday,6
RES013573,10-Sep-24,App,4.Essential,Modified,14-Sep-24,2,99.7,199.4,4,1. Before a week,Saturday,6
RES013599,15-Oct-24,At the hotel,0.Non-member,Modified,19-Oct-24,2,132.53,265.06,4,1. Before a week,Saturday,6
RES013677,10-Oct-24,Connected Wholesaler,0.Non-member,Modified,14-Oct-24,2,85.21,170.42,4,1. Before a week,Monday,1
RES013735,18-Sep-24,GDS,0.Non-member,Modified,22-Sep-24,2,158.53,317.06,4,1. Before a week,Sunday,0
RES013741,6-Sep-24,At the hotel,0.Non-member,Modified,10-Sep-24,2,33.66,67.32,4,1. Before a week,Tuesday,2
RES013758,26-Oct-24,GDS,4.Essential,Modified,30-Oct-24,2,231.22,462.44,4,1. Before a week,Wednesday,3
RES013789,28-Sep-24,GDS,2.Elite,Modified,2-Oct-24,2,169.15,338.3,4,1. Before a week,Wednesday,3
RES013800,14-Oct-24,At the hotel,0.Non-member,Modified,18-Oct-24,2,132.53,265.06,4,1. Before a week,Friday,5
RES013875,22-Oct-24,At the hotel,5.Preferred,Modified,26-Oct-24,2,34.2,68.4,4,1. Before a week,Saturday,6
RES014054,17-Sep-24,Velora.com,3.Premier,Modified,21-Sep-24,2,117.87,235.74,4,1. Before a week,Saturday,6
RES014123,11-Oct-24,App,0.Non-member,Modified,15-Oct-24,2,141.3,282.6,4,1. Before a week,Tuesday,2
RES014181,4-Sep-24,GDS,4.Essential,Modified,8-Sep-24,2,162.43,324.86,4,1. Before a week,Sunday,0
RES014216,8-Sep-24,App,0.Non-member,Modified,12-Sep-24,2,142.15,284.3,4,1. Before a week,Thursday,4
RES014246,16-Sep-24,App,5.Preferred,Modified,20-Sep-24,2,158.77,317.54,4,1. Before a week,Friday,5
RES014254,1-Sep-24,GDS,3.Premier,Modified,5-Sep-24,2,145.59,291.18,4,1. Before a week,Thursday,4
RES014286,15-Sep-24,At the hotel,0.Non-member,Modified,19-Sep-24,2,0,0,4,1. Before a week,Thursday,4
RES014340,28-Sep-24,Velora.com,6.Select,Modified,2-Oct-24,2,138.05,276.1,4,1. Before a week,Wednesday,3
RES014397,10-Sep-24,Connected Wholesaler,0.Non-member,Modified,14-Sep-24,2,242.73,485.46,4,1. Before a week,Saturday,6
RES014582,19-Oct-24,Connected Wholesaler,6.Select,Modified,23-Oct-24,2,165.24,330.48,4,1. Before a week,Wednesday,3
RES014641,3-Oct-24,GDS,0.Non-member,Modified,7-Oct-24,2,156.61,313.22,4,1. Before a week,Monday,1
RES009721,22-Sep-24,Phone,5.Preferred,Modified,24-Sep-24,2,34.25,68.5,2,1. Before a week,Tuesday,2
RES009728,25-Sep-24,Connected Wholesaler,4.Essential,Modified,27-Sep-24,2,89.45,178.9,2,1. Before a week,Friday,5
RES009753,18-Oct-24,Velora.com,3.Premier,Modified,20-Oct-24,2,127.84,255.68,2,1. Before a week,Sunday,0
RES009769,23-Oct-24,App,6.Select,Modified,25-Oct-24,2,139.39,278.78,2,1. Before a week,Friday,5
RES009932,3-Oct-24,Velora.com,5.Preferred,Modified,5-Oct-24,2,120.18,240.36,2,1. Before a week,Saturday,6
RES009957,1-Oct-24,GDS,6.Select,Modified,3-Oct-24,2,110.84,221.68,2,1. Before a week,Thursday,4
RES009988,7-Oct-24,Velora.com,4.Essential,Modified,9-Oct-24,2,123.97,247.94,2,1. Before a week,Wednesday,3
RES010063,1-Oct-24,Velora.com,6.Select,Modified,3-Oct-24,2,135.78,271.56,2,1. Before a week,Thursday,4
RES010163,13-Sep-24,Velora.com,4.Essential,Modified,15-Sep-24,2,196,392,2,1. Before a week,Sunday,0
RES010192,8-Oct-24,Velora.com,4.Essential,Modified,10-Oct-24,2,107.53,215.06,2,1. Before a week,Thursday,4
RES010204,2-Nov-24,GDS,6.Select,Modified,4-Nov-24,2,124.48,248.96,2,1. Before a week,Monday,1
RES010262,28-Oct-24,Velora.com,3.Premier,Modified,30-Oct-24,2,105.42,210.84,2,1. Before a week,Wednesday,3
RES010269,3-Oct-24,Velora.com,4.Essential,Modified,5-Oct-24,2,192.72,385.44,2,1. Before a week,Saturday,6
RES010276,24-Sep-24,Velora.com,4.Essential,Modified,26-Sep-24,2,143.36,286.72,2,1. Before a week,Thursday,4
RES010286,29-Sep-24,GDS,2.Elite,Modified,1-Oct-24,2,168.81,337.62,2,1. Before a week,Tuesday,2
RES010297,24-Oct-24,Phone,5.Preferred,Modified,26-Oct-24,2,162.31,324.62,2,1. Before a week,Saturday,6
RES010341,10-Sep-24,Velora.com,6.Select,Modified,12-Sep-24,2,159.06,318.12,2,1. Before a week,Thursday,4
RES010369,10-Sep-24,Phone,6.Select,Modified,12-Sep-24,2,122.89,245.78,2,1. Before a week,Thursday,4
RES010441,6-Oct-24,Velora.com,4.Essential,Modified,8-Oct-24,2,144.07,288.14,2,1. Before a week,Tuesday,2
RES010454,26-Sep-24,Velora.com,6.Select,Modified,28-Sep-24,2,107.62,215.24,2,1. Before a week,Saturday,6
RES010459,15-Sep-24,GDS,5.Preferred,Modified,17-Sep-24,2,144.58,289.16,2,1. Before a week,Tuesday,2
RES010581,4-Sep-24,At the hotel,4.Essential,Modified,6-Sep-24,2,156.61,313.22,2,1. Before a week,Friday,5
RES010692,20-Sep-24,Velora.com,4.Essential,Modified,22-Sep-24,2,74.94,149.88,2,1. Before a week,Sunday,0
RES010730,15-Sep-24,Velora.com,3.Premier,Modified,17-Sep-24,2,190.06,380.12,2,1. Before a week,Tuesday,2
RES010901,13-Oct-24,App,4.Essential,Modified,15-Oct-24,2,155.42,310.84,2,1. Before a week,Tuesday,2
RES011103,1-Oct-24,App,4.Essential,Modified,3-Oct-24,2,156.61,313.22,2,1. Before a week,Thursday,4
RES011234,15-Sep-24,GDS,5.Preferred,Modified,17-Sep-24,2,151.51,303.02,2,1. Before a week,Tuesday,2
RES011752,15-Oct-24,GDS,4.Essential,Modified,17-Oct-24,2,132.53,265.06,2,1. Before a week,Thursday,4
RES011780,4-Sep-24,At the hotel,4.Essential,Modified,6-Sep-24,2,149.4,298.8,2,1. Before a week,Friday,5
RES011836,25-Oct-24,GDS,1.Iconic,Modified,27-Oct-24,2,120.48,240.96,2,1. Before a week,Sunday,0
RES011920,9-Oct-24,Velora.com,5.Preferred,Modified,11-Oct-24,2,108.52,217.04,2,1. Before a week,Friday,5
RES012047,7-Oct-24,GDS,3.Premier,Modified,9-Oct-24,2,132.52,265.04,2,1. Before a week,Wednesday,3
RES012206,30-Sep-24,GDS,3.Premier,Modified,2-Oct-24,2,225.94,451.88,2,1. Before a week,Wednesday,3
RES012218,29-Oct-24,Velora.com,2.Elite,Modified,31-Oct-24,2,33.99,67.98,2,1. Before a week,Thursday,4
RES012277,11-Sep-24,Velora.com,6.Select,Modified,13-Sep-24,2,108.73,217.46,2,1. Before a week,Friday,5
RES012344,24-Oct-24,App,4.Essential,Modified,26-Oct-24,2,175.75,351.5,2,1. Before a week,Saturday,6
RES012368,8-Oct-24,GDS,5.Preferred,Modified,10-Oct-24,2,139.39,278.78,2,1. Before a week,Thursday,4
RES012401,12-Sep-24,Velora.com,4.Essential,Modified,14-Sep-24,2,157.51,315.02,2,1. Before a week,Saturday,6
RES012659,20-Sep-24,Velora.com,4.Essential,Modified,22-Sep-24,2,45.78,91.56,2,1. Before a week,Sunday,0
RES012682,30-Oct-24,GDS,4.Essential,Modified,1-Nov-24,2,117.76,235.52,2,1. Before a week,Friday,5
RES012873,27-Oct-24,At the hotel,4.Essential,Modified,29-Oct-24,2,134.56,269.12,2,1. Before a week,Tuesday,2
RES012981,4-Sep-24,Velora.com,1.Iconic,Modified,6-Sep-24,2,174.93,349.86,2,1. Before a week,Friday,5
RES013001,25-Oct-24,Velora.com,3.Premier,Modified,27-Oct-24,2,57.83,115.66,2,1. Before a week,Sunday,0
RES013020,20-Oct-24,At the hotel,3.Premier,Modified,22-Oct-24,2,180.35,360.7,2,1. Before a week,Tuesday,2
RES013245,4-Oct-24,Connected Wholesaler,4.Essential,Modified,6-Oct-24,2,85.84,171.68,2,1. Before a week,Sunday,0
RES013266,25-Oct-24,App,4.Essential,Modified,27-Oct-24,2,136.21,272.42,2,1. Before a week,Sunday,0
RES013483,23-Oct-24,At the hotel,4.Essential,Modified,25-Oct-24,2,146.66,293.32,2,1. Before a week,Friday,5
RES013548,2-Sep-24,Velora.com,2.Elite,Modified,4-Sep-24,2,248.74,497.48,2,1. Before a week,Wednesday,3
RES013632,23-Oct-24,Phone,4.Essential,Modified,25-Oct-24,2,39.69,79.38,2,1. Before a week,Friday,5
RES013844,6-Oct-24,GDS,3.Premier,Modified,8-Oct-24,2,107.53,215.06,2,1. Before a week,Tuesday,2
RES013866,25-Oct-24,Velora.com,2.Elite,Modified,27-Oct-24,2,129.99,259.98,2,1. Before a week,Sunday,0
RES014092,24-Sep-24,GDS,5.Preferred,Modified,26-Sep-24,2,152.66,305.32,2,1. Before a week,Thursday,4
RES014103,27-Sep-24,App,4.Essential,Modified,29-Sep-24,2,107.84,215.68,2,1. Before a week,Sunday,0
RES014185,30-Sep-24,App,4.Essential,Modified,2-Oct-24,2,146.56,293.12,2,1. Before a week,Wednesday,3
RES014193,25-Sep-24,GDS,3.Premier,Modified,27-Sep-24,2,137.46,274.92,2,1. Before a week,Friday,5
RES014283,16-Oct-24,App,4.Essential,Modified,18-Oct-24,2,110.84,221.68,2,1. Before a week,Friday,5
RES014443,11-Oct-24,GDS,5.Preferred,Modified,13-Oct-24,2,105.72,211.44,2,1. Before a week,Sunday,0
RES014555,17-Sep-24,Phone,4.Essential,Modified,19-Sep-24,2,194.82,389.64,2,1. Before a week,Thursday,4
RES014569,2-Oct-24,Velora.com,3.Premier,Modified,4-Oct-24,2,189.3,378.6,2,1. Before a week,Friday,5
RES014573,9-Sep-24,Phone,6.Select,Modified,11-Sep-24,2,122.89,245.78,2,1. Before a week,Wednesday,3
RES014580,19-Sep-24,At the hotel,2.Elite,Modified,21-Sep-24,2,178.07,356.14,2,1. Before a week,Saturday,6
RES014602,21-Oct-24,At the hotel,6.Select,Modified,23-Oct-24,2,166.26,332.52,2,1. Before a week,Wednesday,3
RES014648,15-Oct-24,At the hotel,2.Elite,Modified,17-Oct-24,2,195.41,390.82,2,1. Before a week,Thursday,4
RES009729,4-Sep-24,At the hotel,0.Non-member,Modified,6-Sep-24,2,196.3,392.6,2,1. Before a week,Friday,5
RES009763,9-Oct-24,At the hotel,0.Non-member,Modified,11-Oct-24,2,150.6,301.2,2,1. Before a week,Friday,5
RES009799,8-Sep-24,At the hotel,0.Non-member,Modified,10-Sep-24,2,70.54,141.08,2,1. Before a week,Tuesday,2
RES009838,31-Oct-24,Phone,0.Non-member,Modified,2-Nov-24,2,162.05,324.1,2,1. Before a week,Saturday,6
RES009870,18-Sep-24,At the hotel,0.Non-member,Modified,20-Sep-24,2,132.64,265.28,2,1. Before a week,Friday,5
RES010082,24-Oct-24,Connected Wholesaler,0.Non-member,Modified,26-Oct-24,2,126.34,252.68,2,1. Before a week,Saturday,6
RES010096,30-Oct-24,At the hotel,0.Non-member,Modified,1-Nov-24,2,162.65,325.3,2,1. Before a week,Friday,5
RES010129,14-Oct-24,At the hotel,0.Non-member,Modified,16-Oct-24,2,132.64,265.28,2,1. Before a week,Wednesday,3
RES010171,13-Sep-24,App,0.Non-member,Modified,15-Sep-24,2,170.98,341.96,2,1. Before a week,Sunday,0
RES010223,22-Sep-24,At the hotel,0.Non-member,Modified,24-Sep-24,2,0,0,2,1. Before a week,Tuesday,2
RES010278,23-Sep-24,At the hotel,0.Non-member,Modified,25-Sep-24,2,190.36,380.72,2,1. Before a week,Wednesday,3
RES010388,24-Oct-24,App,0.Non-member,Modified,26-Oct-24,2,144.24,288.48,2,1. Before a week,Saturday,6
RES010505,30-Sep-24,At the hotel,0.Non-member,Modified,2-Oct-24,2,126.61,253.22,2,1. Before a week,Wednesday,3
RES010518,20-Oct-24,At the hotel,0.Non-member,Modified,22-Oct-24,2,162.31,324.62,2,1. Before a week,Tuesday,2
RES010547,26-Sep-24,At the hotel,0.Non-member,Modified,28-Sep-24,2,151.51,303.02,2,1. Before a week,Saturday,6
RES010578,19-Sep-24,At the hotel,0.Non-member,Modified,21-Sep-24,2,178.07,356.14,2,1. Before a week,Saturday,6
RES010654,18-Sep-24,At the hotel,0.Non-member,Modified,20-Sep-24,2,132.64,265.28,2,1. Before a week,Friday,5
RES010818,11-Sep-24,Other,0.Non-member,Modified,13-Sep-24,2,108.43,216.86,2,1. Before a week,Friday,5
RES010903,11-Sep-24,At the hotel,0.Non-member,Modified,13-Sep-24,2,168.67,337.34,2,1. Before a week,Friday,5
RES011025,6-Sep-24,At the hotel,0.Non-member,Modified,8-Sep-24,2,168.81,337.62,2,1. Before a week,Sunday,0
RES011083,21-Oct-24,At the hotel,0.Non-member,Modified,23-Oct-24,2,190.36,380.72,2,1. Before a week,Wednesday,3
RES011096,12-Oct-24,GDS,0.Non-member,Modified,14-Oct-24,2,138.25,276.5,2,1. Before a week,Monday,1
RES011105,19-Oct-24,At the hotel,0.Non-member,Modified,21-Oct-24,2,70.48,140.96,2,1. Before a week,Monday,1
RES011315,5-Sep-24,At the hotel,0.Non-member,Modified,7-Sep-24,2,70.48,140.96,2,1. Before a week,Saturday,6
RES011364,4-Sep-24,At the hotel,0.Non-member,Modified,6-Sep-24,2,149.4,298.8,2,1. Before a week,Friday,5
RES011516,5-Sep-24,At the hotel,0.Non-member,Modified,7-Sep-24,2,175.87,351.74,2,1. Before a week,Saturday,6
RES011736,11-Sep-24,At the hotel,0.Non-member,Modified,13-Sep-24,2,150.6,301.2,2,1. Before a week,Friday,5
RES011784,1-Oct-24,App,0.Non-member,Modified,3-Oct-24,2,134.94,269.88,2,1. Before a week,Thursday,4
RES011791,5-Sep-24,At the hotel,0.Non-member,Modified,7-Sep-24,2,162.65,325.3,2,1. Before a week,Saturday,6
RES011914,9-Oct-24,At the hotel,0.Non-member,Modified,11-Oct-24,2,150.6,301.2,2,1. Before a week,Friday,5
RES011986,11-Oct-24,At the hotel,0.Non-member,Modified,13-Oct-24,2,138.49,276.98,2,1. Before a week,Sunday,0
RES012135,2-Oct-24,At the hotel,0.Non-member,Modified,4-Oct-24,2,222.59,445.18,2,1. Before a week,Friday,5
RES012194,7-Oct-24,At the hotel,0.Non-member,Modified,9-Oct-24,2,217.04,434.08,2,1. Before a week,Wednesday,3
RES012290,15-Sep-24,At the hotel,0.Non-member,Modified,17-Sep-24,2,173.48,346.96,2,1. Before a week,Tuesday,2
RES012424,6-Oct-24,At the hotel,0.Non-member,Modified,8-Oct-24,2,70.54,141.08,2,1. Before a week,Tuesday,2
RES012451,15-Oct-24,At the hotel,0.Non-member,Modified,17-Oct-24,2,132.53,265.06,2,1. Before a week,Thursday,4
RES012479,28-Oct-24,At the hotel,0.Non-member,Modified,30-Oct-24,2,170.98,341.96,2,1. Before a week,Wednesday,3
RES012570,8-Sep-24,At the hotel,0.Non-member,Modified,10-Sep-24,2,174.84,349.68,2,1. Before a week,Tuesday,2
RES012704,1-Oct-24,At the hotel,0.Non-member,Modified,3-Oct-24,2,126.61,253.22,2,1. Before a week,Thursday,4
RES012745,2-Oct-24,At the hotel,0.Non-member,Modified,4-Oct-24,2,149.4,298.8,2,1. Before a week,Friday,5
RES012768,16-Oct-24,At the hotel,0.Non-member,Modified,18-Oct-24,2,132.53,265.06,2,1. Before a week,Friday,5
RES012852,3-Oct-24,At the hotel,0.Non-member,Modified,5-Oct-24,2,149.4,298.8,2,1. Before a week,Saturday,6
RES012983,7-Sep-24,At the hotel,0.Non-member,Modified,9-Sep-24,2,162.65,325.3,2,1. Before a week,Monday,1
RES013006,25-Sep-24,At the hotel,0.Non-member,Modified,27-Sep-24,2,122.89,245.78,2,1. Before a week,Friday,5
RES013066,2-Oct-24,At the hotel,0.Non-member,Modified,4-Oct-24,2,156.61,313.22,2,1. Before a week,Friday,5
RES013356,12-Sep-24,At the hotel,0.Non-member,Modified,14-Sep-24,2,192.37,384.74,2,1. Before a week,Saturday,6
RES013421,16-Oct-24,At the hotel,0.Non-member,Modified,18-Oct-24,2,192.37,384.74,2,1. Before a week,Friday,5
RES013580,9-Sep-24,At the hotel,0.Non-member,Modified,11-Sep-24,2,78,156,2,1. Before a week,Wednesday,3
RES013732,27-Sep-24,Connected Wholesaler,0.Non-member,Modified,29-Sep-24,2,114.85,229.7,2,1. Before a week,Sunday,0
RES013772,30-Sep-24,At the hotel,0.Non-member,Modified,2-Oct-24,2,114.21,228.42,2,1. Before a week,Wednesday,3
RES013836,11-Oct-24,Connected Wholesaler,0.Non-member,Modified,13-Oct-24,2,93.66,187.32,2,1. Before a week,Sunday,0
RES013931,23-Oct-24,At the hotel,0.Non-member,Modified,25-Oct-24,2,176.05,352.1,2,1. Before a week,Friday,5
RES013967,9-Oct-24,At the hotel,0.Non-member,Modified,11-Oct-24,2,173.26,346.52,2,1. Before a week,Friday,5
RES014028,28-Sep-24,At the hotel,0.Non-member,Modified,30-Sep-24,2,177.09,354.18,2,1. Before a week,Monday,1
RES014149,30-Sep-24,At the hotel,0.Non-member,Modified,2-Oct-24,2,170.98,341.96,2,1. Before a week,Wednesday,3
RES014195,4-Sep-24,At the hotel,0.Non-member,Modified,6-Sep-24,2,149.4,298.8,2,1. Before a week,Friday,5
RES014284,11-Sep-24,At the hotel,0.Non-member,Modified,13-Sep-24,2,150.6,301.2,2,1. Before a week,Friday,5
RES014341,10-Oct-24,At the hotel,0.Non-member,Modified,12-Oct-24,2,163.63,327.26,2,1. Before a week,Saturday,6
RES014396,25-Oct-24,Connected Wholesaler,0.Non-member,Modified,27-Oct-24,2,101.82,203.64,2,1. Before a week,Sunday,0
RES014451,9-Sep-24,At the hotel,0.Non-member,Modified,11-Sep-24,2,78,156,2,1. Before a week,Wednesday,3
RES014496,10-Sep-24,App,0.Non-member,Modified,12-Sep-24,2,135.32,270.64,2,1. Before a week,Thursday,4
RES014520,4-Sep-24,At the hotel,0.Non-member,Modified,6-Sep-24,2,156.61,313.22,2,1. Before a week,Friday,5
RES014527,7-Sep-24,At the hotel,0.Non-member,Modified,9-Sep-24,2,162.65,325.3,2,1. Before a week,Monday,1
RES014567,30-Oct-24,Connected Wholesaler,0.Non-member,Modified,1-Nov-24,2,92.17,184.34,2,1. Before a week,Friday,5
RES014620,9-Oct-24,At the hotel,0.Non-member,Modified,11-Oct-24,2,137.34,274.68,2,1. Before a week,Friday,5
RES014671,30-Sep-24,At the hotel,0.Non-member,Modified,2-Oct-24,2,170.98,341.96,2,1. Before a week,Wednesday,3
RES014697,2-Sep-24,Velora.com,0.Non-member,Modified,4-Sep-24,2,93.8,187.6,2,1. Before a week,Wednesday,3
RES009826,6-Sep-24,At the hotel,3.Premier,Modified,6-Sep-24,2,253.42,506.84,0,1. Before a week,Friday,5
RES009829,27-Sep-24,Velora.com,5.Preferred,Modified,27-Sep-24,2,191.44,382.88,0,1. Before a week,Friday,5
RES009833,8-Sep-24,Velora.com,3.Premier,Modified,8-Sep-24,2,0,0,0,1. Before a week,Sunday,0
RES009834,7-Sep-24,Velora.com,0.Non-member,Modified,7-Sep-24,2,118.53,237.06,0,1. Before a week,Saturday,6
RES009863,24-Sep-24,Connected Wholesaler,4.Essential,Modified,24-Sep-24,2,104.82,209.64,0,1. Before a week,Tuesday,2
RES009878,20-Sep-24,App,4.Essential,Modified,20-Sep-24,2,108.43,216.86,0,1. Before a week,Friday,5
RES009886,7-Oct-24,Velora.com,5.Preferred,Modified,7-Oct-24,2,200.3,400.6,0,1. Before a week,Monday,1
RES009897,3-Nov-24,At the hotel,6.Select,Modified,3-Nov-24,2,0,0,0,1. Before a week,Sunday,0
RES009930,22-Oct-24,At the hotel,0.Non-member,Modified,22-Oct-24,2,77.43,154.86,0,1. Before a week,Tuesday,2
RES009998,20-Sep-24,App,0.Non-member,Modified,20-Sep-24,2,156.75,313.5,0,1. Before a week,Friday,5
RES010039,2-Oct-24,App,4.Essential,Modified,2-Oct-24,2,144.25,288.5,0,1. Before a week,Wednesday,3
RES010047,13-Sep-24,App,4.Essential,Modified,13-Sep-24,2,137.46,274.92,0,1. Before a week,Friday,5
RES010061,31-Oct-24,App,0.Non-member,Modified,31-Oct-24,2,136.49,272.98,0,1. Before a week,Thursday,4
RES010078,23-Oct-24,At the hotel,6.Select,Modified,23-Oct-24,2,109.64,219.28,0,1. Before a week,Wednesday,3
RES010087,3-Sep-24,App,0.Non-member,Modified,3-Sep-24,2,113.55,227.1,0,1. Before a week,Tuesday,2
RES010114,1-Nov-24,App,0.Non-member,Modified,1-Nov-24,2,115.93,231.86,0,1. Before a week,Friday,5
RES010116,30-Oct-24,Velora.com,4.Essential,Modified,30-Oct-24,2,322.01,644.02,0,1. Before a week,Wednesday,3
RES010181,5-Sep-24,Velora.com,4.Essential,Modified,5-Sep-24,2,132.14,264.28,0,1. Before a week,Thursday,4
RES010203,17-Oct-24,At the hotel,0.Non-member,Modified,17-Oct-24,2,132.53,265.06,0,1. Before a week,Thursday,4
RES010282,25-Oct-24,Velora.com,3.Premier,Modified,25-Oct-24,2,33.61,67.22,0,1. Before a week,Friday,5
RES010284,5-Oct-24,App,0.Non-member,Modified,5-Oct-24,2,132.53,265.06,0,1. Before a week,Saturday,6
RES010330,26-Sep-24,GDS,4.Essential,Modified,26-Sep-24,2,117.13,234.26,0,1. Before a week,Thursday,4
RES010333,17-Oct-24,At the hotel,0.Non-member,Modified,17-Oct-24,2,132.53,265.06,0,1. Before a week,Thursday,4
RES010390,15-Oct-24,Velora.com,3.Premier,Modified,15-Oct-24,2,48.19,96.38,0,1. Before a week,Tuesday,2
RES010403,18-Oct-24,Velora.com,6.Select,Modified,18-Oct-24,2,120.91,241.82,0,1. Before a week,Friday,5
RES010423,5-Oct-24,Velora.com,4.Essential,Modified,5-Oct-24,2,146.21,292.42,0,1. Before a week,Saturday,6
RES010463,11-Sep-24,GDS,4.Essential,Modified,11-Sep-24,2,159.3,318.6,0,1. Before a week,Wednesday,3
RES010493,20-Sep-24,At the hotel,0.Non-member,Modified,20-Sep-24,2,0,0,0,1. Before a week,Friday,5
RES010496,28-Sep-24,App,0.Non-member,Modified,28-Sep-24,2,121.21,242.42,0,1. Before a week,Saturday,6
RES010538,5-Sep-24,Velora.com,2.Elite,Modified,5-Sep-24,2,248.56,497.12,0,1. Before a week,Thursday,4
RES010550,29-Oct-24,Velora.com,4.Essential,Modified,29-Oct-24,2,175.89,351.78,0,1. Before a week,Tuesday,2
RES010570,2-Nov-24,App,4.Essential,Modified,2-Nov-24,2,147.61,295.22,0,1. Before a week,Saturday,6
RES010626,9-Sep-24,Velora.com,1.Iconic,Modified,9-Sep-24,2,145.78,291.56,0,1. Before a week,Monday,1
RES010650,1-Nov-24,Velora.com,1.Iconic,Modified,1-Nov-24,2,103.01,206.02,0,1. Before a week,Friday,5
RES010697,12-Oct-24,At the hotel,0.Non-member,Modified,12-Oct-24,2,118.17,236.34,0,1. Before a week,Saturday,6
RES010741,17-Oct-24,At the hotel,0.Non-member,Modified,17-Oct-24,2,62.65,125.3,0,1. Before a week,Thursday,4
RES010750,18-Sep-24,App,0.Non-member,Modified,18-Sep-24,2,177.09,354.18,0,1. Before a week,Wednesday,3
RES010811,14-Sep-24,App,0.Non-member,Modified,14-Sep-24,2,117.47,234.94,0,1. Before a week,Saturday,6
RES010846,5-Sep-24,Velora.com,3.Premier,Modified,5-Sep-24,2,194.8,389.6,0,1. Before a week,Thursday,4
RES010852,22-Oct-24,App,0.Non-member,Modified,22-Oct-24,2,139.41,278.82,0,1. Before a week,Tuesday,2
RES010866,2-Oct-24,Velora.com,5.Preferred,Modified,2-Oct-24,2,118.07,236.14,0,1. Before a week,Wednesday,3
RES010939,22-Oct-24,GDS,5.Preferred,Modified,22-Oct-24,2,122.89,245.78,0,1. Before a week,Tuesday,2
RES010954,10-Sep-24,Velora.com,2.Elite,Modified,10-Sep-24,2,154.81,309.62,0,1. Before a week,Tuesday,2
RES010996,28-Sep-24,At the hotel,4.Essential,Modified,28-Sep-24,2,0,0,0,1. Before a week,Saturday,6
RES011016,22-Oct-24,At the hotel,4.Essential,Modified,22-Oct-24,2,168.32,336.64,0,1. Before a week,Tuesday,2
RES011051,28-Sep-24,Velora.com,5.Preferred,Modified,28-Sep-24,2,120.28,240.56,0,1. Before a week,Saturday,6
RES011067,19-Oct-24,Velora.com,0.Non-member,Modified,19-Oct-24,2,188.55,377.1,0,1. Before a week,Saturday,6
RES011081,13-Oct-24,App,4.Essential,Modified,13-Oct-24,2,144.7,289.4,0,1. Before a week,Sunday,0
RES011109,17-Oct-24,Velora.com,5.Preferred,Modified,17-Oct-24,2,167.55,335.1,0,1. Before a week,Thursday,4
RES011178,18-Oct-24,GDS,4.Essential,Modified,18-Oct-24,2,156.75,313.5,0,1. Before a week,Friday,5
RES011218,15-Oct-24,At the hotel,0.Non-member,Modified,15-Oct-24,2,242.58,485.16,0,1. Before a week,Tuesday,2
RES011239,21-Oct-24,At the hotel,0.Non-member,Modified,21-Oct-24,2,0,0,0,1. Before a week,Monday,1
RES011274,8-Sep-24,App,4.Essential,Modified,8-Sep-24,2,138.18,276.36,0,1. Before a week,Sunday,0
RES011293,19-Sep-24,Velora.com,0.Non-member,Modified,19-Sep-24,2,170.98,341.96,0,1. Before a week,Thursday,4
RES011322,30-Sep-24,Velora.com,5.Preferred,Modified,30-Sep-24,2,129.99,259.98,0,1. Before a week,Monday,1
RES011365,11-Sep-24,GDS,5.Preferred,Modified,11-Sep-24,2,82.6,165.2,0,1. Before a week,Wednesday,3
RES011372,3-Oct-24,Connected Wholesaler,0.Non-member,Modified,3-Oct-24,2,95.78,191.56,0,1. Before a week,Thursday,4
RES011415,5-Sep-24,At the hotel,4.Essential,Modified,5-Sep-24,2,124.71,249.42,0,1. Before a week,Thursday,4
RES011438,29-Oct-24,Velora.com,6.Select,Modified,29-Oct-24,2,151.51,303.02,0,1. Before a week,Tuesday,2
RES011504,24-Sep-24,At the hotel,0.Non-member,Modified,24-Sep-24,2,120.58,241.16,0,1. Before a week,Tuesday,2
RES011515,24-Oct-24,At the hotel,0.Non-member,Modified,24-Oct-24,2,115.15,230.3,0,1. Before a week,Thursday,4
RES011530,2-Oct-24,Velora.com,4.Essential,Modified,2-Oct-24,2,120.48,240.96,0,1. Before a week,Wednesday,3
RES011546,14-Sep-24,At the hotel,0.Non-member,Modified,14-Sep-24,2,72.35,144.7,0,1. Before a week,Saturday,6
RES011676,2-Nov-24,Connected Wholesaler,0.Non-member,Modified,2-Nov-24,2,64.69,129.38,0,1. Before a week,Saturday,6
RES011793,28-Sep-24,Velora.com,6.Select,Modified,28-Sep-24,2,131.61,263.22,0,1. Before a week,Saturday,6
RES011811,3-Oct-24,Velora.com,5.Preferred,Modified,3-Oct-24,2,141.67,283.34,0,1. Before a week,Thursday,4
RES011826,10-Oct-24,GDS,3.Premier,Modified,10-Oct-24,2,132.52,265.04,0,1. Before a week,Thursday,4
RES011835,16-Oct-24,At the hotel,0.Non-member,Modified,16-Oct-24,2,181.39,362.78,0,1. Before a week,Wednesday,3
RES011852,11-Oct-24,Velora.com,3.Premier,Modified,11-Oct-24,2,162.94,325.88,0,1. Before a week,Friday,5
RES011890,19-Oct-24,At the hotel,6.Select,Modified,19-Oct-24,2,144.75,289.5,0,1. Before a week,Saturday,6
RES011902,5-Oct-24,App,0.Non-member,Modified,5-Oct-24,2,109.73,219.46,0,1. Before a week,Saturday,6
RES011919,11-Sep-24,Velora.com,1.Iconic,Modified,11-Sep-24,2,133.12,266.24,0,1. Before a week,Wednesday,3
RES011938,9-Oct-24,GDS,6.Select,Modified,9-Oct-24,2,122.88,245.76,0,1. Before a week,Wednesday,3
RES011954,19-Oct-24,App,0.Non-member,Modified,19-Oct-24,2,138.55,277.1,0,1. Before a week,Saturday,6
RES011956,4-Oct-24,Connected Wholesaler,4.Essential,Modified,4-Oct-24,2,91.26,182.52,0,1. Before a week,Friday,5
RES011963,3-Oct-24,At the hotel,6.Select,Modified,3-Oct-24,2,147.11,294.22,0,1. Before a week,Thursday,4
RES011982,13-Oct-24,Phone,4.Essential,Modified,13-Oct-24,2,134.41,268.82,0,1. Before a week,Sunday,0
RES012048,31-Oct-24,App,0.Non-member,Modified,31-Oct-24,2,134.34,268.68,0,1. Before a week,Thursday,4
RES012140,13-Oct-24,Velora.com,3.Premier,Modified,13-Oct-24,2,129.3,258.6,0,1. Before a week,Sunday,0
RES012143,17-Sep-24,GDS,6.Select,Modified,17-Sep-24,2,216.09,432.18,0,1. Before a week,Tuesday,2
RES012146,8-Sep-24,At the hotel,0.Non-member,Modified,8-Sep-24,2,0,0,0,1. Before a week,Sunday,0
RES012208,9-Sep-24,Phone,5.Preferred,Modified,9-Sep-24,2,166.96,333.92,0,1. Before a week,Monday,1
RES012225,3-Oct-24,At the hotel,4.Essential,Modified,3-Oct-24,2,119.28,238.56,0,1. Before a week,Thursday,4
RES012230,16-Sep-24,At the hotel,0.Non-member,Modified,16-Sep-24,2,224.24,448.48,0,1. Before a week,Monday,1
RES012257,5-Oct-24,At the hotel,4.Essential,Modified,5-Oct-24,2,118.07,236.14,0,1. Before a week,Saturday,6
RES012298,10-Oct-24,Velora.com,0.Non-member,Modified,10-Oct-24,2,147.11,294.22,0,1. Before a week,Thursday,4
RES012317,26-Sep-24,Velora.com,3.Premier,Modified,26-Sep-24,2,33.78,67.56,0,1. Before a week,Thursday,4
RES012380,9-Oct-24,At the hotel,6.Select,Modified,9-Oct-24,2,192.37,384.74,0,1. Before a week,Wednesday,3
RES012393,13-Sep-24,Phone,1.Iconic,Modified,13-Sep-24,2,147.71,295.42,0,1. Before a week,Friday,5
RES012442,25-Oct-24,App,0.Non-member,Modified,25-Oct-24,2,213.73,427.46,0,1. Before a week,Friday,5
RES012453,22-Sep-24,Phone,4.Essential,Modified,22-Sep-24,2,108.43,216.86,0,1. Before a week,Sunday,0
RES012480,4-Oct-24,At the hotel,0.Non-member,Modified,4-Oct-24,2,0,0,0,1. Before a week,Friday,5
RES012492,11-Sep-24,At the hotel,0.Non-member,Modified,11-Sep-24,2,172.55,345.1,0,1. Before a week,Wednesday,3
RES012572,24-Sep-24,Velora.com,5.Preferred,Modified,24-Sep-24,2,33.81,67.62,0,1. Before a week,Tuesday,2
RES012626,13-Sep-24,At the hotel,2.Elite,Modified,13-Sep-24,2,193.11,386.22,0,1. Before a week,Friday,5
RES012631,14-Oct-24,At the hotel,0.Non-member,Modified,14-Oct-24,2,122.89,245.78,0,1. Before a week,Monday,1
RES012662,16-Sep-24,At the hotel,0.Non-member,Modified,16-Sep-24,2,131.32,262.64,0,1. Before a week,Monday,1
RES012709,16-Sep-24,App,4.Essential,Modified,16-Sep-24,2,126.5,253,0,1. Before a week,Monday,1
RES012721,29-Oct-24,At the hotel,0.Non-member,Modified,29-Oct-24,2,78.59,157.18,0,1. Before a week,Tuesday,2
RES012806,18-Sep-24,App,4.Essential,Modified,18-Sep-24,2,173.13,346.26,0,1. Before a week,Wednesday,3
RES012819,27-Sep-24,Velora.com,6.Select,Modified,27-Sep-24,2,160.24,320.48,0,1. Before a week,Friday,5
RES012826,24-Oct-24,Velora.com,0.Non-member,Modified,24-Oct-24,2,115.71,231.42,0,1. Before a week,Thursday,4
RES012838,6-Oct-24,At the hotel,4.Essential,Modified,6-Oct-24,2,159.53,319.06,0,1. Before a week,Sunday,0
RES012853,10-Oct-24,At the hotel,0.Non-member,Modified,10-Oct-24,2,174.54,349.08,0,1. Before a week,Thursday,4
RES012923,2-Sep-24,Velora.com,2.Elite,Modified,2-Sep-24,2,0,0,0,1. Before a week,Monday,1
RES012928,14-Sep-24,Velora.com,4.Essential,Modified,14-Sep-24,2,126.75,253.5,0,1. Before a week,Saturday,6
RES012971,4-Oct-24,At the hotel,6.Select,Modified,4-Oct-24,2,156.75,313.5,0,1. Before a week,Friday,5
RES012985,20-Oct-24,At the hotel,0.Non-member,Modified,20-Oct-24,2,134.54,269.08,0,1. Before a week,Sunday,0
RES012999,19-Sep-24,App,4.Essential,Modified,19-Sep-24,2,210.13,420.26,0,1. Before a week,Thursday,4
RES013035,24-Sep-24,App,4.Essential,Modified,24-Sep-24,2,189.76,379.52,0,1. Before a week,Tuesday,2
RES013078,17-Oct-24,App,4.Essential,Modified,17-Oct-24,2,100.96,201.92,0,1. Before a week,Thursday,4
RES013093,15-Sep-24,App,0.Non-member,Modified,15-Sep-24,2,108.43,216.86,0,1. Before a week,Sunday,0
RES013144,5-Sep-24,App,4.Essential,Modified,5-Sep-24,2,148.8,297.6,0,1. Before a week,Thursday,4
RES013193,20-Sep-24,At the hotel,4.Essential,Modified,20-Sep-24,2,133.33,266.66,0,1. Before a week,Friday,5
RES013200,13-Oct-24,At the hotel,0.Non-member,Modified,13-Oct-24,2,122.99,245.98,0,1. Before a week,Sunday,0
RES013261,4-Oct-24,Velora.com,4.Essential,Modified,4-Oct-24,2,25.95,51.9,0,1. Before a week,Friday,5
RES013350,15-Oct-24,At the hotel,6.Select,Modified,15-Oct-24,2,116.79,233.58,0,1. Before a week,Tuesday,2
RES013357,25-Sep-24,App,0.Non-member,Modified,25-Sep-24,2,264.7,529.4,0,1. Before a week,Wednesday,3
RES013389,14-Oct-24,At the hotel,6.Select,Modified,14-Oct-24,2,192.37,384.74,0,1. Before a week,Monday,1
RES013459,7-Sep-24,App,4.Essential,Modified,7-Sep-24,2,112.66,225.32,0,1. Before a week,Saturday,6
RES013503,30-Oct-24,GDS,4.Essential,Modified,30-Oct-24,2,204.54,409.08,0,1. Before a week,Wednesday,3
RES013520,19-Oct-24,App,6.Select,Modified,19-Oct-24,2,105.34,210.68,0,1. Before a week,Saturday,6
RES013601,24-Oct-24,Connected Wholesaler,6.Select,Modified,24-Oct-24,2,113.64,227.28,0,1. Before a week,Thursday,4
RES013628,20-Sep-24,Velora.com,3.Premier,Modified,20-Sep-24,2,145.03,290.06,0,1. Before a week,Friday,5
RES013738,17-Sep-24,App,4.Essential,Modified,17-Sep-24,2,187.41,374.82,0,1. Before a week,Tuesday,2
RES013793,12-Sep-24,Velora.com,4.Essential,Modified,12-Sep-24,2,182.46,364.92,0,1. Before a week,Thursday,4
RES013810,4-Oct-24,Velora.com,5.Preferred,Modified,4-Oct-24,2,138.37,276.74,0,1. Before a week,Friday,5
RES013824,11-Oct-24,At the hotel,0.Non-member,Modified,11-Oct-24,2,66.26,132.52,0,1. Before a week,Friday,5
RES013904,13-Oct-24,App,0.Non-member,Modified,13-Oct-24,2,140.45,280.9,0,1. Before a week,Sunday,0
RES013945,8-Oct-24,Velora.com,4.Essential,Modified,8-Oct-24,2,118.2,236.4,0,1. Before a week,Tuesday,2
RES013964,30-Sep-24,At the hotel,4.Essential,Modified,30-Sep-24,2,156.3,312.6,0,1. Before a week,Monday,1
RES014022,25-Oct-24,At the hotel,4.Essential,Modified,25-Oct-24,2,0,0,0,1. Before a week,Friday,5
RES014058,4-Oct-24,Velora.com,5.Preferred,Modified,4-Oct-24,2,145.03,290.06,0,1. Before a week,Friday,5
RES014065,12-Sep-24,At the hotel,0.Non-member,Modified,12-Sep-24,2,368.54,737.08,0,1. Before a week,Thursday,4
RES014105,26-Sep-24,Connected Wholesaler,0.Non-member,Modified,26-Sep-24,2,116.39,232.78,0,1. Before a week,Thursday,4
RES014150,11-Oct-24,At the hotel,0.Non-member,Modified,11-Oct-24,2,150.6,301.2,0,1. Before a week,Friday,5
RES014194,2-Oct-24,At the hotel,4.Essential,Modified,2-Oct-24,2,213.43,426.86,0,1. Before a week,Wednesday,3
RES014276,20-Sep-24,Velora.com,4.Essential,Modified,20-Sep-24,2,125.73,251.46,0,1. Before a week,Friday,5
RES014300,5-Oct-24,At the hotel,0.Non-member,Modified,5-Oct-24,2,66.67,133.34,0,1. Before a week,Saturday,6
RES014378,19-Sep-24,App,0.Non-member,Modified,19-Sep-24,2,139.39,278.78,0,1. Before a week,Thursday,4
RES014434,20-Oct-24,App,4.Essential,Modified,20-Oct-24,2,134.47,268.94,0,1. Before a week,Sunday,0
RES014490,30-Sep-24,GDS,4.Essential,Modified,30-Sep-24,2,139.09,278.18,0,1. Before a week,Monday,1
RES014522,23-Sep-24,GDS,0.Non-member,Modified,23-Sep-24,2,107.53,215.06,0,1. Before a week,Monday,1
RES014609,5-Sep-24,At the hotel,0.Non-member,Modified,5-Sep-24,2,90.43,180.86,0,1. Before a week,Thursday,4
RES014618,14-Oct-24,GDS,4.Essential,Modified,14-Oct-24,2,122.89,245.78,0,1. Before a week,Monday,1
RES009916,16-Sep-24,At the hotel,2.Elite,Modified,17-Sep-24,2,166.4,332.8,1,1. Before a week,Tuesday,2
RES010018,19-Sep-24,GDS,2.Elite,Modified,20-Sep-24,2,144.7,289.4,1,1. Before a week,Friday,5
RES010042,28-Sep-24,GDS,4.Essential,Modified,29-Sep-24,2,108.43,216.86,1,1. Before a week,Sunday,0
RES010115,26-Oct-24,Velora.com,4.Essential,Modified,27-Oct-24,2,129.99,259.98,1,1. Before a week,Sunday,0
RES010254,23-Sep-24,At the hotel,2.Elite,Modified,24-Sep-24,2,142.6,285.2,1,1. Before a week,Tuesday,2
RES010290,20-Sep-24,At the hotel,4.Essential,Modified,21-Sep-24,2,163.37,326.74,1,1. Before a week,Saturday,6
RES010291,8-Sep-24,At the hotel,4.Essential,Modified,9-Sep-24,2,0,0,1,1. Before a week,Monday,1
RES010315,29-Sep-24,Velora.com,6.Select,Modified,30-Sep-24,2,33.99,67.98,1,1. Before a week,Monday,1
RES010370,18-Oct-24,Velora.com,3.Premier,Modified,19-Oct-24,2,137.06,274.12,1,1. Before a week,Saturday,6
RES010402,9-Oct-24,Velora.com,3.Premier,Modified,10-Oct-24,2,112.65,225.3,1,1. Before a week,Thursday,4
RES010449,9-Sep-24,At the hotel,3.Premier,Modified,10-Sep-24,2,147.88,295.76,1,1. Before a week,Tuesday,2
RES010482,18-Oct-24,Velora.com,6.Select,Modified,19-Oct-24,2,133.24,266.48,1,1. Before a week,Saturday,6
RES010529,28-Oct-24,Velora.com,2.Elite,Modified,29-Oct-24,2,118.07,236.14,1,1. Before a week,Tuesday,2
RES010575,21-Sep-24,Connected Wholesaler,4.Essential,Modified,22-Sep-24,2,133.28,266.56,1,1. Before a week,Sunday,0
RES010819,25-Oct-24,App,4.Essential,Modified,26-Oct-24,2,119.42,238.84,1,1. Before a week,Saturday,6
RES010880,2-Nov-24,App,4.Essential,Modified,3-Nov-24,2,108.43,216.86,1,1. Before a week,Sunday,0
RES011014,29-Sep-24,At the hotel,6.Select,Modified,30-Sep-24,2,169.52,339.04,1,1. Before a week,Monday,1
RES011119,5-Sep-24,At the hotel,4.Essential,Modified,6-Sep-24,2,149.4,298.8,1,1. Before a week,Friday,5
RES011124,15-Oct-24,Phone,4.Essential,Modified,16-Oct-24,2,200.5,401,1,1. Before a week,Wednesday,3
RES011138,30-Sep-24,GDS,2.Elite,Modified,1-Oct-24,2,133.33,266.66,1,1. Before a week,Tuesday,2
RES011334,7-Oct-24,Velora.com,2.Elite,Modified,8-Oct-24,2,153.48,306.96,1,1. Before a week,Tuesday,2
RES011373,9-Oct-24,At the hotel,1.Iconic,Modified,10-Oct-24,2,114.8,229.6,1,1. Before a week,Thursday,4
RES011379,8-Sep-24,Velora.com,5.Preferred,Modified,9-Sep-24,2,134.4,268.8,1,1. Before a week,Monday,1
RES011486,21-Sep-24,Velora.com,4.Essential,Modified,22-Sep-24,2,133.73,267.46,1,1. Before a week,Sunday,0
RES011640,26-Sep-24,Velora.com,2.Elite,Modified,27-Sep-24,2,103.03,206.06,1,1. Before a week,Friday,5
RES011698,28-Sep-24,App,4.Essential,Modified,29-Sep-24,2,144.75,289.5,1,1. Before a week,Sunday,0
RES011707,23-Oct-24,Phone,4.Essential,Modified,24-Oct-24,2,144.7,289.4,1,1. Before a week,Thursday,4
RES011768,25-Sep-24,Phone,6.Select,Modified,26-Sep-24,2,175.45,350.9,1,1. Before a week,Thursday,4
RES011864,17-Oct-24,At the hotel,4.Essential,Modified,18-Oct-24,2,163.37,326.74,1,1. Before a week,Friday,5
RES011875,7-Oct-24,Velora.com,4.Essential,Modified,8-Oct-24,2,103.43,206.86,1,1. Before a week,Tuesday,2
RES011879,8-Oct-24,GDS,6.Select,Modified,9-Oct-24,2,156.62,313.24,1,1. Before a week,Wednesday,3
RES011980,4-Sep-24,At the hotel,4.Essential,Modified,5-Sep-24,2,143.37,286.74,1,1. Before a week,Thursday,4
RES012025,10-Sep-24,Phone,6.Select,Modified,11-Sep-24,2,150.6,301.2,1,1. Before a week,Wednesday,3
RES012038,4-Oct-24,App,4.Essential,Modified,5-Oct-24,2,150.73,301.46,1,1. Before a week,Saturday,6
RES012059,25-Sep-24,At the hotel,2.Elite,Modified,26-Sep-24,2,168.48,336.96,1,1. Before a week,Thursday,4
RES012125,27-Oct-24,Velora.com,6.Select,Modified,28-Oct-24,2,306.55,613.1,1,1. Before a week,Monday,1
RES012128,16-Oct-24,At the hotel,4.Essential,Modified,17-Oct-24,2,218.18,436.36,1,1. Before a week,Thursday,4
RES012216,25-Sep-24,Connected Wholesaler,4.Essential,Modified,26-Sep-24,2,108.43,216.86,1,1. Before a week,Thursday,4
RES012256,23-Sep-24,GDS,6.Select,Modified,24-Sep-24,2,132.14,264.28,1,1. Before a week,Tuesday,2
RES012321,8-Sep-24,Phone,4.Essential,Modified,9-Sep-24,2,130.68,261.36,1,1. Before a week,Monday,1
RES012361,18-Oct-24,App,4.Essential,Modified,19-Oct-24,2,126.06,252.12,1,1. Before a week,Saturday,6
RES012387,13-Oct-24,GDS,4.Essential,Modified,14-Oct-24,2,204.54,409.08,1,1. Before a week,Monday,1
RES012509,2-Oct-24,Phone,4.Essential,Modified,3-Oct-24,2,134.64,269.28,1,1. Before a week,Thursday,4
RES012589,30-Sep-24,Velora.com,3.Premier,Modified,1-Oct-24,2,130.66,261.32,1,1. Before a week,Tuesday,2
RES012598,16-Sep-24,Velora.com,6.Select,Modified,17-Sep-24,2,180.87,361.74,1,1. Before a week,Tuesday,2
RES012647,1-Oct-24,GDS,5.Preferred,Modified,2-Oct-24,2,117.03,234.06,1,1. Before a week,Wednesday,3
RES012666,17-Oct-24,App,4.Essential,Modified,18-Oct-24,2,102.05,204.1,1,1. Before a week,Friday,5
RES012674,23-Oct-24,App,4.Essential,Modified,24-Oct-24,2,132.53,265.06,1,1. Before a week,Thursday,4
RES012714,4-Sep-24,Phone,5.Preferred,Modified,5-Sep-24,2,244.55,489.1,1,1. Before a week,Thursday,4
RES012800,17-Oct-24,Velora.com,5.Preferred,Modified,18-Oct-24,2,115.15,230.3,1,1. Before a week,Friday,5
RES012807,26-Oct-24,At the hotel,4.Essential,Modified,27-Oct-24,2,76.99,153.98,1,1. Before a week,Sunday,0
RES012870,8-Oct-24,Velora.com,4.Essential,Modified,9-Oct-24,2,163.72,327.44,1,1. Before a week,Wednesday,3
RES013048,4-Sep-24,At the hotel,5.Preferred,Modified,5-Sep-24,2,175.87,351.74,1,1. Before a week,Thursday,4
RES013231,8-Oct-24,Connected Wholesaler,5.Preferred,Modified,9-Oct-24,2,104.82,209.64,1,1. Before a week,Wednesday,3
RES013303,23-Oct-24,At the hotel,5.Preferred,Modified,24-Oct-24,2,122.89,245.78,1,1. Before a week,Thursday,4
RES013339,24-Oct-24,App,4.Essential,Modified,25-Oct-24,2,144.28,288.56,1,1. Before a week,Friday,5
RES013432,15-Oct-24,App,4.Essential,Modified,16-Oct-24,2,199.71,399.42,1,1. Before a week,Wednesday,3
RES013460,1-Oct-24,Velora.com,2.Elite,Modified,2-Oct-24,2,91.71,183.42,1,1. Before a week,Wednesday,3
RES013516,25-Sep-24,App,4.Essential,Modified,26-Sep-24,2,122.46,244.92,1,1. Before a week,Thursday,4
RES013532,14-Sep-24,Velora.com,6.Select,Modified,15-Sep-24,2,102.49,204.98,1,1. Before a week,Sunday,0
RES013559,22-Sep-24,GDS,2.Elite,Modified,23-Sep-24,2,107.53,215.06,1,1. Before a week,Monday,1
RES013698,10-Sep-24,Velora.com,6.Select,Modified,11-Sep-24,2,242.76,485.52,1,1. Before a week,Wednesday,3
RES013745,15-Oct-24,GDS,2.Elite,Modified,16-Oct-24,2,161.21,322.42,1,1. Before a week,Wednesday,3
RES013749,28-Oct-24,GDS,3.Premier,Modified,29-Oct-24,2,132.64,265.28,1,1. Before a week,Tuesday,2
RES013814,16-Sep-24,Velora.com,2.Elite,Modified,17-Sep-24,2,177.25,354.5,1,1. Before a week,Tuesday,2
RES013829,1-Nov-24,App,4.Essential,Modified,2-Nov-24,2,130.05,260.1,1,1. Before a week,Saturday,6
RES013845,16-Oct-24,At the hotel,4.Essential,Modified,17-Oct-24,2,0,0,1,1. Before a week,Thursday,4
RES013897,1-Oct-24,At the hotel,2.Elite,Modified,2-Oct-24,2,120.48,240.96,1,1. Before a week,Wednesday,3
RES014011,11-Oct-24,Phone,4.Essential,Modified,12-Oct-24,2,88.1,176.2,1,1. Before a week,Saturday,6
RES014099,28-Oct-24,GDS,2.Elite,Modified,29-Oct-24,2,134.34,268.68,1,1. Before a week,Tuesday,2
RES014148,15-Sep-24,At the hotel,3.Premier,Modified,16-Sep-24,2,147.88,295.76,1,1. Before a week,Monday,1
RES014219,3-Oct-24,Velora.com,3.Premier,Modified,4-Oct-24,2,249.15,498.3,1,1. Before a week,Friday,5
RES014221,28-Sep-24,GDS,3.Premier,Modified,29-Sep-24,2,82.6,165.2,1,1. Before a week,Sunday,0
RES014235,18-Oct-24,GDS,3.Premier,Modified,19-Oct-24,2,208,416,1,1. Before a week,Saturday,6
RES014322,14-Oct-24,Connected Wholesaler,5.Preferred,Modified,15-Oct-24,2,195.94,391.88,1,1. Before a week,Tuesday,2
RES014328,27-Sep-24,Velora.com,4.Essential,Modified,28-Sep-24,2,90.91,181.82,1,1. Before a week,Saturday,6
RES014400,5-Sep-24,Connected Wholesaler,4.Essential,Modified,6-Sep-24,2,101.2,202.4,1,1. Before a week,Friday,5
RES014505,17-Sep-24,App,4.Essential,Modified,18-Sep-24,2,136.79,273.58,1,1. Before a week,Wednesday,3
RES014694,8-Sep-24,GDS,6.Select,Modified,9-Sep-24,2,122.89,245.78,1,1. Before a week,Monday,1
RES009774,1-Nov-24,At the hotel,0.Non-member,Modified,2-Nov-24,2,0,0,1,1. Before a week,Saturday,6
RES009947,4-Oct-24,At the hotel,0.Non-member,Modified,5-Oct-24,2,149.72,299.44,1,1. Before a week,Saturday,6
RES010008,4-Oct-24,App,0.Non-member,Modified,5-Oct-24,2,132.52,265.04,1,1. Before a week,Saturday,6
RES010073,19-Sep-24,At the hotel,0.Non-member,Modified,20-Sep-24,2,138.55,277.1,1,1. Before a week,Friday,5
RES010103,5-Oct-24,At the hotel,0.Non-member,Modified,6-Oct-24,2,84.41,168.82,1,1. Before a week,Sunday,0
RES010136,10-Sep-24,At the hotel,0.Non-member,Modified,11-Sep-24,2,119.36,238.72,1,1. Before a week,Wednesday,3
RES010166,17-Oct-24,At the hotel,0.Non-member,Modified,18-Oct-24,2,218.18,436.36,1,1. Before a week,Friday,5
RES010240,22-Oct-24,At the hotel,0.Non-member,Modified,23-Oct-24,2,78.59,157.18,1,1. Before a week,Wednesday,3
RES010245,19-Sep-24,At the hotel,0.Non-member,Modified,20-Sep-24,2,222.59,445.18,1,1. Before a week,Friday,5
RES010365,4-Oct-24,At the hotel,0.Non-member,Modified,5-Oct-24,2,33.66,67.32,1,1. Before a week,Saturday,6
RES010385,28-Sep-24,At the hotel,0.Non-member,Modified,29-Sep-24,2,204.82,409.64,1,1. Before a week,Sunday,0
RES010391,20-Sep-24,Connected Wholesaler,0.Non-member,Modified,21-Sep-24,2,82.92,165.84,1,1. Before a week,Saturday,6
RES010452,18-Sep-24,At the hotel,0.Non-member,Modified,19-Sep-24,2,114.46,228.92,1,1. Before a week,Thursday,4
RES010515,13-Oct-24,Connected Wholesaler,0.Non-member,Modified,14-Oct-24,2,141.87,283.74,1,1. Before a week,Monday,1
RES010728,17-Oct-24,At the hotel,0.Non-member,Modified,18-Oct-24,2,0,0,1,1. Before a week,Friday,5
RES010744,27-Sep-24,At the hotel,0.Non-member,Modified,28-Sep-24,2,116.87,233.74,1,1. Before a week,Saturday,6
RES010770,11-Oct-24,App,0.Non-member,Modified,12-Oct-24,2,117.47,234.94,1,1. Before a week,Saturday,6
RES010824,10-Oct-24,Phone,0.Non-member,Modified,11-Oct-24,2,216.26,432.52,1,1. Before a week,Friday,5
RES010873,16-Sep-24,App,0.Non-member,Modified,17-Sep-24,2,132.53,265.06,1,1. Before a week,Tuesday,2
RES011011,28-Sep-24,At the hotel,0.Non-member,Modified,29-Sep-24,2,193.94,387.88,1,1. Before a week,Sunday,0
RES011046,25-Sep-24,App,0.Non-member,Modified,26-Sep-24,2,149.1,298.2,1,1. Before a week,Thursday,4
RES011090,10-Oct-24,Phone,0.Non-member,Modified,11-Oct-24,2,109.92,219.84,1,1. Before a week,Friday,5
RES011285,7-Oct-24,At the hotel,0.Non-member,Modified,8-Oct-24,2,204.82,409.64,1,1. Before a week,Tuesday,2
RES011427,19-Oct-24,At the hotel,0.Non-member,Modified,20-Oct-24,2,120,240,1,1. Before a week,Sunday,0
RES011442,17-Sep-24,At the hotel,0.Non-member,Modified,18-Sep-24,2,189.36,378.72,1,1. Before a week,Wednesday,3
RES011514,27-Sep-24,At the hotel,0.Non-member,Modified,28-Sep-24,2,80.12,160.24,1,1. Before a week,Saturday,6
RES011566,4-Oct-24,At the hotel,0.Non-member,Modified,5-Oct-24,2,33.66,67.32,1,1. Before a week,Saturday,6
RES011604,24-Oct-24,At the hotel,0.Non-member,Modified,25-Oct-24,2,150.59,301.18,1,1. Before a week,Friday,5
RES011622,17-Sep-24,At the hotel,0.Non-member,Modified,18-Sep-24,2,0,0,1,1. Before a week,Wednesday,3
RES011696,5-Oct-24,At the hotel,0.Non-member,Modified,6-Oct-24,2,162.65,325.3,1,1. Before a week,Sunday,0
RES011702,18-Oct-24,Phone,0.Non-member,Modified,19-Oct-24,2,152.66,305.32,1,1. Before a week,Saturday,6
RES011726,3-Oct-24,At the hotel,0.Non-member,Modified,4-Oct-24,2,156.61,313.22,1,1. Before a week,Friday,5
RES011739,19-Oct-24,GDS,0.Non-member,Modified,20-Oct-24,2,135.58,271.16,1,1. Before a week,Sunday,0
RES011799,24-Oct-24,At the hotel,0.Non-member,Modified,25-Oct-24,2,151.51,303.02,1,1. Before a week,Friday,5
RES011948,7-Sep-24,Connected Wholesaler,0.Non-member,Modified,8-Sep-24,2,130.75,261.5,1,1. Before a week,Sunday,0
RES011992,14-Sep-24,Phone,0.Non-member,Modified,15-Sep-24,2,169.86,339.72,1,1. Before a week,Sunday,0
RES012151,19-Sep-24,Velora.com,0.Non-member,Modified,20-Sep-24,2,137.35,274.7,1,1. Before a week,Friday,5
RES012174,25-Sep-24,At the hotel,0.Non-member,Modified,26-Sep-24,2,208.84,417.68,1,1. Before a week,Thursday,4
RES012176,12-Sep-24,Velora.com,0.Non-member,Modified,13-Sep-24,2,112.64,225.28,1,1. Before a week,Friday,5
RES012215,6-Sep-24,GDS,0.Non-member,Modified,7-Sep-24,2,114.09,228.18,1,1. Before a week,Saturday,6
RES012227,31-Oct-24,At the hotel,0.Non-member,Modified,1-Nov-24,2,132.53,265.06,1,1. Before a week,Friday,5
RES012235,1-Nov-24,At the hotel,0.Non-member,Modified,2-Nov-24,2,151.51,303.02,1,1. Before a week,Saturday,6
RES012240,5-Sep-24,At the hotel,0.Non-member,Modified,6-Sep-24,2,33.66,67.32,1,1. Before a week,Friday,5
RES012289,27-Sep-24,At the hotel,0.Non-member,Modified,28-Sep-24,2,119.28,238.56,1,1. Before a week,Saturday,6
RES012314,11-Sep-24,At the hotel,0.Non-member,Modified,12-Sep-24,2,141.56,283.12,1,1. Before a week,Thursday,4
RES012375,27-Sep-24,At the hotel,0.Non-member,Modified,28-Sep-24,2,142.6,285.2,1,1. Before a week,Saturday,6
RES012402,19-Oct-24,At the hotel,0.Non-member,Modified,20-Oct-24,2,151.51,303.02,1,1. Before a week,Sunday,0
RES012447,28-Sep-24,At the hotel,0.Non-member,Modified,29-Sep-24,2,126.61,253.22,1,1. Before a week,Sunday,0
RES012527,17-Sep-24,At the hotel,0.Non-member,Modified,18-Sep-24,2,162.65,325.3,1,1. Before a week,Wednesday,3
RES012562,15-Oct-24,GDS,0.Non-member,Modified,16-Oct-24,2,117.74,235.48,1,1. Before a week,Wednesday,3
RES012684,27-Oct-24,At the hotel,0.Non-member,Modified,28-Oct-24,2,157,314,1,1. Before a week,Monday,1
RES012747,18-Oct-24,App,0.Non-member,Modified,19-Oct-24,2,126.5,253,1,1. Before a week,Saturday,6
RES012811,27-Sep-24,App,0.Non-member,Modified,28-Sep-24,2,162.31,324.62,1,1. Before a week,Saturday,6
RES012844,21-Sep-24,At the hotel,0.Non-member,Modified,22-Sep-24,2,222.59,445.18,1,1. Before a week,Sunday,0
RES012855,8-Oct-24,App,0.Non-member,Modified,9-Oct-24,2,165.4,330.8,1,1. Before a week,Wednesday,3
RES012954,18-Oct-24,At the hotel,0.Non-member,Modified,19-Oct-24,2,33.94,67.88,1,1. Before a week,Saturday,6
RES012958,9-Oct-24,App,0.Non-member,Modified,10-Oct-24,2,143.37,286.74,1,1. Before a week,Thursday,4
RES013225,24-Oct-24,At the hotel,0.Non-member,Modified,25-Oct-24,2,121.68,243.36,1,1. Before a week,Friday,5
RES013227,6-Oct-24,At the hotel,0.Non-member,Modified,7-Oct-24,2,128.91,257.82,1,1. Before a week,Monday,1
RES013396,19-Sep-24,GDS,0.Non-member,Modified,20-Sep-24,2,228.09,456.18,1,1. Before a week,Friday,5
RES013409,3-Oct-24,At the hotel,0.Non-member,Modified,4-Oct-24,2,193.94,387.88,1,1. Before a week,Friday,5
RES013419,10-Sep-24,At the hotel,0.Non-member,Modified,11-Sep-24,2,144.38,288.76,1,1. Before a week,Wednesday,3
RES013434,11-Sep-24,At the hotel,0.Non-member,Modified,12-Sep-24,2,150.6,301.2,1,1. Before a week,Thursday,4
RES013439,9-Oct-24,At the hotel,0.Non-member,Modified,10-Oct-24,2,184.58,369.16,1,1. Before a week,Thursday,4
RES013443,23-Oct-24,At the hotel,0.Non-member,Modified,24-Oct-24,2,280.9,561.8,1,1. Before a week,Thursday,4
RES013461,14-Sep-24,Phone,0.Non-member,Modified,15-Sep-24,2,241.16,482.32,1,1. Before a week,Sunday,0
RES013481,5-Sep-24,At the hotel,0.Non-member,Modified,6-Sep-24,2,179.39,358.78,1,1. Before a week,Friday,5
RES013586,6-Sep-24,At the hotel,0.Non-member,Modified,7-Sep-24,2,77.43,154.86,1,1. Before a week,Saturday,6
RES013642,17-Oct-24,At the hotel,0.Non-member,Modified,18-Oct-24,2,218.18,436.36,1,1. Before a week,Friday,5
RES013797,11-Oct-24,At the hotel,0.Non-member,Modified,12-Oct-24,2,0,0,1,1. Before a week,Saturday,6
RES013857,12-Oct-24,At the hotel,0.Non-member,Modified,13-Oct-24,2,178.3,356.6,1,1. Before a week,Sunday,0
RES013865,25-Sep-24,At the hotel,0.Non-member,Modified,26-Sep-24,2,69.7,139.4,1,1. Before a week,Thursday,4
RES013950,12-Oct-24,At the hotel,0.Non-member,Modified,13-Oct-24,2,161.43,322.86,1,1. Before a week,Sunday,0
RES013979,17-Sep-24,Connected Wholesaler,0.Non-member,Modified,18-Sep-24,2,104.82,209.64,1,1. Before a week,Wednesday,3
RES014142,22-Oct-24,App,0.Non-member,Modified,23-Oct-24,2,166.97,333.94,1,1. Before a week,Wednesday,3
RES014200,25-Sep-24,At the hotel,0.Non-member,Modified,26-Sep-24,2,120.32,240.64,1,1. Before a week,Thursday,4
RES014267,20-Oct-24,At the hotel,0.Non-member,Modified,21-Oct-24,2,77.37,154.74,1,1. Before a week,Monday,1
RES014405,6-Oct-24,At the hotel,0.Non-member,Modified,7-Oct-24,2,134.93,269.86,1,1. Before a week,Monday,1
RES014429,27-Sep-24,App,0.Non-member,Modified,28-Sep-24,2,112.2,224.4,1,1. Before a week,Saturday,6
RES014453,4-Oct-24,At the hotel,0.Non-member,Modified,5-Oct-24,2,128.91,257.82,1,1. Before a week,Saturday,6
RES014504,6-Sep-24,App,0.Non-member,Modified,7-Sep-24,2,130.62,261.24,1,1. Before a week,Saturday,6
RES014649,24-Sep-24,At the hotel,0.Non-member,Modified,25-Sep-24,2,145.78,291.56,1,1. Before a week,Wednesday,3
RES014703,17-Oct-24,At the hotel,0.Non-member,Modified,18-Oct-24,2,218.18,436.36,1,1. Before a week,Friday,5
RES009783,10-Mar-24,At the hotel,1.Iconic,Modified,7-Sep-24,3,128.48,385.44,181,4. More than 4 weeks,Saturday,6
RES009866,28-Sep-24,GDS,6.Select,Modified,17-Oct-24,3,176.32,528.96,19,3. Before 4 weeks,Thursday,4
RES009913,21-Sep-24,GDS,3.Premier,Modified,16-Oct-24,3,168.81,506.43,25,3. Before 4 weeks,Wednesday,3
RES009948,12-Aug-24,GDS,2.Elite,Modified,16-Oct-24,3,82.6,247.8,65,4. More than 4 weeks,Wednesday,3
RES009976,26-Sep-24,At the hotel,3.Premier,Modified,3-Nov-24,3,151.8,455.4,38,4. More than 4 weeks,Sunday,0
RES010007,14-Oct-24,Phone,2.Elite,Modified,22-Oct-24,3,156.33,468.99,8,2. Before 2 weeks,Tuesday,2
RES010117,22-Sep-24,At the hotel,2.Elite,Modified,25-Sep-24,3,145.48,436.44,3,1. Before a week,Wednesday,3
RES010169,18-Oct-24,At the hotel,5.Preferred,Modified,19-Oct-24,3,145.48,436.44,1,1. Before a week,Saturday,6
RES010186,15-Aug-24,Phone,3.Premier,Modified,29-Sep-24,3,278.6,835.8,45,4. More than 4 weeks,Sunday,0
RES010189,4-Sep-24,GDS,2.Elite,Modified,26-Sep-24,3,145.59,436.77,22,3. Before 4 weeks,Thursday,4
RES010229,12-Sep-24,GDS,5.Preferred,Modified,16-Sep-24,3,112.65,337.95,4,1. Before a week,Monday,1
RES010398,17-Sep-24,GDS,3.Premier,Modified,22-Sep-24,3,122.88,368.64,5,1. Before a week,Sunday,0
RES010506,14-Oct-24,GDS,2.Elite,Modified,14-Oct-24,3,186.74,560.22,0,1. Before a week,Monday,1
RES010585,1-Sep-24,GDS,2.Elite,Modified,15-Sep-24,3,129.52,388.56,14,2. Before 2 weeks,Sunday,0
RES010593,10-Oct-24,GDS,5.Preferred,Modified,17-Oct-24,3,162.65,487.95,7,1. Before a week,Thursday,4
RES010656,18-Sep-24,GDS,6.Select,Modified,30-Oct-24,3,163.63,490.89,42,4. More than 4 weeks,Wednesday,3
RES010764,23-Oct-24,GDS,6.Select,Modified,28-Oct-24,3,140.95,422.85,5,1. Before a week,Monday,1
RES010765,25-Sep-24,At the hotel,6.Select,Modified,25-Sep-24,3,204.99,614.97,0,1. Before a week,Wednesday,3
RES010820,30-Sep-24,GDS,5.Preferred,Modified,3-Oct-24,3,123.71,371.13,3,1. Before a week,Thursday,4
RES011034,10-Sep-24,At the hotel,6.Select,Modified,13-Sep-24,3,124.28,372.84,3,1. Before a week,Friday,5
RES011050,19-Sep-24,At the hotel,5.Preferred,Modified,28-Sep-24,3,0,0,9,2. Before 2 weeks,Saturday,6
RES011140,11-Aug-24,Phone,2.Elite,Modified,16-Sep-24,3,144.58,433.74,36,4. More than 4 weeks,Monday,1
RES011147,10-Oct-24,GDS,2.Elite,Modified,11-Oct-24,3,117.77,353.31,1,1. Before a week,Friday,5
RES011496,1-Oct-24,GDS,5.Preferred,Modified,2-Oct-24,3,230.3,690.9,1,1. Before a week,Wednesday,3
RES011587,21-Aug-24,GDS,6.Select,Modified,3-Sep-24,3,148.49,445.47,13,2. Before 2 weeks,Tuesday,2
RES011738,17-Oct-24,Phone,5.Preferred,Modified,24-Oct-24,3,177.89,533.67,7,1. Before a week,Thursday,4
RES011838,7-Oct-24,GDS,3.Premier,Modified,7-Oct-24,3,109.09,327.27,0,1. Before a week,Monday,1
RES011847,8-Apr-24,App,6.Select,Modified,1-Oct-24,3,124.21,372.63,176,4. More than 4 weeks,Tuesday,2
RES011859,11-Oct-24,At the hotel,6.Select,Modified,26-Oct-24,3,151.8,455.4,15,3. Before 4 weeks,Saturday,6
RES011881,31-Aug-24,Phone,3.Premier,Modified,20-Sep-24,3,162.65,487.95,20,3. Before 4 weeks,Friday,5
RES011894,21-Sep-24,Phone,6.Select,Modified,23-Sep-24,3,173.45,520.35,2,1. Before a week,Monday,1
RES011939,28-Sep-24,GDS,3.Premier,Modified,1-Oct-24,3,153.94,461.82,3,1. Before a week,Tuesday,2
RES012122,31-Oct-24,At the hotel,6.Select,Modified,31-Oct-24,3,135.76,407.28,0,1. Before a week,Thursday,4
RES012131,24-Aug-24,GDS,3.Premier,Modified,11-Sep-24,3,130.5,391.5,18,3. Before 4 weeks,Wednesday,3
RES012145,29-Jun-24,Phone,3.Premier,Modified,20-Sep-24,3,246.41,739.23,83,4. More than 4 weeks,Friday,5
RES012175,9-Sep-24,App,6.Select,Modified,25-Sep-24,3,139.77,419.31,16,3. Before 4 weeks,Wednesday,3
RES012212,25-Sep-24,GDS,6.Select,Modified,26-Sep-24,3,111.27,333.81,1,1. Before a week,Thursday,4
RES012232,13-Oct-24,GDS,2.Elite,Modified,14-Oct-24,3,172.72,518.16,1,1. Before a week,Monday,1
RES012342,7-Oct-24,GDS,1.Iconic,Modified,15-Oct-24,3,229.93,689.79,8,2. Before 2 weeks,Tuesday,2
RES012413,23-Aug-24,GDS,6.Select,Modified,11-Sep-24,3,230.83,692.49,19,3. Before 4 weeks,Wednesday,3
RES012417,30-Aug-24,Phone,6.Select,Modified,6-Sep-24,3,198.38,595.14,7,1. Before a week,Friday,5
RES012433,27-Oct-24,GDS,3.Premier,Modified,28-Oct-24,3,145.48,436.44,1,1. Before a week,Monday,1
RES012445,7-Sep-24,GDS,6.Select,Modified,10-Sep-24,3,175.75,527.25,3,1. Before a week,Tuesday,2
RES012472,2-Oct-24,GDS,5.Preferred,Modified,15-Oct-24,3,208.87,626.61,13,2. Before 2 weeks,Tuesday,2
RES012635,22-Oct-24,GDS,3.Premier,Modified,24-Oct-24,3,82.6,247.8,2,1. Before a week,Thursday,4
RES012705,12-Oct-24,Phone,2.Elite,Modified,22-Oct-24,3,133.84,401.52,10,2. Before 2 weeks,Tuesday,2
RES012733,22-Oct-24,At the hotel,6.Select,Modified,30-Oct-24,3,105.42,316.26,8,2. Before 2 weeks,Wednesday,3
RES012793,17-Sep-24,At the hotel,5.Preferred,Modified,21-Sep-24,3,102.41,307.23,4,1. Before a week,Saturday,6
RES012833,2-Sep-24,GDS,5.Preferred,Modified,8-Sep-24,3,116.79,350.37,6,1. Before a week,Sunday,0
RES012864,4-Jun-24,At the hotel,1.Iconic,Modified,3-Oct-24,3,139.76,419.28,121,4. More than 4 weeks,Thursday,4
RES012927,26-Sep-24,Phone,3.Premier,Modified,28-Sep-24,3,125.89,377.67,2,1. Before a week,Saturday,6
RES012942,4-Sep-24,GDS,2.Elite,Modified,18-Sep-24,3,312.83,938.49,14,2. Before 2 weeks,Wednesday,3
RES012964,14-Sep-24,GDS,2.Elite,Modified,1-Oct-24,3,169.69,509.07,17,3. Before 4 weeks,Tuesday,2
RES013070,24-Oct-24,GDS,5.Preferred,Modified,29-Oct-24,3,195.57,586.71,5,1. Before a week,Tuesday,2
RES013145,15-Oct-24,GDS,2.Elite,Modified,21-Oct-24,3,108.18,324.54,6,1. Before a week,Monday,1
RES013176,14-Sep-24,Phone,6.Select,Modified,16-Sep-24,3,232.12,696.36,2,1. Before a week,Monday,1
RES013201,30-Sep-24,GDS,3.Premier,Modified,21-Oct-24,3,183.75,551.25,21,3. Before 4 weeks,Monday,1
RES013250,23-Sep-24,GDS,1.Iconic,Modified,22-Oct-24,3,174.75,524.25,29,4. More than 4 weeks,Tuesday,2
RES013300,22-Oct-24,GDS,1.Iconic,Modified,27-Oct-24,3,120.48,361.44,5,1. Before a week,Sunday,0
RES013398,17-Sep-24,GDS,5.Preferred,Modified,20-Sep-24,3,108.18,324.54,3,1. Before a week,Friday,5
RES013455,6-Sep-24,GDS,2.Elite,Modified,18-Sep-24,3,138.55,415.65,12,2. Before 2 weeks,Wednesday,3
RES013457,9-Sep-24,At the hotel,5.Preferred,Modified,9-Sep-24,3,33.69,101.07,0,1. Before a week,Monday,1
RES013470,10-Sep-24,GDS,3.Premier,Modified,10-Sep-24,3,112.65,337.95,0,1. Before a week,Tuesday,2
RES013472,10-Jun-24,At the hotel,1.Iconic,Modified,26-Oct-24,3,112.05,336.15,138,4. More than 4 weeks,Saturday,6
RES013485,3-Jun-24,Phone,5.Preferred,Modified,6-Oct-24,3,160.16,480.48,125,4. More than 4 weeks,Sunday,0
RES013550,10-Sep-24,GDS,5.Preferred,Modified,15-Sep-24,3,112.14,336.42,5,1. Before a week,Sunday,0
RES013572,14-Oct-24,GDS,5.Preferred,Modified,17-Oct-24,3,192.93,578.79,3,1. Before a week,Thursday,4
RES013693,18-Sep-24,Phone,3.Premier,Modified,26-Sep-24,3,183.11,549.33,8,2. Before 2 weeks,Thursday,4
RES013778,29-Oct-24,At the hotel,1.Iconic,Modified,30-Oct-24,3,130.66,391.98,1,1. Before a week,Wednesday,3
RES013781,7-Sep-24,GDS,6.Select,Modified,25-Sep-24,3,168.66,505.98,18,3. Before 4 weeks,Wednesday,3
RES013884,6-Jul-24,GDS,1.Iconic,Modified,8-Sep-24,3,140.95,422.85,64,4. More than 4 weeks,Sunday,0
RES013903,6-Aug-24,GDS,6.Select,Modified,3-Oct-24,3,180.48,541.44,58,4. More than 4 weeks,Thursday,4
RES013977,22-Sep-24,GDS,6.Select,Modified,23-Oct-24,3,186.73,560.19,31,4. More than 4 weeks,Wednesday,3
RES013978,9-Oct-24,At the hotel,5.Preferred,Modified,18-Oct-24,3,118.17,354.51,9,2. Before 2 weeks,Friday,5
RES014005,12-Oct-24,GDS,2.Elite,Modified,13-Oct-24,3,82.6,247.8,1,1. Before a week,Sunday,0
RES014070,25-Sep-24,GDS,5.Preferred,Modified,15-Oct-24,3,180.48,541.44,20,3. Before 4 weeks,Tuesday,2
RES014072,6-Sep-24,GDS,5.Preferred,Modified,25-Sep-24,3,194.87,584.61,19,3. Before 4 weeks,Wednesday,3
RES014138,5-Sep-24,Phone,6.Select,Modified,12-Sep-24,3,163.39,490.17,7,1. Before a week,Thursday,4
RES014258,18-Sep-24,GDS,5.Preferred,Modified,25-Sep-24,3,121.21,363.63,7,1. Before a week,Wednesday,3
RES014452,25-Oct-24,GDS,5.Preferred,Modified,30-Oct-24,3,146.9,440.7,5,1. Before a week,Wednesday,3
RES014489,24-Sep-24,GDS,6.Select,Modified,26-Sep-24,3,129.52,388.56,2,1. Before a week,Thursday,4
RES014524,27-Sep-24,GDS,6.Select,Modified,2-Oct-24,3,144.24,432.72,5,1. Before a week,Wednesday,3
RES014627,22-Oct-24,GDS,2.Elite,Modified,27-Oct-24,3,112.74,338.22,5,1. Before a week,Sunday,0
RES014674,7-Sep-24,GDS,5.Preferred,Modified,10-Sep-24,3,126.5,379.5,3,1. Before a week,Tuesday,2
RES014704,7-Sep-24,At the hotel,6.Select,Modified,9-Sep-24,3,160,480,2,1. Before a week,Monday,1
RES009759,9-Jul-24,Velora.com,5.Preferred,Modified,6-Sep-24,3,33.71,101.13,59,4. More than 4 weeks,Friday,5
RES009786,10-Jun-24,Velora.com,1.Iconic,Modified,23-Sep-24,3,39.16,117.48,105,4. More than 4 weeks,Monday,1
RES009805,20-Sep-24,Velora.com,6.Select,Modified,29-Sep-24,3,103.56,310.68,9,2. Before 2 weeks,Sunday,0
RES009822,15-Oct-24,Velora.com,5.Preferred,Modified,31-Oct-24,3,116.7,350.1,16,3. Before 4 weeks,Thursday,4
RES009872,21-Sep-24,Velora.com,6.Select,Modified,26-Sep-24,3,211.36,634.08,5,1. Before a week,Thursday,4
RES009965,14-Sep-24,Velora.com,2.Elite,Modified,15-Sep-24,3,112.17,336.51,1,1. Before a week,Sunday,0
RES010064,23-Sep-24,Velora.com,6.Select,Modified,23-Sep-24,3,141.68,425.04,0,1. Before a week,Monday,1
RES010066,8-Sep-24,Velora.com,1.Iconic,Modified,16-Sep-24,3,112.05,336.15,8,2. Before 2 weeks,Monday,1
RES010106,8-Sep-24,Velora.com,2.Elite,Modified,15-Sep-24,3,119.69,359.07,7,1. Before a week,Sunday,0
RES010149,20-Sep-24,Velora.com,5.Preferred,Modified,5-Oct-24,3,162.48,487.44,15,3. Before 4 weeks,Saturday,6
RES010151,23-Aug-24,Velora.com,5.Preferred,Modified,3-Sep-24,3,35.49,106.47,11,2. Before 2 weeks,Tuesday,2
RES010265,5-Sep-24,Velora.com,2.Elite,Modified,12-Sep-24,3,118.07,354.21,7,1. Before a week,Thursday,4
RES010287,15-Oct-24,Velora.com,3.Premier,Modified,15-Oct-24,3,181.29,543.87,0,1. Before a week,Tuesday,2
RES010301,30-Aug-24,Velora.com,6.Select,Modified,16-Sep-24,3,81.26,243.78,17,3. Before 4 weeks,Monday,1
RES010310,19-Oct-24,Velora.com,2.Elite,Modified,20-Oct-24,3,123.96,371.88,1,1. Before a week,Sunday,0
RES010433,3-Aug-24,Velora.com,5.Preferred,Modified,19-Sep-24,3,289.27,867.81,47,4. More than 4 weeks,Thursday,4
RES010618,20-Sep-24,Velora.com,5.Preferred,Modified,26-Sep-24,3,129.64,388.92,6,1. Before a week,Thursday,4
RES010754,22-Oct-24,Velora.com,2.Elite,Modified,25-Oct-24,3,33.78,101.34,3,1. Before a week,Friday,5
RES010781,1-Oct-24,Velora.com,3.Premier,Modified,15-Oct-24,3,184.32,552.96,14,2. Before 2 weeks,Tuesday,2
RES011085,28-Apr-24,Velora.com,5.Preferred,Modified,1-Oct-24,3,124.27,372.81,156,4. More than 4 weeks,Tuesday,2
RES011122,20-Sep-24,Velora.com,3.Premier,Modified,2-Oct-24,3,112.83,338.49,12,2. Before 2 weeks,Wednesday,3
RES011132,26-Aug-24,Velora.com,5.Preferred,Modified,15-Sep-24,3,185.96,557.88,20,3. Before 4 weeks,Sunday,0
RES011182,21-Sep-24,Velora.com,5.Preferred,Modified,21-Sep-24,3,125.9,377.7,0,1. Before a week,Saturday,6
RES011317,5-Oct-24,Velora.com,6.Select,Modified,11-Oct-24,3,105.42,316.26,6,1. Before a week,Friday,5
RES011332,19-Jul-24,Velora.com,5.Preferred,Modified,7-Sep-24,3,103.13,309.39,50,4. More than 4 weeks,Saturday,6
RES011411,20-Sep-24,Velora.com,6.Select,Modified,25-Sep-24,3,211.36,634.08,5,1. Before a week,Wednesday,3
RES011416,11-Sep-24,Velora.com,1.Iconic,Modified,15-Sep-24,3,147.28,441.84,4,1. Before a week,Sunday,0
RES011553,8-Oct-24,Velora.com,2.Elite,Modified,11-Oct-24,3,125.89,377.67,3,1. Before a week,Friday,5
RES011559,26-Sep-24,Velora.com,3.Premier,Modified,26-Sep-24,3,33.99,101.97,0,1. Before a week,Thursday,4
RES011719,16-Sep-24,Velora.com,5.Preferred,Modified,16-Sep-24,3,130.11,390.33,0,1. Before a week,Monday,1
RES011877,5-Sep-24,Velora.com,6.Select,Modified,18-Oct-24,3,180.71,542.13,43,4. More than 4 weeks,Friday,5
RES012026,19-Oct-24,Velora.com,6.Select,Modified,20-Oct-24,3,108.53,325.59,1,1. Before a week,Sunday,0
RES012245,16-Jul-24,Velora.com,6.Select,Modified,14-Sep-24,3,148.78,446.34,60,4. More than 4 weeks,Saturday,6
RES012475,12-Sep-24,Velora.com,5.Preferred,Modified,19-Sep-24,3,193.41,580.23,7,1. Before a week,Thursday,4
RES012491,17-Aug-24,Velora.com,2.Elite,Modified,25-Sep-24,3,271.54,814.62,39,4. More than 4 weeks,Wednesday,3
RES012551,27-Jun-24,Velora.com,5.Preferred,Modified,6-Sep-24,3,59.34,178.02,71,4. More than 4 weeks,Friday,5
RES012559,7-Sep-24,Velora.com,3.Premier,Modified,11-Sep-24,3,107.53,322.59,4,1. Before a week,Wednesday,3
RES012661,17-Aug-24,Velora.com,3.Premier,Modified,29-Sep-24,3,118.8,356.4,43,4. More than 4 weeks,Sunday,0
RES012755,7-Sep-24,Velora.com,6.Select,Modified,11-Sep-24,3,247.43,742.29,4,1. Before a week,Wednesday,3
RES012763,13-Aug-24,Velora.com,2.Elite,Modified,26-Sep-24,3,212.7,638.1,44,4. More than 4 weeks,Thursday,4
RES012785,31-Oct-24,Velora.com,5.Preferred,Modified,31-Oct-24,3,148.79,446.37,0,1. Before a week,Thursday,4
RES012805,31-Aug-24,Velora.com,2.Elite,Modified,31-Oct-24,3,212.51,637.53,61,4. More than 4 weeks,Thursday,4
RES012872,7-Sep-24,Velora.com,2.Elite,Modified,8-Sep-24,3,114.43,343.29,1,1. Before a week,Sunday,0
RES013012,26-Sep-24,Velora.com,5.Preferred,Modified,29-Sep-24,3,120.34,361.02,3,1. Before a week,Sunday,0
RES013028,1-Oct-24,Velora.com,2.Elite,Modified,22-Oct-24,3,177.86,533.58,21,3. Before 4 weeks,Tuesday,2
RES013089,15-Sep-24,Velora.com,5.Preferred,Modified,15-Sep-24,3,144.28,432.84,0,1. Before a week,Sunday,0
RES013242,12-Sep-24,Velora.com,2.Elite,Modified,23-Sep-24,3,36.07,108.21,11,2. Before 2 weeks,Monday,1
RES013243,19-Oct-24,Velora.com,2.Elite,Modified,19-Oct-24,3,120.48,361.44,0,1. Before a week,Saturday,6
RES013332,22-Oct-24,Velora.com,3.Premier,Modified,23-Oct-24,3,143.62,430.86,1,1. Before a week,Wednesday,3
RES013369,18-Sep-24,Velora.com,2.Elite,Modified,1-Oct-24,3,135.26,405.78,13,2. Before 2 weeks,Tuesday,2
RES013602,11-Sep-24,Velora.com,1.Iconic,Modified,25-Sep-24,3,158.79,476.37,14,2. Before 2 weeks,Wednesday,3
RES013620,6-Sep-24,Velora.com,3.Premier,Modified,10-Sep-24,3,129.62,388.86,4,1. Before a week,Tuesday,2
RES013645,14-Sep-24,Velora.com,5.Preferred,Modified,15-Sep-24,3,127.03,381.09,1,1. Before a week,Sunday,0
RES013752,1-Oct-24,Velora.com,3.Premier,Modified,7-Oct-24,3,177.09,531.27,6,1. Before a week,Monday,1
RES013848,15-Aug-24,Velora.com,6.Select,Modified,5-Sep-24,3,294.78,884.34,21,3. Before 4 weeks,Thursday,4
RES013858,22-Jul-24,Velora.com,5.Preferred,Modified,24-Oct-24,3,33.78,101.34,94,4. More than 4 weeks,Thursday,4
RES013890,16-Jun-24,Velora.com,5.Preferred,Modified,28-Sep-24,3,33.99,101.97,104,4. More than 4 weeks,Saturday,6
RES013986,26-Sep-24,Velora.com,5.Preferred,Modified,2-Oct-24,3,135.78,407.34,6,1. Before a week,Wednesday,3
RES014006,14-Sep-24,Velora.com,6.Select,Modified,24-Sep-24,3,147.59,442.77,10,2. Before 2 weeks,Tuesday,2
RES014095,8-Oct-24,Velora.com,6.Select,Modified,8-Oct-24,3,129.88,389.64,0,1. Before a week,Tuesday,2
RES014206,26-Sep-24,Velora.com,5.Preferred,Modified,29-Sep-24,3,156.92,470.76,3,1. Before a week,Sunday,0
RES014278,4-Oct-24,Velora.com,6.Select,Modified,10-Oct-24,3,154.21,462.63,6,1. Before a week,Thursday,4
RES014339,20-Aug-24,Velora.com,3.Premier,Modified,20-Sep-24,3,137.46,412.38,31,4. More than 4 weeks,Friday,5
RES014362,6-Oct-24,Velora.com,2.Elite,Modified,29-Oct-24,3,156.75,470.25,23,3. Before 4 weeks,Tuesday,2
RES014545,20-Oct-24,Velora.com,5.Preferred,Modified,21-Oct-24,3,35.81,107.43,1,1. Before a week,Monday,1
RES009775,12-Oct-24,Velora.com,4.Essential,Modified,16-Oct-24,3,218.67,656.01,4,1. Before a week,Wednesday,3
RES009854,3-Sep-24,At the hotel,4.Essential,Modified,16-Sep-24,3,81.92,245.76,13,2. Before 2 weeks,Monday,1
RES010027,19-Oct-24,GDS,4.Essential,Modified,23-Oct-24,3,162.67,488.01,4,1. Before a week,Wednesday,3
RES010049,29-Aug-24,At the hotel,4.Essential,Modified,3-Oct-24,3,218.07,654.21,35,4. More than 4 weeks,Thursday,4
RES010077,29-Oct-24,App,4.Essential,Modified,1-Nov-24,3,152.66,457.98,3,1. Before a week,Friday,5
RES010095,16-Oct-24,At the hotel,4.Essential,Modified,16-Oct-24,3,0,0,0,1. Before a week,Wednesday,3
RES010194,28-Aug-24,Phone,4.Essential,Modified,23-Sep-24,3,162.65,487.95,26,3. Before 4 weeks,Monday,1
RES010208,3-Sep-24,GDS,4.Essential,Modified,5-Sep-24,3,181.82,545.46,2,1. Before a week,Thursday,4
RES010345,13-Sep-24,GDS,4.Essential,Modified,19-Sep-24,3,140.77,422.31,6,1. Before a week,Thursday,4
RES010361,7-Sep-24,GDS,4.Essential,Modified,10-Sep-24,3,198.38,595.14,3,1. Before a week,Tuesday,2
RES010443,8-Oct-24,Velora.com,4.Essential,Modified,23-Oct-24,3,120.43,361.29,15,3. Before 4 weeks,Wednesday,3
RES010444,22-Apr-24,At the hotel,4.Essential,Modified,20-Oct-24,3,112.04,336.12,181,4. More than 4 weeks,Sunday,0
RES010495,11-Sep-24,Velora.com,4.Essential,Modified,12-Sep-24,3,168.39,505.17,1,1. Before a week,Thursday,4
RES010530,15-Sep-24,At the hotel,4.Essential,Modified,27-Oct-24,3,180.87,542.61,42,4. More than 4 weeks,Sunday,0
RES010555,22-Oct-24,GDS,4.Essential,Modified,25-Oct-24,3,117.03,351.09,3,1. Before a week,Friday,5
RES010556,12-Sep-24,Phone,4.Essential,Modified,16-Sep-24,3,163.99,491.97,4,1. Before a week,Monday,1
RES010682,16-Sep-24,GDS,4.Essential,Modified,15-Oct-24,3,145.45,436.35,29,4. More than 4 weeks,Tuesday,2
RES010726,7-Sep-24,App,4.Essential,Modified,8-Sep-24,3,87.02,261.06,1,1. Before a week,Sunday,0
RES010742,8-Sep-24,Velora.com,4.Essential,Modified,10-Sep-24,3,128.91,386.73,2,1. Before a week,Tuesday,2
RES010787,10-Sep-24,Velora.com,4.Essential,Modified,10-Sep-24,3,126.24,378.72,0,1. Before a week,Tuesday,2
RES010806,5-Oct-24,GDS,4.Essential,Modified,7-Oct-24,3,116.58,349.74,2,1. Before a week,Monday,1
RES010840,17-Aug-24,At the hotel,4.Essential,Modified,13-Sep-24,3,0,0,27,3. Before 4 weeks,Friday,5
RES011059,14-Jul-24,Velora.com,4.Essential,Modified,2-Nov-24,3,35.78,107.34,111,4. More than 4 weeks,Saturday,6
RES011086,23-Aug-24,Velora.com,4.Essential,Modified,4-Sep-24,3,106.86,320.58,12,2. Before 2 weeks,Wednesday,3
RES011135,22-Oct-24,GDS,4.Essential,Modified,29-Oct-24,3,135.42,406.26,7,1. Before a week,Tuesday,2
RES011224,20-Sep-24,Velora.com,4.Essential,Modified,28-Sep-24,3,172.65,517.95,8,2. Before 2 weeks,Saturday,6
RES011283,19-Sep-24,GDS,4.Essential,Modified,26-Sep-24,3,157.57,472.71,7,1. Before a week,Thursday,4
RES011291,6-Sep-24,GDS,4.Essential,Modified,18-Sep-24,3,246.59,739.77,12,2. Before 2 weeks,Wednesday,3
RES011353,15-Oct-24,GDS,4.Essential,Modified,16-Oct-24,3,163.63,490.89,1,1. Before a week,Wednesday,3
RES011393,2-Oct-24,GDS,4.Essential,Modified,6-Oct-24,3,99.39,298.17,4,1. Before a week,Sunday,0
RES011465,19-Oct-24,At the hotel,4.Essential,Modified,24-Oct-24,3,113.57,340.71,5,1. Before a week,Thursday,4
RES011472,2-Oct-24,Phone,4.Essential,Modified,9-Oct-24,3,206.02,618.06,7,1. Before a week,Wednesday,3
RES011494,9-Oct-24,Phone,4.Essential,Modified,22-Oct-24,3,133.33,399.99,13,2. Before 2 weeks,Tuesday,2
RES011499,24-Sep-24,Phone,4.Essential,Modified,30-Sep-24,3,143.95,431.85,6,1. Before a week,Monday,1
RES011500,24-Sep-24,Velora.com,4.Essential,Modified,24-Sep-24,3,132.14,396.42,0,1. Before a week,Tuesday,2
RES011529,7-Aug-24,At the hotel,4.Essential,Modified,11-Sep-24,3,228.91,686.73,35,4. More than 4 weeks,Wednesday,3
RES011619,12-Aug-24,GDS,4.Essential,Modified,5-Sep-24,3,153.94,461.82,24,3. Before 4 weeks,Thursday,4
RES011659,9-Oct-24,Connected Wholesaler,4.Essential,Modified,10-Oct-24,3,124.54,373.62,1,1. Before a week,Thursday,4
RES011664,27-Oct-24,GDS,4.Essential,Modified,31-Oct-24,3,140.17,420.51,4,1. Before a week,Thursday,4
RES011778,25-Sep-24,Velora.com,4.Essential,Modified,29-Oct-24,3,143.03,429.09,34,4. More than 4 weeks,Tuesday,2
RES011797,12-Oct-24,At the hotel,4.Essential,Modified,13-Oct-24,3,174.68,524.04,1,1. Before a week,Sunday,0
RES011809,15-Sep-24,At the hotel,4.Essential,Modified,2-Oct-24,3,177.47,532.41,17,3. Before 4 weeks,Wednesday,3
RES011849,7-Oct-24,GDS,4.Essential,Modified,23-Oct-24,3,168.32,504.96,16,3. Before 4 weeks,Wednesday,3
RES011889,28-Oct-24,App,4.Essential,Modified,28-Oct-24,3,200,600,0,1. Before a week,Monday,1
RES011892,14-Sep-24,GDS,4.Essential,Modified,1-Oct-24,3,133.33,399.99,17,3. Before 4 weeks,Tuesday,2
RES012105,11-Sep-24,GDS,4.Essential,Modified,2-Oct-24,3,96.46,289.38,21,3. Before 4 weeks,Wednesday,3
RES012138,22-Sep-24,Phone,4.Essential,Modified,22-Sep-24,3,122.89,368.67,0,1. Before a week,Sunday,0
RES012234,7-Sep-24,At the hotel,4.Essential,Modified,8-Sep-24,3,163.37,490.11,1,1. Before a week,Sunday,0
RES012262,4-Oct-24,Other,4.Essential,Modified,17-Oct-24,3,136.14,408.42,13,2. Before 2 weeks,Thursday,4
RES012340,13-Sep-24,Connected Wholesaler,4.Essential,Modified,15-Sep-24,3,91.26,273.78,2,1. Before a week,Sunday,0
RES012365,19-Sep-24,Connected Wholesaler,4.Essential,Modified,20-Sep-24,3,96.66,289.98,1,1. Before a week,Friday,5
RES012391,7-Sep-24,Velora.com,4.Essential,Modified,9-Sep-24,3,50.6,151.8,2,1. Before a week,Monday,1
RES012563,4-Sep-24,At the hotel,4.Essential,Modified,7-Sep-24,3,137.19,411.57,3,1. Before a week,Saturday,6
RES012658,9-Sep-24,At the hotel,4.Essential,Modified,28-Sep-24,3,0,0,19,3. Before 4 weeks,Saturday,6
RES012663,2-Oct-24,Velora.com,4.Essential,Modified,14-Oct-24,3,262.73,788.19,12,2. Before 2 weeks,Monday,1
RES012732,6-Sep-24,App,4.Essential,Modified,9-Sep-24,3,132.89,398.67,3,1. Before a week,Monday,1
RES012953,4-Oct-24,Velora.com,4.Essential,Modified,5-Oct-24,3,372.81,1118.43,1,1. Before a week,Saturday,6
RES013000,19-Oct-24,Velora.com,4.Essential,Modified,31-Oct-24,3,106.57,319.71,12,2. Before 2 weeks,Thursday,4
RES013116,14-Oct-24,At the hotel,4.Essential,Modified,21-Oct-24,3,132.53,397.59,7,1. Before a week,Monday,1
RES013184,1-Oct-24,GDS,4.Essential,Modified,14-Oct-24,3,175.14,525.42,13,2. Before 2 weeks,Monday,1
RES013207,7-Oct-24,App,4.Essential,Modified,13-Oct-24,3,142.15,426.45,6,1. Before a week,Sunday,0
RES013263,4-Oct-24,Velora.com,4.Essential,Modified,4-Oct-24,3,172.72,518.16,0,1. Before a week,Friday,5
RES013318,12-Oct-24,At the hotel,4.Essential,Modified,13-Oct-24,3,163.37,490.11,1,1. Before a week,Sunday,0
RES013374,15-Sep-24,Velora.com,4.Essential,Modified,17-Sep-24,3,243.51,730.53,2,1. Before a week,Tuesday,2
RES013452,5-Oct-24,Velora.com,4.Essential,Modified,9-Oct-24,3,141.26,423.78,4,1. Before a week,Wednesday,3
RES013528,12-Oct-24,App,4.Essential,Modified,22-Oct-24,3,109.03,327.09,10,2. Before 2 weeks,Tuesday,2
RES013639,2-Oct-24,GDS,4.Essential,Modified,26-Oct-24,3,114.55,343.65,24,3. Before 4 weeks,Saturday,6
RES013659,15-Sep-24,At the hotel,4.Essential,Modified,15-Sep-24,3,232.72,698.16,0,1. Before a week,Sunday,0
RES013821,26-Sep-24,Velora.com,4.Essential,Modified,1-Nov-24,3,171.2,513.6,36,4. More than 4 weeks,Friday,5
RES013831,9-Sep-24,Velora.com,4.Essential,Modified,13-Sep-24,3,123.73,371.19,4,1. Before a week,Friday,5
RES013867,23-Oct-24,At the hotel,4.Essential,Modified,24-Oct-24,3,209.77,629.31,1,1. Before a week,Thursday,4
RES013876,9-Sep-24,Velora.com,4.Essential,Modified,11-Sep-24,3,118.69,356.07,2,1. Before a week,Wednesday,3
RES013877,29-Sep-24,App,4.Essential,Modified,3-Oct-24,3,109.5,328.5,4,1. Before a week,Thursday,4
RES013911,30-Oct-24,Phone,4.Essential,Modified,1-Nov-24,3,108.73,326.19,2,1. Before a week,Friday,5
RES014000,15-Aug-24,Velora.com,4.Essential,Modified,30-Sep-24,3,200.5,601.5,46,4. More than 4 weeks,Monday,1
RES014117,21-Sep-24,At the hotel,4.Essential,Modified,23-Sep-24,3,219.83,659.49,2,1. Before a week,Monday,1
RES014133,14-Oct-24,At the hotel,4.Essential,Modified,29-Oct-24,3,118.17,354.51,15,3. Before 4 weeks,Tuesday,2
RES014230,10-Sep-24,Phone,4.Essential,Modified,9-Oct-24,3,205.75,617.25,29,4. More than 4 weeks,Wednesday,3
RES014334,2-Oct-24,GDS,4.Essential,Modified,8-Oct-24,3,126.75,380.25,6,1. Before a week,Tuesday,2
RES014376,25-Sep-24,At the hotel,4.Essential,Modified,27-Sep-24,3,134.56,403.68,2,1. Before a week,Friday,5
RES014404,2-Oct-24,GDS,4.Essential,Modified,3-Oct-24,3,120.48,361.44,1,1. Before a week,Thursday,4
RES014449,16-Aug-24,GDS,4.Essential,Modified,8-Sep-24,3,144.7,434.1,23,3. Before 4 weeks,Sunday,0
RES014485,2-Oct-24,Phone,4.Essential,Modified,28-Oct-24,3,152.72,458.16,26,3. Before 4 weeks,Monday,1
RES014556,10-Oct-24,At the hotel,4.Essential,Modified,11-Oct-24,3,173.26,519.78,1,1. Before a week,Friday,5
RES014568,6-Oct-24,Phone,4.Essential,Modified,6-Oct-24,3,144.07,432.21,0,1. Before a week,Sunday,0
RES014605,26-Sep-24,App,4.Essential,Modified,29-Sep-24,3,113.25,339.75,3,1. Before a week,Sunday,0
RES014633,3-Oct-24,App,4.Essential,Modified,7-Oct-24,3,138.54,415.62,4,1. Before a week,Monday,1
RES014635,26-Sep-24,Phone,4.Essential,Modified,14-Oct-24,3,164.64,493.92,18,3. Before 4 weeks,Monday,1
RES014646,11-Sep-24,Velora.com,4.Essential,Modified,19-Oct-24,3,140.66,421.98,38,4. More than 4 weeks,Saturday,6
RES014672,10-Sep-24,At the hotel,4.Essential,Modified,16-Sep-24,3,0,0,6,1. Before a week,Monday,1
RES014708,20-Sep-24,GDS,4.Essential,Modified,3-Oct-24,3,160,480,13,2. Before 2 weeks,Thursday,4
RES009737,12-Aug-24,Velora.com,0.Non-member,Modified,23-Sep-24,3,145.33,435.99,42,4. More than 4 weeks,Monday,1
RES009768,27-Sep-24,At the hotel,0.Non-member,Modified,29-Sep-24,3,216.58,649.74,2,1. Before a week,Sunday,0
RES009802,9-Oct-24,App,0.Non-member,Modified,14-Oct-24,3,115.15,345.45,5,1. Before a week,Monday,1
RES009960,25-Sep-24,At the hotel,0.Non-member,Modified,29-Sep-24,3,34.2,102.6,4,1. Before a week,Sunday,0
RES009971,7-Sep-24,At the hotel,0.Non-member,Modified,9-Sep-24,3,33.76,101.28,2,1. Before a week,Monday,1
RES010054,4-Sep-24,At the hotel,0.Non-member,Modified,6-Sep-24,3,149.4,448.2,2,1. Before a week,Friday,5
RES010057,9-Sep-24,App,0.Non-member,Modified,11-Sep-24,3,212.12,636.36,2,1. Before a week,Wednesday,3
RES010067,24-Sep-24,Phone,0.Non-member,Modified,26-Sep-24,3,132.53,397.59,2,1. Before a week,Thursday,4
RES010108,27-Sep-24,App,0.Non-member,Modified,27-Sep-24,3,138.55,415.65,0,1. Before a week,Friday,5
RES010140,7-Sep-24,At the hotel,0.Non-member,Modified,11-Sep-24,3,70.48,211.44,4,1. Before a week,Wednesday,3
RES010152,4-Oct-24,Phone,0.Non-member,Modified,11-Oct-24,3,146.92,440.76,7,1. Before a week,Friday,5
RES010167,4-Sep-24,At the hotel,0.Non-member,Modified,7-Sep-24,3,149.4,448.2,3,1. Before a week,Saturday,6
RES010216,14-Oct-24,Velora.com,0.Non-member,Modified,15-Oct-24,3,236.19,708.57,1,1. Before a week,Tuesday,2
RES010311,11-Oct-24,Phone,0.Non-member,Modified,15-Oct-24,3,138.55,415.65,4,1. Before a week,Tuesday,2
RES010362,15-Oct-24,App,0.Non-member,Modified,16-Oct-24,3,187.88,563.64,1,1. Before a week,Wednesday,3
RES010381,3-Oct-24,At the hotel,0.Non-member,Modified,6-Oct-24,3,147.11,441.33,3,1. Before a week,Sunday,0
RES010407,19-Sep-24,Velora.com,0.Non-member,Modified,26-Sep-24,3,170.98,512.94,7,1. Before a week,Thursday,4
RES010410,1-Oct-24,GDS,0.Non-member,Modified,7-Oct-24,3,122.89,368.67,6,1. Before a week,Monday,1
RES010457,9-Oct-24,At the hotel,0.Non-member,Modified,11-Oct-24,3,150.6,451.8,2,1. Before a week,Friday,5
RES010461,16-Sep-24,At the hotel,0.Non-member,Modified,18-Sep-24,3,204.99,614.97,2,1. Before a week,Wednesday,3
RES010520,4-Sep-24,At the hotel,0.Non-member,Modified,5-Sep-24,3,144.7,434.1,1,1. Before a week,Thursday,4
RES010522,3-Oct-24,App,0.Non-member,Modified,6-Oct-24,3,120.41,361.23,3,1. Before a week,Sunday,0
RES010576,20-Sep-24,Phone,0.Non-member,Modified,22-Sep-24,3,159.99,479.97,2,1. Before a week,Sunday,0
RES010599,18-Sep-24,GDS,0.Non-member,Modified,25-Sep-24,3,168.32,504.96,7,1. Before a week,Wednesday,3
RES010610,8-Oct-24,App,0.Non-member,Modified,15-Oct-24,3,215.67,647.01,7,1. Before a week,Tuesday,2
RES010623,22-Oct-24,At the hotel,0.Non-member,Modified,26-Oct-24,3,149.4,448.2,4,1. Before a week,Saturday,6
RES010639,17-Oct-24,At the hotel,0.Non-member,Modified,24-Oct-24,3,183.28,549.84,7,1. Before a week,Thursday,4
RES010715,2-Oct-24,At the hotel,0.Non-member,Modified,4-Oct-24,3,186.5,559.5,2,1. Before a week,Friday,5
RES010778,10-Oct-24,Connected Wholesaler,0.Non-member,Modified,18-Oct-24,3,132.83,398.49,8,2. Before 2 weeks,Friday,5
RES010809,20-Oct-24,Velora.com,0.Non-member,Modified,21-Oct-24,3,360.53,1081.59,1,1. Before a week,Monday,1
RES010837,21-Sep-24,At the hotel,0.Non-member,Modified,21-Sep-24,3,150.6,451.8,0,1. Before a week,Saturday,6
RES010884,2-Aug-24,Velora.com,0.Non-member,Modified,9-Sep-24,3,133.33,399.99,38,4. More than 4 weeks,Monday,1
RES010984,12-Oct-24,At the hotel,0.Non-member,Modified,18-Oct-24,3,78,234,6,1. Before a week,Friday,5
RES011066,2-Oct-24,At the hotel,0.Non-member,Modified,3-Oct-24,3,70.54,211.62,1,1. Before a week,Thursday,4
RES011068,10-Oct-24,At the hotel,0.Non-member,Modified,10-Oct-24,3,222.44,667.32,0,1. Before a week,Thursday,4
RES011084,20-Sep-24,Connected Wholesaler,0.Non-member,Modified,24-Sep-24,3,109.75,329.25,4,1. Before a week,Tuesday,2
RES011129,13-Sep-24,At the hotel,0.Non-member,Modified,14-Sep-24,3,78,234,1,1. Before a week,Saturday,6
RES011154,31-Oct-24,App,0.Non-member,Modified,2-Nov-24,3,108.43,325.29,2,1. Before a week,Saturday,6
RES011155,2-Sep-24,App,0.Non-member,Modified,7-Sep-24,3,156.75,470.25,5,1. Before a week,Saturday,6
RES011161,16-Oct-24,At the hotel,0.Non-member,Modified,17-Oct-24,3,218.18,654.54,1,1. Before a week,Thursday,4
RES011193,2-Oct-24,At the hotel,0.Non-member,Modified,2-Oct-24,3,77.43,232.29,0,1. Before a week,Wednesday,3
RES011219,16-Sep-24,Phone,0.Non-member,Modified,26-Sep-24,3,134.94,404.82,10,2. Before 2 weeks,Thursday,4
RES011238,23-Sep-24,At the hotel,0.Non-member,Modified,25-Sep-24,3,190.36,571.08,2,1. Before a week,Wednesday,3
RES011240,15-Oct-24,At the hotel,0.Non-member,Modified,16-Oct-24,3,62.64,187.92,1,1. Before a week,Wednesday,3
RES011261,8-Sep-24,GDS,0.Non-member,Modified,30-Sep-24,3,138.55,415.65,22,3. Before 4 weeks,Monday,1
RES011295,28-Oct-24,At the hotel,0.Non-member,Modified,30-Oct-24,3,126.61,379.83,2,1. Before a week,Wednesday,3
RES011337,22-Sep-24,At the hotel,0.Non-member,Modified,22-Sep-24,3,63.25,189.75,0,1. Before a week,Sunday,0
RES011341,16-Oct-24,Velora.com,0.Non-member,Modified,28-Oct-24,3,199.56,598.68,12,2. Before 2 weeks,Monday,1
RES011357,15-Oct-24,At the hotel,0.Non-member,Modified,15-Oct-24,3,187.95,563.85,0,1. Before a week,Tuesday,2
RES011387,2-Oct-24,At the hotel,0.Non-member,Modified,2-Oct-24,3,0,0,0,1. Before a week,Wednesday,3
RES011430,18-Aug-24,GDS,0.Non-member,Modified,3-Oct-24,3,128.84,386.52,46,4. More than 4 weeks,Thursday,4
RES011439,28-Aug-24,GDS,0.Non-member,Modified,24-Sep-24,3,200.45,601.35,27,3. Before 4 weeks,Tuesday,2
RES011448,23-Oct-24,GDS,0.Non-member,Modified,25-Oct-24,3,137.46,412.38,2,1. Before a week,Friday,5
RES011460,13-Oct-24,At the hotel,0.Non-member,Modified,23-Oct-24,3,0,0,10,2. Before 2 weeks,Wednesday,3
RES011503,14-Aug-24,GDS,0.Non-member,Modified,13-Sep-24,3,128.66,385.98,30,4. More than 4 weeks,Friday,5
RES011524,18-Oct-24,Connected Wholesaler,0.Non-member,Modified,18-Oct-24,3,250.78,752.34,0,1. Before a week,Friday,5
RES011534,24-Sep-24,At the hotel,0.Non-member,Modified,7-Oct-24,3,0,0,13,2. Before 2 weeks,Monday,1
RES011557,11-Sep-24,Velora.com,0.Non-member,Modified,15-Sep-24,3,137.48,412.44,4,1. Before a week,Sunday,0
RES011564,15-Oct-24,At the hotel,0.Non-member,Modified,17-Oct-24,3,132.64,397.92,2,1. Before a week,Thursday,4
RES011570,12-Sep-24,GDS,0.Non-member,Modified,15-Oct-24,3,162.63,487.89,33,4. More than 4 weeks,Tuesday,2
RES011597,5-Sep-24,GDS,0.Non-member,Modified,21-Oct-24,3,228.89,686.67,46,4. More than 4 weeks,Monday,1
RES011670,11-Sep-24,Phone,0.Non-member,Modified,12-Sep-24,3,128.55,385.65,1,1. Before a week,Thursday,4
RES011708,2-Oct-24,At the hotel,0.Non-member,Modified,3-Oct-24,3,62.65,187.95,1,1. Before a week,Thursday,4
RES011727,4-Oct-24,GDS,0.Non-member,Modified,17-Oct-24,3,192.75,578.25,13,2. Before 2 weeks,Thursday,4
RES011789,14-Oct-24,At the hotel,0.Non-member,Modified,15-Oct-24,3,174.7,524.1,1,1. Before a week,Tuesday,2
RES011845,5-Sep-24,At the hotel,0.Non-member,Modified,7-Sep-24,3,149.4,448.2,2,1. Before a week,Saturday,6
RES011853,9-Sep-24,At the hotel,0.Non-member,Modified,14-Sep-24,3,132.64,397.92,5,1. Before a week,Saturday,6
RES011858,29-Oct-24,Connected Wholesaler,0.Non-member,Modified,30-Oct-24,3,160.52,481.56,1,1. Before a week,Wednesday,3
RES011888,14-Oct-24,At the hotel,0.Non-member,Modified,17-Oct-24,3,78.59,235.77,3,1. Before a week,Thursday,4
RES011901,12-Sep-24,App,0.Non-member,Modified,13-Sep-24,3,132.89,398.67,1,1. Before a week,Friday,5
RES011931,21-Oct-24,App,0.Non-member,Modified,29-Oct-24,3,146.99,440.97,8,2. Before 2 weeks,Tuesday,2
RES011932,31-Aug-24,GDS,0.Non-member,Modified,24-Sep-24,3,153.6,460.8,24,3. Before 4 weeks,Tuesday,2
RES012007,15-Oct-24,App,0.Non-member,Modified,15-Oct-24,3,120.48,361.44,0,1. Before a week,Tuesday,2
RES012023,17-Sep-24,Velora.com,0.Non-member,Modified,30-Sep-24,3,144.58,433.74,13,2. Before 2 weeks,Monday,1
RES012123,9-Oct-24,At the hotel,0.Non-member,Modified,11-Oct-24,3,163.63,490.89,2,1. Before a week,Friday,5
RES012152,4-Sep-24,At the hotel,0.Non-member,Modified,6-Sep-24,3,149.4,448.2,2,1. Before a week,Friday,5
RES012171,25-Sep-24,App,0.Non-member,Modified,1-Oct-24,3,126.5,379.5,6,1. Before a week,Tuesday,2
RES012200,29-Aug-24,At the hotel,0.Non-member,Modified,10-Sep-24,3,72.29,216.87,12,2. Before 2 weeks,Tuesday,2
RES012242,14-Oct-24,At the hotel,0.Non-member,Modified,15-Oct-24,3,421.65,1264.95,1,1. Before a week,Tuesday,2
RES012246,12-Sep-24,App,0.Non-member,Modified,13-Sep-24,3,226.66,679.98,1,1. Before a week,Friday,5
RES012363,3-Oct-24,App,0.Non-member,Modified,4-Oct-24,3,138.56,415.68,1,1. Before a week,Friday,5
RES012374,4-Sep-24,Phone,0.Non-member,Modified,18-Sep-24,3,171.9,515.7,14,2. Before 2 weeks,Wednesday,3
RES012452,4-Oct-24,At the hotel,0.Non-member,Modified,9-Oct-24,3,174.33,522.99,5,1. Before a week,Wednesday,3
RES012506,4-Oct-24,At the hotel,0.Non-member,Modified,18-Oct-24,3,33.73,101.19,14,2. Before 2 weeks,Friday,5
RES012518,9-Sep-24,At the hotel,0.Non-member,Modified,17-Sep-24,3,33.76,101.28,8,2. Before 2 weeks,Tuesday,2
RES012561,6-Sep-24,At the hotel,0.Non-member,Modified,7-Sep-24,3,175.87,527.61,1,1. Before a week,Saturday,6
RES012615,6-Sep-24,Other,0.Non-member,Modified,16-Oct-24,3,161.74,485.22,40,4. More than 4 weeks,Wednesday,3
RES012652,4-Sep-24,GDS,0.Non-member,Modified,17-Sep-24,3,138.55,415.65,13,2. Before 2 weeks,Tuesday,2
RES012693,17-Oct-24,App,0.Non-member,Modified,26-Oct-24,3,127.21,381.63,9,2. Before 2 weeks,Saturday,6
RES012712,28-Sep-24,Phone,0.Non-member,Modified,18-Oct-24,3,122.89,368.67,20,3. Before 4 weeks,Friday,5
RES012823,21-Oct-24,At the hotel,0.Non-member,Modified,21-Oct-24,3,62.65,187.95,0,1. Before a week,Monday,1
RES012829,21-Sep-24,At the hotel,0.Non-member,Modified,22-Sep-24,3,0,0,1,1. Before a week,Sunday,0
RES012832,4-Sep-24,App,0.Non-member,Modified,7-Sep-24,3,114.45,343.35,3,1. Before a week,Saturday,6
RES012868,8-Oct-24,App,0.Non-member,Modified,8-Oct-24,3,151.2,453.6,0,1. Before a week,Tuesday,2
RES012876,3-Sep-24,App,0.Non-member,Modified,14-Sep-24,3,158.42,475.26,11,2. Before 2 weeks,Saturday,6
RES012883,11-Sep-24,Connected Wholesaler,0.Non-member,Modified,12-Sep-24,3,120,360,1,1. Before a week,Thursday,4
RES012893,23-Sep-24,At the hotel,0.Non-member,Modified,25-Sep-24,3,146.56,439.68,2,1. Before a week,Wednesday,3
RES012988,21-Sep-24,At the hotel,0.Non-member,Modified,30-Sep-24,3,33.73,101.19,9,2. Before 2 weeks,Monday,1
RES013047,19-Sep-24,At the hotel,0.Non-member,Modified,19-Sep-24,3,152.13,456.39,0,1. Before a week,Thursday,4
RES013135,6-Sep-24,Connected Wholesaler,0.Non-member,Modified,25-Sep-24,3,152.36,457.08,19,3. Before 4 weeks,Wednesday,3
RES013143,17-Oct-24,GDS,0.Non-member,Modified,18-Oct-24,3,82.6,247.8,1,1. Before a week,Friday,5
RES013167,29-Sep-24,At the hotel,0.Non-member,Modified,30-Sep-24,3,125.3,375.9,1,1. Before a week,Monday,1
RES013177,20-Oct-24,Velora.com,0.Non-member,Modified,23-Oct-24,3,183.28,549.84,3,1. Before a week,Wednesday,3
RES013190,23-Sep-24,At the hotel,0.Non-member,Modified,17-Oct-24,3,62.65,187.95,24,3. Before 4 weeks,Thursday,4
RES013199,16-Sep-24,At the hotel,0.Non-member,Modified,22-Sep-24,3,142.42,427.26,6,1. Before a week,Sunday,0
RES013216,22-Aug-24,App,0.Non-member,Modified,8-Sep-24,3,171.22,513.66,17,3. Before 4 weeks,Sunday,0
RES013217,1-Nov-24,Velora.com,0.Non-member,Modified,3-Nov-24,3,164.74,494.22,2,1. Before a week,Sunday,0
RES013224,10-Sep-24,Velora.com,0.Non-member,Modified,11-Oct-24,3,161.21,483.63,31,4. More than 4 weeks,Friday,5
RES013233,1-Oct-24,At the hotel,0.Non-member,Modified,2-Oct-24,3,0,0,1,1. Before a week,Wednesday,3
RES013252,23-Oct-24,At the hotel,0.Non-member,Modified,24-Oct-24,3,280.9,842.7,1,1. Before a week,Thursday,4
RES013281,29-Sep-24,GDS,0.Non-member,Modified,2-Oct-24,3,198.78,596.34,3,1. Before a week,Wednesday,3
RES013372,3-Sep-24,Phone,0.Non-member,Modified,11-Sep-24,3,171.22,513.66,8,2. Before 2 weeks,Wednesday,3
RES013390,27-Sep-24,Phone,0.Non-member,Modified,21-Oct-24,3,165.06,495.18,24,3. Before 4 weeks,Monday,1
RES013449,21-Sep-24,At the hotel,0.Non-member,Modified,4-Oct-24,3,486.93,1460.79,13,2. Before 2 weeks,Friday,5
RES013467,21-Sep-24,At the hotel,0.Non-member,Modified,22-Sep-24,3,151.51,454.53,1,1. Before a week,Sunday,0
RES013498,24-Oct-24,At the hotel,0.Non-member,Modified,25-Oct-24,3,151.51,454.53,1,1. Before a week,Friday,5
RES013531,12-Oct-24,Velora.com,0.Non-member,Modified,12-Oct-24,3,144.7,434.1,0,1. Before a week,Saturday,6
RES013551,26-Jul-24,App,0.Non-member,Modified,17-Sep-24,3,218.42,655.26,53,4. More than 4 weeks,Tuesday,2
RES013578,6-Sep-24,At the hotel,0.Non-member,Modified,12-Sep-24,3,33.73,101.19,6,1. Before a week,Thursday,4
RES013589,3-Oct-24,At the hotel,0.Non-member,Modified,5-Oct-24,3,149.4,448.2,2,1. Before a week,Saturday,6
RES013618,24-Sep-24,At the hotel,0.Non-member,Modified,26-Sep-24,3,105.2,315.6,2,1. Before a week,Thursday,4
RES013629,30-Sep-24,At the hotel,0.Non-member,Modified,3-Oct-24,3,33.73,101.19,3,1. Before a week,Thursday,4
RES013637,23-Sep-24,App,0.Non-member,Modified,4-Oct-24,3,146.56,439.68,11,2. Before 2 weeks,Friday,5
RES013640,21-Sep-24,At the hotel,0.Non-member,Modified,3-Oct-24,3,150.6,451.8,12,2. Before 2 weeks,Thursday,4
RES013643,14-Sep-24,At the hotel,0.Non-member,Modified,27-Oct-24,3,262.3,786.9,43,4. More than 4 weeks,Sunday,0
RES013664,10-Oct-24,Connected Wholesaler,0.Non-member,Modified,10-Oct-24,3,191.91,575.73,0,1. Before a week,Thursday,4
RES013682,13-Oct-24,GDS,0.Non-member,Modified,14-Oct-24,3,156.61,469.83,1,1. Before a week,Monday,1
RES013697,9-Oct-24,At the hotel,0.Non-member,Modified,12-Oct-24,3,144.58,433.74,3,1. Before a week,Saturday,6
RES013706,29-Sep-24,At the hotel,0.Non-member,Modified,4-Oct-24,3,157.57,472.71,5,1. Before a week,Friday,5
RES013707,7-Sep-24,At the hotel,0.Non-member,Modified,7-Sep-24,3,179.39,538.17,0,1. Before a week,Saturday,6
RES013713,4-Sep-24,Connected Wholesaler,0.Non-member,Modified,11-Sep-24,3,105.45,316.35,7,1. Before a week,Wednesday,3
RES013742,24-Oct-24,At the hotel,0.Non-member,Modified,25-Oct-24,3,33.73,101.19,1,1. Before a week,Friday,5
RES013803,7-Sep-24,Velora.com,0.Non-member,Modified,19-Sep-24,3,233.39,700.17,12,2. Before 2 weeks,Thursday,4
RES013826,10-Oct-24,At the hotel,0.Non-member,Modified,27-Oct-24,3,145.45,436.35,17,3. Before 4 weeks,Sunday,0
RES013907,24-Sep-24,At the hotel,0.Non-member,Modified,25-Sep-24,3,125.3,375.9,1,1. Before a week,Wednesday,3
RES013918,22-Oct-24,App,0.Non-member,Modified,23-Oct-24,3,178.8,536.4,1,1. Before a week,Wednesday,3
RES013948,2-Oct-24,Phone,0.Non-member,Modified,13-Oct-24,3,116.87,350.61,11,2. Before 2 weeks,Sunday,0
RES014012,5-Sep-24,App,0.Non-member,Modified,19-Sep-24,3,437.06,1311.18,14,2. Before 2 weeks,Thursday,4
RES014017,15-Oct-24,At the hotel,0.Non-member,Modified,20-Oct-24,3,212.51,637.53,5,1. Before a week,Sunday,0
RES014019,17-Sep-24,Connected Wholesaler,0.Non-member,Modified,3-Oct-24,3,140.91,422.73,16,3. Before 4 weeks,Thursday,4
RES014036,15-Oct-24,App,0.Non-member,Modified,19-Oct-24,3,146.39,439.17,4,1. Before a week,Saturday,6
RES014049,22-Aug-24,Velora.com,0.Non-member,Modified,26-Sep-24,3,153.61,460.83,35,4. More than 4 weeks,Thursday,4
RES014051,17-Oct-24,At the hotel,0.Non-member,Modified,17-Oct-24,3,172.68,518.04,0,1. Before a week,Thursday,4
RES014120,3-Oct-24,At the hotel,0.Non-member,Modified,5-Oct-24,3,149.4,448.2,2,1. Before a week,Saturday,6
RES014129,1-Oct-24,At the hotel,0.Non-member,Modified,4-Oct-24,3,222.59,667.77,3,1. Before a week,Friday,5
RES014224,10-Oct-24,At the hotel,0.Non-member,Modified,11-Oct-24,3,187.81,563.43,1,1. Before a week,Friday,5
RES014256,31-Aug-24,At the hotel,0.Non-member,Modified,1-Sep-24,3,193.94,581.82,1,1. Before a week,Sunday,0
RES014272,27-Aug-24,At the hotel,0.Non-member,Modified,6-Sep-24,3,197.75,593.25,10,2. Before 2 weeks,Friday,5
RES014304,22-Sep-24,Velora.com,0.Non-member,Modified,28-Sep-24,3,103.34,310.02,6,1. Before a week,Saturday,6
RES014319,22-Aug-24,GDS,0.Non-member,Modified,1-Sep-24,3,163.63,490.89,10,2. Before 2 weeks,Sunday,0
RES014330,13-Sep-24,GDS,0.Non-member,Modified,21-Sep-24,3,108.43,325.29,8,2. Before 2 weeks,Saturday,6
RES014336,13-Sep-24,App,0.Non-member,Modified,12-Oct-24,3,162.31,486.93,29,4. More than 4 weeks,Saturday,6
RES014342,6-Sep-24,At the hotel,0.Non-member,Modified,9-Sep-24,3,200,600,3,1. Before a week,Monday,1
RES014357,23-Aug-24,Phone,0.Non-member,Modified,4-Sep-24,3,128.84,386.52,12,2. Before 2 weeks,Wednesday,3
RES014432,4-Sep-24,At the hotel,0.Non-member,Modified,5-Sep-24,3,195.78,587.34,1,1. Before a week,Thursday,4
RES014442,4-Sep-24,Connected Wholesaler,0.Non-member,Modified,6-Sep-24,3,123.63,370.89,2,1. Before a week,Friday,5
RES014457,28-Aug-24,Velora.com,0.Non-member,Modified,5-Oct-24,3,133.33,399.99,38,4. More than 4 weeks,Saturday,6
RES014500,5-Oct-24,Connected Wholesaler,0.Non-member,Modified,5-Oct-24,3,95.78,287.34,0,1. Before a week,Saturday,6
RES014537,14-Sep-24,App,0.Non-member,Modified,25-Sep-24,3,180.18,540.54,11,2. Before 2 weeks,Wednesday,3
RES014585,11-Oct-24,At the hotel,0.Non-member,Modified,12-Oct-24,3,210.84,632.52,1,1. Before a week,Saturday,6
RES014589,29-Sep-24,Connected Wholesaler,0.Non-member,Modified,29-Sep-24,3,115.44,346.32,0,1. Before a week,Sunday,0
RES014643,7-Sep-24,App,0.Non-member,Modified,7-Sep-24,3,144.7,434.1,0,1. Before a week,Saturday,6
RES014677,28-Aug-24,GDS,0.Non-member,Modified,23-Sep-24,3,173.13,519.39,26,3. Before 4 weeks,Monday,1
RES014692,20-Sep-24,At the hotel,0.Non-member,Modified,23-Sep-24,3,169.69,509.07,3,1. Before a week,Monday,1
RES014698,17-Sep-24,At the hotel,0.Non-member,Modified,21-Sep-24,3,132.53,397.59,4,1. Before a week,Saturday,6
RES014716,24-Sep-24,Connected Wholesaler,0.Non-member,Modified,24-Sep-24,3,125.66,376.98,0,1. Before a week,Tuesday,2
RES009901,13-Aug-24,GDS,0.Non-member,Modified,29-Sep-24,4,179.53,718.12,47,4. More than 4 weeks,Sunday,0
RES010200,26-Sep-24,App,0.Non-member,Modified,14-Oct-24,4,165.6,662.4,18,3. Before 4 weeks,Monday,1
RES010206,5-Feb-24,At the hotel,1.Iconic,Modified,5-Sep-24,4,101.98,407.92,213,4. More than 4 weeks,Thursday,4
RES010352,8-Sep-24,GDS,4.Essential,Modified,13-Oct-24,4,116.07,464.28,35,4. More than 4 weeks,Sunday,0
RES010382,26-Sep-24,Phone,5.Preferred,Modified,16-Oct-24,4,189.09,756.36,20,3. Before 4 weeks,Wednesday,3
RES010451,10-Oct-24,Velora.com,2.Elite,Modified,24-Oct-24,4,224.04,896.16,14,2. Before 2 weeks,Thursday,4
RES010571,15-Jun-24,At the hotel,1.Iconic,Modified,31-Oct-24,4,112.05,448.2,138,4. More than 4 weeks,Thursday,4
RES010611,6-Sep-24,App,4.Essential,Modified,17-Sep-24,4,152.66,610.64,11,2. Before 2 weeks,Tuesday,2
RES010686,26-Aug-24,Velora.com,3.Premier,Modified,24-Oct-24,4,34.25,137,59,4. More than 4 weeks,Thursday,4
RES010748,29-Sep-24,Phone,5.Preferred,Modified,26-Oct-24,4,166.4,665.6,27,3. Before 4 weeks,Saturday,6
RES010982,13-Jun-24,App,0.Non-member,Modified,4-Oct-24,4,168.25,673,113,4. More than 4 weeks,Friday,5
RES011133,17-Sep-24,Phone,4.Essential,Modified,18-Oct-24,4,114.8,459.2,31,4. More than 4 weeks,Friday,5
RES011413,31-Jul-24,GDS,3.Premier,Modified,21-Oct-24,4,192.75,771,82,4. More than 4 weeks,Monday,1
RES011425,30-May-24,At the hotel,1.Iconic,Modified,15-Oct-24,4,112.05,448.2,138,4. More than 4 weeks,Tuesday,2
RES011463,28-Aug-24,Velora.com,5.Preferred,Modified,27-Sep-24,4,157.93,631.72,30,4. More than 4 weeks,Friday,5
RES011560,20-Aug-24,GDS,5.Preferred,Modified,12-Sep-24,4,111.18,444.72,23,3. Before 4 weeks,Thursday,4
RES011576,15-Sep-24,GDS,4.Essential,Modified,17-Oct-24,4,108.43,433.72,32,4. More than 4 weeks,Thursday,4
RES011579,18-Apr-24,App,4.Essential,Modified,31-Oct-24,4,142.5,570,196,4. More than 4 weeks,Thursday,4
RES011781,28-Sep-24,GDS,4.Essential,Modified,18-Oct-24,4,128.01,512.04,20,3. Before 4 weeks,Friday,5
RES011943,6-Sep-24,At the hotel,0.Non-member,Modified,17-Sep-24,4,33.66,134.64,11,2. Before 2 weeks,Tuesday,2
RES012019,6-Sep-24,GDS,2.Elite,Modified,23-Sep-24,4,186.36,745.44,17,3. Before 4 weeks,Monday,1
RES012046,6-Sep-24,At the hotel,0.Non-member,Modified,24-Sep-24,4,33.66,134.64,18,3. Before 4 weeks,Tuesday,2
RES012070,21-Jul-24,Velora.com,6.Select,Modified,4-Oct-24,4,175.28,701.12,75,4. More than 4 weeks,Friday,5
RES012260,7-Sep-24,Velora.com,3.Premier,Modified,24-Sep-24,4,209.65,838.6,17,3. Before 4 weeks,Tuesday,2
RES012308,30-Aug-24,GDS,2.Elite,Modified,19-Sep-24,4,192.75,771,20,3. Before 4 weeks,Thursday,4
RES012353,8-May-24,Connected Wholesaler,4.Essential,Modified,29-Oct-24,4,140.47,561.88,174,4. More than 4 weeks,Tuesday,2
RES012369,28-Aug-24,Velora.com,3.Premier,Modified,9-Sep-24,4,195.41,781.64,12,2. Before 2 weeks,Monday,1
RES012431,17-Aug-24,Velora.com,2.Elite,Modified,5-Sep-24,4,33.71,134.84,19,3. Before 4 weeks,Thursday,4
RES012444,18-Sep-24,GDS,6.Select,Modified,30-Sep-24,4,175.15,700.6,12,2. Before 2 weeks,Monday,1
RES012553,19-Sep-24,Phone,6.Select,Modified,9-Oct-24,4,186.52,746.08,20,3. Before 4 weeks,Wednesday,3
RES012894,23-Sep-24,At the hotel,0.Non-member,Modified,1-Oct-24,4,33.66,134.64,8,2. Before 2 weeks,Tuesday,2
RES012907,12-Jun-24,Velora.com,5.Preferred,Modified,28-Sep-24,4,99.5,398,108,4. More than 4 weeks,Saturday,6
RES013075,13-Oct-24,Connected Wholesaler,0.Non-member,Modified,29-Oct-24,4,119.94,479.76,16,3. Before 4 weeks,Tuesday,2
RES013198,27-Aug-24,Phone,6.Select,Modified,13-Oct-24,4,33.71,134.84,47,4. More than 4 weeks,Sunday,0
RES013276,8-Oct-24,Velora.com,0.Non-member,Modified,20-Oct-24,4,114.46,457.84,12,2. Before 2 weeks,Sunday,0
RES013277,22-Sep-24,At the hotel,4.Essential,Modified,4-Oct-24,4,170.02,680.08,12,2. Before 2 weeks,Friday,5
RES013298,9-Aug-24,Velora.com,4.Essential,Modified,6-Sep-24,4,171.33,685.32,28,3. Before 4 weeks,Friday,5
RES013388,29-Jul-24,At the hotel,3.Premier,Modified,5-Sep-24,4,151.8,607.2,38,4. More than 4 weeks,Thursday,4
RES013511,11-Sep-24,App,4.Essential,Modified,15-Oct-24,4,161.09,644.36,34,4. More than 4 weeks,Tuesday,2
RES013598,12-Sep-24,At the hotel,2.Elite,Modified,26-Sep-24,4,151.79,607.16,14,2. Before 2 weeks,Thursday,4
RES013649,23-Jul-24,App,0.Non-member,Modified,5-Sep-24,4,170.99,683.96,44,4. More than 4 weeks,Thursday,4
RES013654,24-Aug-24,Phone,4.Essential,Modified,12-Sep-24,4,298.38,1193.52,19,3. Before 4 weeks,Thursday,4
RES013750,16-Aug-24,At the hotel,3.Premier,Modified,26-Sep-24,4,139.75,559,41,4. More than 4 weeks,Thursday,4
RES013898,13-Aug-24,Velora.com,2.Elite,Modified,15-Sep-24,4,188.9,755.6,33,4. More than 4 weeks,Sunday,0
RES013937,24-Aug-24,App,0.Non-member,Modified,29-Sep-24,4,119.28,477.12,36,4. More than 4 weeks,Sunday,0
RES013940,23-Sep-24,GDS,3.Premier,Modified,7-Oct-24,4,174.84,699.36,14,2. Before 2 weeks,Monday,1
RES013956,28-Jun-24,App,0.Non-member,Modified,9-Sep-24,4,192.77,771.08,73,4. More than 4 weeks,Monday,1
RES013975,6-Oct-24,At the hotel,0.Non-member,Modified,15-Oct-24,4,33.73,134.92,9,2. Before 2 weeks,Tuesday,2
RES014069,30-Aug-24,App,0.Non-member,Modified,18-Sep-24,4,199.87,799.48,19,3. Before 4 weeks,Wednesday,3
RES014277,31-Jul-24,Phone,5.Preferred,Modified,22-Sep-24,4,147.88,591.52,53,4. More than 4 weeks,Sunday,0
RES014331,22-Aug-24,Velora.com,3.Premier,Modified,9-Sep-24,4,76.99,307.96,18,3. Before 4 weeks,Monday,1
RES014347,15-Sep-24,App,4.Essential,Modified,24-Sep-24,4,130.64,522.56,9,2. Before 2 weeks,Tuesday,2
RES014441,7-Oct-24,At the hotel,0.Non-member,Modified,20-Oct-24,4,33.76,135.04,13,2. Before 2 weeks,Sunday,0
RES014539,24-Nov-23,At the hotel,1.Iconic,Modified,7-Sep-24,4,87.2,348.8,288,4. More than 4 weeks,Saturday,6
RES014557,12-Sep-24,App,0.Non-member,Modified,21-Sep-24,4,156.3,625.2,9,2. Before 2 weeks,Saturday,6
RES014559,13-Sep-24,At the hotel,0.Non-member,Modified,22-Sep-24,4,0,0,9,2. Before 2 weeks,Sunday,0
RES014562,26-Jul-24,Phone,0.Non-member,Modified,8-Sep-24,4,180.12,720.48,44,4. More than 4 weeks,Sunday,0
RES009887,17-Oct-24,At the hotel,0.Non-member,Modified,22-Oct-24,4,156.75,627,5,1. Before a week,Tuesday,2
RES009896,16-Sep-24,GDS,2.Elite,Modified,17-Sep-24,4,128.74,514.96,1,1. Before a week,Tuesday,2
RES010004,15-Oct-24,GDS,2.Elite,Modified,21-Oct-24,4,114.53,458.12,6,1. Before a week,Monday,1
RES010013,9-Oct-24,At the hotel,0.Non-member,Modified,10-Oct-24,4,174.7,698.8,1,1. Before a week,Thursday,4
RES010156,24-Oct-24,At the hotel,0.Non-member,Modified,25-Oct-24,4,180.48,721.92,1,1. Before a week,Friday,5
RES010238,29-Aug-24,Velora.com,6.Select,Modified,5-Sep-24,4,129.88,519.52,7,1. Before a week,Thursday,4
RES010348,23-Oct-24,Velora.com,4.Essential,Modified,25-Oct-24,4,115.15,460.6,2,1. Before a week,Friday,5
RES010366,20-Oct-24,At the hotel,0.Non-member,Modified,22-Oct-24,4,186.36,745.44,2,1. Before a week,Tuesday,2
RES010425,26-Sep-24,Connected Wholesaler,4.Essential,Modified,26-Sep-24,4,94.88,379.52,0,1. Before a week,Thursday,4
RES010478,15-Sep-24,At the hotel,4.Essential,Modified,17-Sep-24,4,0,0,2,1. Before a week,Tuesday,2
RES010512,16-Sep-24,At the hotel,0.Non-member,Modified,18-Sep-24,4,207.62,830.48,2,1. Before a week,Wednesday,3
RES010649,30-Aug-24,Velora.com,4.Essential,Modified,3-Sep-24,4,117.57,470.28,4,1. Before a week,Tuesday,2
RES010794,22-Sep-24,GDS,3.Premier,Modified,29-Sep-24,4,120.44,481.76,7,1. Before a week,Sunday,0
RES010797,21-Oct-24,GDS,3.Premier,Modified,28-Oct-24,4,107.53,430.12,7,1. Before a week,Monday,1
RES010856,7-Sep-24,App,4.Essential,Modified,8-Sep-24,4,113.63,454.52,1,1. Before a week,Sunday,0
RES011036,22-Oct-24,Phone,4.Essential,Modified,25-Oct-24,4,149.09,596.36,3,1. Before a week,Friday,5
RES011047,16-Sep-24,At the hotel,0.Non-member,Modified,19-Sep-24,4,132.53,530.12,3,1. Before a week,Thursday,4
RES011074,29-Sep-24,App,4.Essential,Modified,3-Oct-24,4,167.02,668.08,4,1. Before a week,Thursday,4
RES011118,24-Oct-24,GDS,6.Select,Modified,30-Oct-24,4,177.09,708.36,6,1. Before a week,Wednesday,3
RES011121,16-Oct-24,At the hotel,4.Essential,Modified,17-Oct-24,4,125.3,501.2,1,1. Before a week,Thursday,4
RES011204,8-Oct-24,Velora.com,4.Essential,Modified,11-Oct-24,4,237.85,951.4,3,1. Before a week,Friday,5
RES011237,24-Oct-24,At the hotel,0.Non-member,Modified,25-Oct-24,4,170.98,683.92,1,1. Before a week,Friday,5
RES011246,9-Oct-24,At the hotel,4.Essential,Modified,11-Oct-24,4,177.11,708.44,2,1. Before a week,Friday,5
RES011249,28-Sep-24,Velora.com,4.Essential,Modified,3-Oct-24,4,112.05,448.2,5,1. Before a week,Thursday,4
RES011361,11-Oct-24,Velora.com,2.Elite,Modified,11-Oct-24,4,112.74,450.96,0,1. Before a week,Friday,5
RES011502,5-Oct-24,At the hotel,0.Non-member,Modified,7-Oct-24,4,162.65,650.6,2,1. Before a week,Monday,1
RES011527,23-Sep-24,Velora.com,4.Essential,Modified,24-Sep-24,4,171.94,687.76,1,1. Before a week,Tuesday,2
RES011545,9-Oct-24,At the hotel,6.Select,Modified,14-Oct-24,4,145.48,581.92,5,1. Before a week,Monday,1
RES011569,26-Sep-24,At the hotel,4.Essential,Modified,27-Sep-24,4,0,0,1,1. Before a week,Friday,5
RES011590,11-Oct-24,GDS,6.Select,Modified,16-Oct-24,4,164.88,659.52,5,1. Before a week,Wednesday,3
RES011593,2-Oct-24,Velora.com,3.Premier,Modified,3-Oct-24,4,165.44,661.76,1,1. Before a week,Thursday,4
RES011787,6-Sep-24,At the hotel,0.Non-member,Modified,12-Sep-24,4,0,0,6,1. Before a week,Thursday,4
RES011806,6-Sep-24,At the hotel,0.Non-member,Modified,9-Sep-24,4,77.37,309.48,3,1. Before a week,Monday,1
RES011846,27-Oct-24,App,0.Non-member,Modified,27-Oct-24,4,0,0,0,1. Before a week,Sunday,0
RES011857,29-Oct-24,App,4.Essential,Modified,1-Nov-24,4,114.46,457.84,3,1. Before a week,Friday,5
RES011887,4-Oct-24,Connected Wholesaler,0.Non-member,Modified,7-Oct-24,4,86.07,344.28,3,1. Before a week,Monday,1
RES011941,11-Oct-24,Velora.com,1.Iconic,Modified,18-Oct-24,4,216.58,866.32,7,1. Before a week,Friday,5
RES011951,8-Sep-24,Connected Wholesaler,0.Non-member,Modified,8-Sep-24,4,110.24,440.96,0,1. Before a week,Sunday,0
RES012021,15-Oct-24,App,0.Non-member,Modified,15-Oct-24,4,192.37,769.48,0,1. Before a week,Tuesday,2
RES012056,10-Oct-24,Connected Wholesaler,4.Essential,Modified,10-Oct-24,4,89.45,357.8,0,1. Before a week,Thursday,4
RES012169,17-Sep-24,Velora.com,6.Select,Modified,22-Sep-24,4,145.53,582.12,5,1. Before a week,Sunday,0
RES012214,31-Aug-24,GDS,3.Premier,Modified,5-Sep-24,4,162.77,651.08,5,1. Before a week,Thursday,4
RES012334,16-Oct-24,Velora.com,3.Premier,Modified,21-Oct-24,4,155.59,622.36,5,1. Before a week,Monday,1
RES012381,7-Sep-24,App,4.Essential,Modified,13-Sep-24,4,220.65,882.6,6,1. Before a week,Friday,5
RES012405,19-Oct-24,GDS,4.Essential,Modified,23-Oct-24,4,188.47,753.88,4,1. Before a week,Wednesday,3
RES012462,15-Oct-24,At the hotel,0.Non-member,Modified,17-Oct-24,4,34.2,136.8,2,1. Before a week,Thursday,4
RES012465,9-Oct-24,Velora.com,2.Elite,Modified,10-Oct-24,4,140.96,563.84,1,1. Before a week,Thursday,4
RES012495,7-Oct-24,GDS,3.Premier,Modified,8-Oct-24,4,180.35,721.4,1,1. Before a week,Tuesday,2
RES012515,8-Sep-24,Velora.com,1.Iconic,Modified,10-Sep-24,4,129.58,518.32,2,1. Before a week,Tuesday,2
RES012549,1-Sep-24,At the hotel,0.Non-member,Modified,8-Sep-24,4,72.35,289.4,7,1. Before a week,Sunday,0
RES012584,15-Sep-24,Velora.com,4.Essential,Modified,15-Sep-24,4,43.37,173.48,0,1. Before a week,Sunday,0
RES012592,28-Sep-24,At the hotel,0.Non-member,Modified,28-Sep-24,4,149.4,597.6,0,1. Before a week,Saturday,6
RES012640,10-Oct-24,At the hotel,0.Non-member,Modified,12-Oct-24,4,173.26,693.04,2,1. Before a week,Saturday,6
RES012675,20-Sep-24,Connected Wholesaler,0.Non-member,Modified,20-Sep-24,4,86.75,347,0,1. Before a week,Friday,5
RES012679,3-Oct-24,Velora.com,0.Non-member,Modified,7-Oct-24,4,123.24,492.96,4,1. Before a week,Monday,1
RES012689,8-Sep-24,Connected Wholesaler,0.Non-member,Modified,10-Sep-24,4,173.33,693.32,2,1. Before a week,Tuesday,2
RES012706,2-Oct-24,App,0.Non-member,Modified,7-Oct-24,4,170.86,683.44,5,1. Before a week,Monday,1
RES012839,31-Oct-24,At the hotel,4.Essential,Modified,31-Oct-24,4,119.28,477.12,0,1. Before a week,Thursday,4
RES012882,27-Oct-24,Phone,4.Essential,Modified,29-Oct-24,4,123.97,495.88,2,1. Before a week,Tuesday,2
RES012960,6-Sep-24,At the hotel,0.Non-member,Modified,10-Sep-24,4,33.73,134.92,4,1. Before a week,Tuesday,2
RES012965,13-Sep-24,At the hotel,0.Non-member,Modified,14-Sep-24,4,63.03,252.12,1,1. Before a week,Saturday,6
RES013123,9-Oct-24,Velora.com,5.Preferred,Modified,11-Oct-24,4,122.43,489.72,2,1. Before a week,Friday,5
RES013158,12-Oct-24,App,0.Non-member,Modified,19-Oct-24,4,141.98,567.92,7,1. Before a week,Saturday,6
RES013174,2-Oct-24,Velora.com,4.Essential,Modified,3-Oct-24,4,39.69,158.76,1,1. Before a week,Thursday,4
RES013259,9-Oct-24,Phone,4.Essential,Modified,15-Oct-24,4,157.57,630.28,6,1. Before a week,Tuesday,2
RES013413,11-Oct-24,App,0.Non-member,Modified,14-Oct-24,4,127.7,510.8,3,1. Before a week,Monday,1
RES013420,14-Oct-24,At the hotel,4.Essential,Modified,18-Oct-24,4,132.53,530.12,4,1. Before a week,Friday,5
RES013505,9-Sep-24,Connected Wholesaler,0.Non-member,Modified,9-Sep-24,4,104.81,419.24,0,1. Before a week,Monday,1
RES013563,28-Sep-24,At the hotel,0.Non-member,Modified,30-Sep-24,4,128.24,512.96,2,1. Before a week,Monday,1
RES013678,12-Oct-24,Velora.com,6.Select,Modified,12-Oct-24,4,33.78,135.12,0,1. Before a week,Saturday,6
RES013970,7-Sep-24,App,0.Non-member,Modified,7-Sep-24,4,153.74,614.96,0,1. Before a week,Saturday,6
RES014021,9-Oct-24,At the hotel,0.Non-member,Modified,11-Oct-24,4,168.67,674.68,2,1. Before a week,Friday,5
RES014101,31-Aug-24,At the hotel,5.Preferred,Modified,4-Sep-24,4,137.35,549.4,4,1. Before a week,Wednesday,3
RES014146,16-Oct-24,Velora.com,3.Premier,Modified,18-Oct-24,4,109.73,438.92,2,1. Before a week,Friday,5
RES014260,29-Sep-24,App,4.Essential,Modified,3-Oct-24,4,120.48,481.92,4,1. Before a week,Thursday,4
RES014279,24-Sep-24,At the hotel,2.Elite,Modified,24-Sep-24,4,169.47,677.88,0,1. Before a week,Tuesday,2
RES014317,20-Sep-24,GDS,3.Premier,Modified,22-Sep-24,4,102.4,409.6,2,1. Before a week,Sunday,0
RES014354,17-Sep-24,At the hotel,0.Non-member,Modified,18-Sep-24,4,138.18,552.72,1,1. Before a week,Wednesday,3
RES014379,2-Nov-24,Connected Wholesaler,0.Non-member,Modified,3-Nov-24,4,121.29,485.16,1,1. Before a week,Sunday,0
RES014407,24-Sep-24,Connected Wholesaler,4.Essential,Modified,30-Sep-24,4,85.14,340.56,6,1. Before a week,Monday,1
RES014410,26-Oct-24,Velora.com,3.Premier,Modified,29-Oct-24,4,214.58,858.32,3,1. Before a week,Tuesday,2
RES014438,19-Sep-24,GDS,2.Elite,Modified,24-Sep-24,4,198.38,793.52,5,1. Before a week,Tuesday,2
RES014471,5-Oct-24,At the hotel,4.Essential,Modified,8-Oct-24,4,210.56,842.24,3,1. Before a week,Tuesday,2
RES014482,19-Sep-24,GDS,0.Non-member,Modified,20-Sep-24,4,156.62,626.48,1,1. Before a week,Friday,5
RES014713,20-Oct-24,Velora.com,1.Iconic,Modified,20-Oct-24,4,147.28,589.12,0,1. Before a week,Sunday,0
RES009736,21-Sep-24,App,0.Non-member,Modified,21-Sep-24,5,134.34,671.7,0,1. Before a week,Saturday,6
RES009758,11-Jun-24,GDS,5.Preferred,Modified,23-Sep-24,5,112.7,563.5,104,4. More than 4 weeks,Monday,1
RES009815,29-Sep-24,Velora.com,6.Select,Modified,17-Oct-24,5,153,765,18,3. Before 4 weeks,Thursday,4
RES009980,20-Aug-24,Phone,0.Non-member,Modified,6-Sep-24,5,165.19,825.95,17,3. Before 4 weeks,Friday,5
RES009986,29-Sep-24,GDS,5.Preferred,Modified,30-Sep-24,5,128,640,1,1. Before a week,Monday,1
RES010079,19-Sep-24,At the hotel,0.Non-member,Modified,20-Sep-24,5,192.77,963.85,1,1. Before a week,Friday,5
RES010326,3-Oct-24,At the hotel,0.Non-member,Modified,4-Oct-24,5,193.94,969.7,1,1. Before a week,Friday,5
RES010564,6-Sep-24,Velora.com,4.Essential,Modified,9-Sep-24,5,123.63,618.15,3,1. Before a week,Monday,1
RES010567,20-Aug-24,Velora.com,3.Premier,Modified,6-Sep-24,5,125.9,629.5,17,3. Before 4 weeks,Friday,5
RES010637,21-Sep-24,GDS,6.Select,Modified,25-Sep-24,5,162.63,813.15,4,1. Before a week,Wednesday,3
RES011116,21-Sep-24,GDS,6.Select,Modified,2-Oct-24,5,200.65,1003.25,11,2. Before 2 weeks,Wednesday,3
RES011150,21-Sep-24,GDS,3.Premier,Modified,26-Sep-24,5,161.21,806.05,5,1. Before a week,Thursday,4
RES011247,29-Aug-24,App,0.Non-member,Modified,19-Sep-24,5,200.01,1000.05,21,3. Before 4 weeks,Thursday,4
RES011277,29-Sep-24,App,0.Non-member,Modified,1-Oct-24,5,146.92,734.6,2,1. Before a week,Tuesday,2
RES011340,20-Oct-24,Phone,2.Elite,Modified,20-Oct-24,5,112.74,563.7,0,1. Before a week,Sunday,0
RES011356,27-Sep-24,Velora.com,5.Preferred,Modified,1-Oct-24,5,59.34,296.7,4,1. Before a week,Tuesday,2
RES011380,3-Oct-24,App,0.Non-member,Modified,15-Oct-24,5,187.47,937.35,12,2. Before 2 weeks,Tuesday,2
RES011453,21-Sep-24,App,5.Preferred,Modified,21-Sep-24,5,141.73,708.65,0,1. Before a week,Saturday,6
RES011602,20-Aug-24,Connected Wholesaler,0.Non-member,Modified,23-Oct-24,5,134.92,674.6,64,4. More than 4 weeks,Wednesday,3
RES011637,2-Oct-24,At the hotel,0.Non-member,Modified,4-Oct-24,5,156.61,783.05,2,1. Before a week,Friday,5
RES011755,29-Sep-24,Velora.com,2.Elite,Modified,3-Oct-24,5,102.41,512.05,4,1. Before a week,Thursday,4
RES011794,2-Oct-24,GDS,6.Select,Modified,16-Oct-24,5,119.28,596.4,14,2. Before 2 weeks,Wednesday,3
RES011876,16-Sep-24,At the hotel,0.Non-member,Modified,18-Sep-24,5,218.18,1090.9,2,1. Before a week,Wednesday,3
RES011911,19-Oct-24,App,6.Select,Modified,26-Oct-24,5,124.76,623.8,7,1. Before a week,Saturday,6
RES012006,24-Sep-24,Connected Wholesaler,0.Non-member,Modified,4-Oct-24,5,108.42,542.1,10,2. Before 2 weeks,Friday,5
RES012124,9-Sep-24,Velora.com,0.Non-member,Modified,27-Sep-24,5,141.56,707.8,18,3. Before 4 weeks,Friday,5
RES012173,24-Sep-24,Velora.com,4.Essential,Modified,4-Oct-24,5,174.36,871.8,10,2. Before 2 weeks,Friday,5
RES012196,23-Sep-24,Velora.com,2.Elite,Modified,11-Oct-24,5,127.71,638.55,18,3. Before 4 weeks,Friday,5
RES012224,1-Oct-24,App,0.Non-member,Modified,1-Oct-24,5,198.38,991.9,0,1. Before a week,Tuesday,2
RES012284,3-Oct-24,GDS,4.Essential,Modified,14-Oct-24,5,150.6,753,11,2. Before 2 weeks,Monday,1
RES012455,3-Oct-24,At the hotel,0.Non-member,Modified,5-Oct-24,5,162.65,813.25,2,1. Before a week,Saturday,6
RES012634,12-Sep-24,App,4.Essential,Modified,21-Sep-24,5,89.42,447.1,9,2. Before 2 weeks,Saturday,6
RES012683,28-Sep-24,GDS,3.Premier,Modified,31-Oct-24,5,128.74,643.7,33,4. More than 4 weeks,Thursday,4
RES012708,13-Oct-24,At the hotel,3.Premier,Modified,30-Oct-24,5,152.72,763.6,17,3. Before 4 weeks,Wednesday,3
RES012762,6-Sep-24,GDS,5.Preferred,Modified,16-Oct-24,5,190.36,951.8,40,4. More than 4 weeks,Wednesday,3
RES012776,12-Sep-24,Velora.com,1.Iconic,Modified,13-Sep-24,5,125.89,629.45,1,1. Before a week,Friday,5
RES012841,15-Sep-24,Phone,0.Non-member,Modified,28-Sep-24,5,140.95,704.75,13,2. Before 2 weeks,Saturday,6
RES013239,18-Oct-24,At the hotel,5.Preferred,Modified,23-Oct-24,5,162.78,813.9,5,1. Before a week,Wednesday,3
RES013358,18-Sep-24,Connected Wholesaler,0.Non-member,Modified,5-Oct-24,5,85.83,429.15,17,3. Before 4 weeks,Saturday,6
RES013480,30-Sep-24,Velora.com,2.Elite,Modified,6-Oct-24,5,114.09,570.45,6,1. Before a week,Sunday,0
RES013621,8-Oct-24,GDS,6.Select,Modified,10-Oct-24,5,127.81,639.05,2,1. Before a week,Thursday,4
RES013644,11-Oct-24,App,0.Non-member,Modified,19-Oct-24,5,146.39,731.95,8,2. Before 2 weeks,Saturday,6
RES013660,24-Oct-24,App,0.Non-member,Modified,26-Oct-24,5,120.32,601.6,2,1. Before a week,Saturday,6
RES013776,5-Sep-24,Phone,5.Preferred,Modified,6-Sep-24,5,141.82,709.1,1,1. Before a week,Friday,5
RES014136,20-Sep-24,Velora.com,4.Essential,Modified,26-Sep-24,5,207.88,1039.4,6,1. Before a week,Thursday,4
RES014187,30-Jul-24,Velora.com,4.Essential,Modified,3-Oct-24,5,178.56,892.8,65,4. More than 4 weeks,Thursday,4
RES014234,5-Sep-24,At the hotel,6.Select,Modified,19-Sep-24,5,232.35,1161.75,14,2. Before 2 weeks,Thursday,4
RES014291,17-Aug-24,GDS,5.Preferred,Modified,21-Oct-24,5,162.78,813.9,65,4. More than 4 weeks,Monday,1
RES014298,5-Sep-24,Velora.com,4.Essential,Modified,6-Sep-24,5,188.46,942.3,1,1. Before a week,Friday,5
RES014416,10-Sep-24,Phone,5.Preferred,Modified,3-Oct-24,5,171.08,855.4,23,3. Before 4 weeks,Thursday,4
RES014601,11-Sep-24,Connected Wholesaler,0.Non-member,Modified,12-Sep-24,5,91.6,458,1,1. Before a week,Thursday,4
RES014661,27-Jun-24,App,4.Essential,Modified,7-Sep-24,5,126.49,632.45,72,4. More than 4 weeks,Saturday,6
RES014701,14-Sep-24,Velora.com,2.Elite,Modified,4-Oct-24,5,168.03,840.15,20,3. Before 4 weeks,Friday,5
RES009811,21-Jul-24,App,0.Non-member,Cancelled,14-Sep-24,4,186.73,746.92,55,4. More than 4 weeks,Saturday,6
RES009855,13-Sep-24,Velora.com,5.Preferred,Cancelled,2-Oct-24,4,34.25,137,19,3. Before 4 weeks,Wednesday,3
RES009858,18-Sep-24,GDS,0.Non-member,Cancelled,1-Oct-24,5,282.75,1413.75,13,2. Before 2 weeks,Tuesday,2
RES009907,28-Jun-24,Velora.com,5.Preferred,Cancelled,13-Sep-24,4,33.99,135.96,77,4. More than 4 weeks,Friday,5
RES009944,8-Aug-24,GDS,6.Select,Cancelled,10-Sep-24,4,212.03,848.12,33,4. More than 4 weeks,Tuesday,2
RES009996,29-Feb-24,Velora.com,3.Premier,Cancelled,26-Sep-24,4,33.71,134.84,210,4. More than 4 weeks,Thursday,4
RES010048,20-Sep-24,At the hotel,0.Non-member,Cancelled,20-Sep-24,4,180.35,721.4,0,1. Before a week,Friday,5
RES010183,27-Jul-24,GDS,1.Iconic,Cancelled,11-Sep-24,4,138.25,553,46,4. More than 4 weeks,Wednesday,3
RES010221,6-Aug-24,Phone,4.Essential,Cancelled,28-Sep-24,4,235.76,943.04,53,4. More than 4 weeks,Saturday,6
RES010338,7-Aug-24,GDS,6.Select,Cancelled,30-Sep-24,4,384.05,1536.2,54,4. More than 4 weeks,Monday,1
RES010509,3-Aug-24,Velora.com,4.Essential,Cancelled,7-Sep-24,4,161.21,644.84,35,4. More than 4 weeks,Saturday,6
RES010527,5-Aug-24,GDS,3.Premier,Cancelled,6-Sep-24,4,151.8,607.2,32,4. More than 4 weeks,Friday,5
RES010743,2-Aug-24,GDS,5.Preferred,Cancelled,29-Sep-24,4,117.77,471.08,58,4. More than 4 weeks,Sunday,0
RES010830,21-Sep-24,App,0.Non-member,Cancelled,6-Oct-24,4,144.28,577.12,15,3. Before 4 weeks,Sunday,0
RES010835,12-Jun-24,Velora.com,5.Preferred,Cancelled,28-Oct-24,5,214.78,1073.9,138,4. More than 4 weeks,Monday,1
RES010860,17-Oct-24,GDS,0.Non-member,Cancelled,29-Oct-24,4,146.28,585.12,12,2. Before 2 weeks,Tuesday,2
RES010905,8-Aug-24,Phone,0.Non-member,Cancelled,1-Oct-24,5,150.59,752.95,54,4. More than 4 weeks,Tuesday,2
RES010911,23-Sep-24,Phone,4.Essential,Cancelled,17-Oct-24,4,335.12,1340.48,24,3. Before 4 weeks,Thursday,4
RES010953,17-Sep-24,Connected Wholesaler,0.Non-member,Cancelled,4-Oct-24,5,100.6,503,17,3. Before 4 weeks,Friday,5
RES011097,6-Oct-24,Velora.com,2.Elite,Cancelled,15-Oct-24,4,112.65,450.6,9,2. Before 2 weeks,Tuesday,2
RES011141,17-Jul-24,GDS,0.Non-member,Cancelled,30-Sep-24,5,350.89,1754.45,75,4. More than 4 weeks,Monday,1
RES011286,26-Sep-24,GDS,0.Non-member,Cancelled,15-Oct-24,4,187.99,751.96,19,3. Before 4 weeks,Tuesday,2
RES011383,14-Aug-24,GDS,0.Non-member,Cancelled,11-Sep-24,4,156.62,626.48,28,3. Before 4 weeks,Wednesday,3
RES011582,7-Sep-24,Connected Wholesaler,0.Non-member,Cancelled,21-Sep-24,4,114.63,458.52,14,2. Before 2 weeks,Saturday,6
RES011678,14-Aug-24,GDS,0.Non-member,Cancelled,23-Sep-24,4,108.43,433.72,40,4. More than 4 weeks,Monday,1
RES011767,15-Oct-24,At the hotel,0.Non-member,Cancelled,19-Oct-24,4,192.37,769.48,4,1. Before a week,Saturday,6
RES011843,11-Jul-24,GDS,0.Non-member,Cancelled,30-Oct-24,4,134.34,537.36,111,4. More than 4 weeks,Wednesday,3
RES011896,9-Oct-24,At the hotel,0.Non-member,Cancelled,10-Oct-24,5,77.37,386.85,1,1. Before a week,Thursday,4
RES011949,6-Sep-24,Phone,4.Essential,Cancelled,20-Sep-24,5,156.93,784.65,14,2. Before 2 weeks,Friday,5
RES011958,22-Aug-24,Velora.com,3.Premier,Cancelled,10-Oct-24,4,34.25,137,49,4. More than 4 weeks,Thursday,4
RES012127,26-Aug-24,Phone,0.Non-member,Cancelled,13-Sep-24,5,225.45,1127.25,18,3. Before 4 weeks,Friday,5
RES012193,15-Sep-24,GDS,6.Select,Cancelled,24-Sep-24,4,201.48,805.92,9,2. Before 2 weeks,Tuesday,2
RES012265,16-Sep-24,GDS,5.Preferred,Cancelled,28-Sep-24,4,158.77,635.08,12,2. Before 2 weeks,Saturday,6
RES012275,19-Jul-24,GDS,0.Non-member,Cancelled,25-Sep-24,5,162.63,813.15,68,4. More than 4 weeks,Wednesday,3
RES012341,6-Oct-24,App,4.Essential,Cancelled,24-Oct-24,5,195.18,975.9,18,3. Before 4 weeks,Thursday,4
RES012408,13-Jul-24,Velora.com,2.Elite,Cancelled,29-Oct-24,5,397.96,1989.8,108,4. More than 4 weeks,Tuesday,2
RES012425,1-Sep-24,Velora.com,3.Premier,Cancelled,1-Oct-24,5,192.51,962.55,30,4. More than 4 weeks,Tuesday,2
RES012439,9-Oct-24,At the hotel,0.Non-member,Cancelled,16-Oct-24,5,162.78,813.9,7,1. Before a week,Wednesday,3
RES012595,12-Sep-24,Velora.com,5.Preferred,Cancelled,3-Oct-24,4,215.07,860.28,21,3. Before 4 weeks,Thursday,4
RES012605,1-Sep-24,Velora.com,4.Essential,Cancelled,2-Nov-24,4,137.35,549.4,62,4. More than 4 weeks,Saturday,6
RES012677,7-Sep-24,At the hotel,0.Non-member,Cancelled,10-Sep-24,5,70.48,352.4,3,1. Before a week,Tuesday,2
RES012718,21-Sep-24,Velora.com,1.Iconic,Cancelled,5-Oct-24,4,208.84,835.36,14,2. Before 2 weeks,Saturday,6
RES012848,4-Jul-24,Velora.com,5.Preferred,Cancelled,28-Sep-24,4,203.04,812.16,86,4. More than 4 weeks,Saturday,6
RES012997,4-Sep-24,GDS,0.Non-member,Cancelled,10-Sep-24,4,134.54,538.16,6,1. Before a week,Tuesday,2
RES013083,11-Aug-24,App,0.Non-member,Cancelled,16-Oct-24,4,456,1824,66,4. More than 4 weeks,Wednesday,3
RES013136,9-Sep-24,GDS,2.Elite,Cancelled,10-Oct-24,4,190.6,762.4,31,4. More than 4 weeks,Thursday,4
RES013151,10-Oct-24,At the hotel,0.Non-member,Cancelled,12-Oct-24,4,210.84,843.36,2,1. Before a week,Saturday,6
RES013238,21-Sep-24,GDS,6.Select,Cancelled,16-Oct-24,5,159.69,798.45,25,3. Before 4 weeks,Wednesday,3
RES013268,26-Jul-24,GDS,0.Non-member,Cancelled,17-Sep-24,5,258.52,1292.6,53,4. More than 4 weeks,Tuesday,2
RES013289,11-Sep-24,Velora.com,2.Elite,Cancelled,1-Oct-24,4,281.27,1125.08,20,3. Before 4 weeks,Tuesday,2
RES013292,28-Aug-24,GDS,2.Elite,Cancelled,8-Sep-24,4,156.75,627,11,2. Before 2 weeks,Sunday,0
RES013307,7-Oct-24,Velora.com,5.Preferred,Cancelled,17-Oct-24,5,105.47,527.35,10,2. Before 2 weeks,Thursday,4
RES013376,30-Sep-24,Velora.com,6.Select,Cancelled,22-Oct-24,4,230.91,923.64,22,3. Before 4 weeks,Tuesday,2
RES013407,15-Aug-24,GDS,2.Elite,Cancelled,10-Sep-24,4,159.03,636.12,26,3. Before 4 weeks,Tuesday,2
RES013473,29-Aug-24,GDS,6.Select,Cancelled,16-Sep-24,4,159.69,638.76,18,3. Before 4 weeks,Monday,1
RES013486,10-Sep-24,Velora.com,2.Elite,Cancelled,10-Sep-24,4,206.35,825.4,0,1. Before a week,Tuesday,2
RES013493,11-Oct-24,App,4.Essential,Cancelled,1-Nov-24,4,146.99,587.96,21,3. Before 4 weeks,Friday,5
RES013762,1-Sep-24,App,0.Non-member,Cancelled,15-Sep-24,4,388.52,1554.08,14,2. Before 2 weeks,Sunday,0
RES013775,13-Sep-24,GDS,0.Non-member,Cancelled,22-Sep-24,4,134.97,539.88,9,2. Before 2 weeks,Sunday,0
RES013823,9-Oct-24,GDS,0.Non-member,Cancelled,16-Oct-24,4,126.5,506,7,1. Before a week,Wednesday,3
RES013855,20-Oct-24,GDS,0.Non-member,Cancelled,1-Nov-24,4,106.02,424.08,12,2. Before 2 weeks,Friday,5
RES013860,4-Sep-24,GDS,4.Essential,Cancelled,25-Sep-24,4,192.75,771,21,3. Before 4 weeks,Wednesday,3
RES013946,10-Sep-24,GDS,4.Essential,Cancelled,12-Sep-24,4,115.66,462.64,2,1. Before a week,Thursday,4
RES013971,8-Aug-24,Velora.com,2.Elite,Cancelled,12-Sep-24,4,222.43,889.72,35,4. More than 4 weeks,Thursday,4
RES013972,3-Aug-24,GDS,0.Non-member,Cancelled,30-Sep-24,5,145.77,728.85,58,4. More than 4 weeks,Monday,1
RES014008,12-Jun-24,Velora.com,2.Elite,Cancelled,27-Sep-24,4,130.72,522.88,107,4. More than 4 weeks,Friday,5
RES014044,8-Oct-24,Velora.com,4.Essential,Cancelled,29-Oct-24,4,220.86,883.44,21,3. Before 4 weeks,Tuesday,2
RES014050,27-Sep-24,Velora.com,4.Essential,Cancelled,1-Oct-24,4,130.66,522.64,4,1. Before a week,Tuesday,2
RES014077,17-Aug-24,Velora.com,2.Elite,Cancelled,3-Oct-24,4,33.78,135.12,47,4. More than 4 weeks,Thursday,4
RES014183,13-Oct-24,Velora.com,5.Preferred,Cancelled,30-Oct-24,5,295.12,1475.6,17,3. Before 4 weeks,Wednesday,3
RES014325,24-Aug-24,Velora.com,5.Preferred,Cancelled,12-Sep-24,4,171.2,684.8,19,3. Before 4 weeks,Thursday,4
RES014370,10-Sep-24,Velora.com,4.Essential,Cancelled,16-Sep-24,5,172.24,861.2,6,1. Before a week,Monday,1
RES014380,8-Aug-24,App,0.Non-member,Cancelled,26-Sep-24,5,172.11,860.55,49,4. More than 4 weeks,Thursday,4
RES014414,20-Oct-24,Phone,4.Essential,Cancelled,30-Oct-24,4,208.88,835.52,10,2. Before 2 weeks,Wednesday,3
RES014419,9-Oct-24,Velora.com,5.Preferred,Cancelled,14-Oct-24,4,159.38,637.52,5,1. Before a week,Monday,1
RES014492,15-Aug-24,Velora.com,2.Elite,Cancelled,23-Sep-24,4,150.6,602.4,39,4. More than 4 weeks,Monday,1
RES014495,20-Sep-24,At the hotel,0.Non-member,Cancelled,25-Sep-24,5,232.05,1160.25,5,1. Before a week,Wednesday,3
RES009813,2-Oct-24,Velora.com,3.Premier,Cancelled,30-Oct-24,3,203.47,610.41,28,3. Before 4 weeks,Wednesday,3
RES009898,8-Oct-24,Velora.com,1.Iconic,Cancelled,15-Oct-24,3,133.23,399.69,7,1. Before a week,Tuesday,2
RES009937,13-Aug-24,GDS,4.Essential,Cancelled,22-Sep-24,3,192.37,577.11,40,4. More than 4 weeks,Sunday,0
RES010043,22-Sep-24,Velora.com,6.Select,Cancelled,28-Sep-24,3,148.48,445.44,6,1. Before a week,Saturday,6
RES010088,20-Sep-24,Velora.com,6.Select,Cancelled,24-Sep-24,3,194.41,583.23,4,1. Before a week,Tuesday,2
RES010134,31-Aug-24,Velora.com,3.Premier,Cancelled,9-Sep-24,3,212.24,636.72,9,2. Before 2 weeks,Monday,1
RES010283,3-Sep-24,Velora.com,3.Premier,Cancelled,9-Sep-24,3,33.78,101.34,6,1. Before a week,Monday,1
RES010285,19-Sep-24,Phone,4.Essential,Cancelled,13-Oct-24,3,196.79,590.37,24,3. Before 4 weeks,Sunday,0
RES010295,29-Sep-24,GDS,3.Premier,Cancelled,24-Oct-24,3,134.34,403.02,25,3. Before 4 weeks,Thursday,4
RES010355,18-Oct-24,Velora.com,6.Select,Cancelled,18-Oct-24,3,137.35,412.05,0,1. Before a week,Friday,5
RES010392,27-Sep-24,Velora.com,3.Premier,Cancelled,23-Oct-24,3,160.23,480.69,26,3. Before 4 weeks,Wednesday,3
RES010405,3-Sep-24,Velora.com,5.Preferred,Cancelled,12-Oct-24,3,66.67,200.01,39,4. More than 4 weeks,Saturday,6
RES010412,16-Oct-24,Phone,4.Essential,Cancelled,30-Oct-24,3,264.11,792.33,14,2. Before 2 weeks,Wednesday,3
RES010468,15-May-24,Velora.com,5.Preferred,Cancelled,28-Sep-24,3,206.94,620.82,136,4. More than 4 weeks,Saturday,6
RES010471,20-Sep-24,GDS,3.Premier,Cancelled,23-Oct-24,3,206.73,620.19,33,4. More than 4 weeks,Wednesday,3
RES010540,26-Jun-24,Velora.com,5.Preferred,Cancelled,14-Oct-24,3,198.53,595.59,110,4. More than 4 weeks,Monday,1
RES010544,22-Sep-24,GDS,2.Elite,Cancelled,17-Oct-24,3,192.77,578.31,25,3. Before 4 weeks,Thursday,4
RES010594,30-Aug-24,GDS,6.Select,Cancelled,12-Oct-24,3,181.91,545.73,43,4. More than 4 weeks,Saturday,6
RES010636,25-Aug-24,App,4.Essential,Cancelled,18-Oct-24,3,166.06,498.18,54,4. More than 4 weeks,Friday,5
RES010736,5-Sep-24,Velora.com,3.Premier,Cancelled,22-Sep-24,3,154.8,464.4,17,3. Before 4 weeks,Sunday,0
RES010796,24-Aug-24,Velora.com,2.Elite,Cancelled,4-Oct-24,3,226.39,679.17,41,4. More than 4 weeks,Friday,5
RES010841,19-Oct-24,GDS,3.Premier,Cancelled,28-Oct-24,3,145.48,436.44,9,2. Before 2 weeks,Monday,1
RES010864,2-Aug-24,GDS,6.Select,Cancelled,10-Sep-24,3,173.49,520.47,39,4. More than 4 weeks,Tuesday,2
RES010868,1-Sep-24,GDS,6.Select,Cancelled,16-Oct-24,3,173.13,519.39,45,4. More than 4 weeks,Wednesday,3
RES010893,5-Oct-24,GDS,6.Select,Cancelled,7-Oct-24,3,141.82,425.46,2,1. Before a week,Monday,1
RES010915,30-Aug-24,GDS,3.Premier,Cancelled,13-Sep-24,3,134.34,403.02,14,2. Before 2 weeks,Friday,5
RES010992,26-Oct-24,Phone,3.Premier,Cancelled,29-Oct-24,3,181.13,543.39,3,1. Before a week,Tuesday,2
RES011005,12-Sep-24,Phone,5.Preferred,Cancelled,26-Sep-24,3,159.17,477.51,14,2. Before 2 weeks,Thursday,4
RES011029,3-Sep-24,GDS,4.Essential,Cancelled,16-Sep-24,3,192.75,578.25,13,2. Before 2 weeks,Monday,1
RES011042,10-Jul-24,Velora.com,2.Elite,Cancelled,17-Sep-24,3,312.86,938.58,69,4. More than 4 weeks,Tuesday,2
RES011130,15-Oct-24,Velora.com,2.Elite,Cancelled,28-Oct-24,3,161.58,484.74,13,2. Before 2 weeks,Monday,1
RES011199,4-Aug-24,GDS,1.Iconic,Cancelled,24-Sep-24,3,200.65,601.95,51,4. More than 4 weeks,Tuesday,2
RES011201,6-Sep-24,GDS,6.Select,Cancelled,22-Oct-24,3,160.24,480.72,46,4. More than 4 weeks,Tuesday,2
RES011212,10-Aug-24,App,5.Preferred,Cancelled,21-Sep-24,3,179.42,538.26,42,4. More than 4 weeks,Saturday,6
RES011236,29-Aug-24,Velora.com,2.Elite,Cancelled,22-Sep-24,3,117.02,351.06,24,3. Before 4 weeks,Sunday,0
RES011288,14-Sep-24,Velora.com,3.Premier,Cancelled,27-Sep-24,3,156.75,470.25,13,2. Before 2 weeks,Friday,5
RES011301,9-Aug-24,App,5.Preferred,Cancelled,20-Sep-24,3,162.78,488.34,42,4. More than 4 weeks,Friday,5
RES011313,25-Jun-24,GDS,3.Premier,Cancelled,6-Sep-24,3,227.1,681.3,73,4. More than 4 weeks,Friday,5
RES011348,14-Aug-24,GDS,2.Elite,Cancelled,22-Sep-24,3,175.08,525.24,39,4. More than 4 weeks,Sunday,0
RES011350,9-Sep-24,Velora.com,5.Preferred,Cancelled,30-Oct-24,3,198.67,596.01,51,4. More than 4 weeks,Wednesday,3
RES011359,20-Oct-23,Velora.com,3.Premier,Cancelled,26-Sep-24,3,184.19,552.57,342,4. More than 4 weeks,Thursday,4
RES011389,19-Oct-24,Velora.com,4.Essential,Cancelled,24-Oct-24,3,141.68,425.04,5,1. Before a week,Thursday,4
RES011394,21-Sep-24,Velora.com,5.Preferred,Cancelled,27-Sep-24,3,122.99,368.97,6,1. Before a week,Friday,5
RES011396,18-Aug-24,App,4.Essential,Cancelled,13-Sep-24,3,243.05,729.15,26,3. Before 4 weeks,Friday,5
RES011431,14-Sep-24,Velora.com,3.Premier,Cancelled,23-Sep-24,3,129.88,389.64,9,2. Before 2 weeks,Monday,1
RES011466,10-Sep-24,GDS,6.Select,Cancelled,18-Sep-24,3,112.05,336.15,8,2. Before 2 weeks,Wednesday,3
RES011495,14-Aug-24,Velora.com,4.Essential,Cancelled,10-Sep-24,3,339.45,1018.35,27,3. Before 4 weeks,Tuesday,2
RES011512,25-Sep-24,GDS,4.Essential,Cancelled,1-Oct-24,3,122.13,366.39,6,1. Before a week,Tuesday,2
RES011522,6-Sep-24,Velora.com,3.Premier,Cancelled,9-Sep-24,3,110.48,331.44,3,1. Before a week,Monday,1
RES011624,20-Oct-24,Velora.com,3.Premier,Cancelled,26-Oct-24,3,127.74,383.22,6,1. Before a week,Saturday,6
RES011625,8-Oct-24,Phone,4.Essential,Cancelled,28-Oct-24,3,192.51,577.53,20,3. Before 4 weeks,Monday,1
RES011648,7-Jul-24,GDS,3.Premier,Cancelled,2-Oct-24,3,306.24,918.72,87,4. More than 4 weeks,Wednesday,3
RES011656,19-Oct-24,At the hotel,3.Premier,Cancelled,21-Oct-24,3,153.88,461.64,2,1. Before a week,Monday,1
RES011732,15-Oct-24,Velora.com,6.Select,Cancelled,1-Nov-24,3,148.78,446.34,17,3. Before 4 weeks,Friday,5
RES011756,4-Sep-24,GDS,1.Iconic,Cancelled,9-Sep-24,3,168.81,506.43,5,1. Before a week,Monday,1
RES011950,8-Sep-24,Velora.com,5.Preferred,Cancelled,14-Sep-24,3,116.87,350.61,6,1. Before a week,Saturday,6
RES011957,10-Oct-24,App,4.Essential,Cancelled,3-Nov-24,3,330.63,991.89,24,3. Before 4 weeks,Sunday,0
RES011983,3-Oct-24,GDS,5.Preferred,Cancelled,28-Oct-24,3,206.79,620.37,25,3. Before 4 weeks,Monday,1
RES012012,2-Sep-24,Velora.com,5.Preferred,Cancelled,30-Sep-24,3,209.06,627.18,28,3. Before 4 weeks,Monday,1
RES012031,20-Sep-24,GDS,5.Preferred,Cancelled,1-Oct-24,3,174.08,522.24,11,2. Before 2 weeks,Tuesday,2
RES012057,10-Apr-24,At the hotel,1.Iconic,Cancelled,27-Sep-24,3,118.79,356.37,170,4. More than 4 weeks,Friday,5
RES012111,16-Oct-24,At the hotel,4.Essential,Cancelled,27-Oct-24,3,178.46,535.38,11,2. Before 2 weeks,Sunday,0
RES012186,7-Aug-24,Velora.com,5.Preferred,Cancelled,10-Sep-24,3,164.11,492.33,34,4. More than 4 weeks,Tuesday,2
RES012220,2-Sep-24,Velora.com,4.Essential,Cancelled,12-Sep-24,3,149.39,448.17,10,2. Before 2 weeks,Thursday,4
RES012226,2-Oct-24,Phone,5.Preferred,Cancelled,15-Oct-24,3,125.67,377.01,13,2. Before 2 weeks,Tuesday,2
RES012310,25-Aug-24,GDS,3.Premier,Cancelled,11-Sep-24,3,216.85,650.55,17,3. Before 4 weeks,Wednesday,3
RES012338,15-Jun-24,Velora.com,4.Essential,Cancelled,27-Sep-24,3,232.05,696.15,104,4. More than 4 weeks,Friday,5
RES012448,11-Sep-24,Velora.com,6.Select,Cancelled,8-Oct-24,3,223.87,671.61,27,3. Before 4 weeks,Tuesday,2
RES012529,30-Jul-24,Velora.com,2.Elite,Cancelled,20-Oct-24,3,177.09,531.27,82,4. More than 4 weeks,Sunday,0
RES012600,14-Sep-24,Velora.com,4.Essential,Cancelled,3-Oct-24,3,182.99,548.97,19,3. Before 4 weeks,Thursday,4
RES012603,30-Sep-24,Velora.com,4.Essential,Cancelled,4-Oct-24,3,125.89,377.67,4,1. Before a week,Friday,5
RES012607,1-Jul-24,GDS,4.Essential,Cancelled,29-Sep-24,3,168.67,506.01,90,4. More than 4 weeks,Sunday,0
RES012611,18-Jul-24,GDS,3.Premier,Cancelled,2-Oct-24,3,150.73,452.19,76,4. More than 4 weeks,Wednesday,3
RES012722,31-Aug-24,GDS,5.Preferred,Cancelled,17-Sep-24,3,180,540,17,3. Before 4 weeks,Tuesday,2
RES012824,3-Oct-24,Velora.com,4.Essential,Cancelled,12-Oct-24,3,126.66,379.98,9,2. Before 2 weeks,Saturday,6
RES012825,31-Jul-24,Velora.com,2.Elite,Cancelled,13-Oct-24,3,183.2,549.6,74,4. More than 4 weeks,Sunday,0
RES012886,12-Aug-24,Velora.com,2.Elite,Cancelled,16-Sep-24,3,148.89,446.67,35,4. More than 4 weeks,Monday,1
RES012887,11-Jul-24,Velora.com,3.Premier,Cancelled,4-Oct-24,3,140.06,420.18,85,4. More than 4 weeks,Friday,5
RES012921,17-Oct-24,Velora.com,3.Premier,Cancelled,21-Oct-24,3,198.96,596.88,4,1. Before a week,Monday,1
RES012952,22-Oct-24,Velora.com,4.Essential,Cancelled,24-Oct-24,3,158.01,474.03,2,1. Before a week,Thursday,4
RES013009,15-Sep-24,App,4.Essential,Cancelled,16-Sep-24,3,192.37,577.11,1,1. Before a week,Monday,1
RES013046,4-Sep-24,GDS,2.Elite,Cancelled,17-Sep-24,3,150.59,451.77,13,2. Before 2 weeks,Tuesday,2
RES013056,9-Aug-24,GDS,5.Preferred,Cancelled,22-Sep-24,3,105.42,316.26,44,4. More than 4 weeks,Sunday,0
RES013117,22-Sep-24,Velora.com,1.Iconic,Cancelled,2-Oct-24,3,156.3,468.9,10,2. Before 2 weeks,Wednesday,3
RES013124,10-Sep-24,Velora.com,2.Elite,Cancelled,3-Oct-24,3,190.06,570.18,23,3. Before 4 weeks,Thursday,4
RES013161,29-Oct-24,Velora.com,3.Premier,Cancelled,1-Nov-24,3,80.96,242.88,3,1. Before a week,Friday,5
RES013181,10-Jun-24,Velora.com,4.Essential,Cancelled,18-Sep-24,3,201.68,605.04,100,4. More than 4 weeks,Wednesday,3
RES013309,6-Oct-24,GDS,3.Premier,Cancelled,22-Oct-24,3,133.23,399.69,16,3. Before 4 weeks,Tuesday,2
RES013363,23-Feb-24,Velora.com,5.Preferred,Cancelled,18-Sep-24,3,202.41,607.23,208,4. More than 4 weeks,Wednesday,3
RES013429,13-Oct-24,Phone,5.Preferred,Cancelled,19-Oct-24,3,149.68,449.04,6,1. Before a week,Saturday,6
RES013463,15-Jun-24,Velora.com,5.Preferred,Cancelled,6-Sep-24,3,165.95,497.85,83,4. More than 4 weeks,Friday,5
RES013515,23-Aug-24,GDS,2.Elite,Cancelled,1-Nov-24,3,183.11,549.33,70,4. More than 4 weeks,Friday,5
RES013524,9-Jul-24,Velora.com,5.Preferred,Cancelled,17-Sep-24,3,161.21,483.63,70,4. More than 4 weeks,Tuesday,2
RES013638,12-Sep-24,Phone,6.Select,Cancelled,7-Oct-24,3,168.81,506.43,25,3. Before 4 weeks,Monday,1
RES013701,14-Jul-24,Velora.com,2.Elite,Cancelled,13-Oct-24,3,148.49,445.47,91,4. More than 4 weeks,Sunday,0
RES013708,20-Sep-24,Velora.com,6.Select,Cancelled,7-Oct-24,3,212.09,636.27,17,3. Before 4 weeks,Monday,1
RES013794,5-Jun-24,Velora.com,5.Preferred,Cancelled,21-Sep-24,3,34.25,102.75,108,4. More than 4 weeks,Saturday,6
RES013807,23-Jul-24,Velora.com,3.Premier,Cancelled,13-Sep-24,3,257.74,773.22,52,4. More than 4 weeks,Friday,5
RES013917,26-Aug-24,GDS,2.Elite,Cancelled,4-Sep-24,3,144.28,432.84,9,2. Before 2 weeks,Wednesday,3
RES013921,4-Aug-24,GDS,5.Preferred,Cancelled,15-Oct-24,3,312.47,937.41,72,4. More than 4 weeks,Tuesday,2
RES013935,29-Aug-24,GDS,5.Preferred,Cancelled,21-Sep-24,3,200.16,600.48,23,3. Before 4 weeks,Saturday,6
RES013960,5-Sep-24,Velora.com,2.Elite,Cancelled,18-Oct-24,3,165.95,497.85,43,4. More than 4 weeks,Friday,5
RES014093,18-Sep-24,GDS,4.Essential,Cancelled,22-Sep-24,3,114.43,343.29,4,1. Before a week,Sunday,0
RES014102,5-Sep-24,Velora.com,4.Essential,Cancelled,9-Sep-24,3,193.45,580.35,4,1. Before a week,Monday,1
RES014140,25-Aug-24,GDS,2.Elite,Cancelled,30-Sep-24,3,219.26,657.78,36,4. More than 4 weeks,Monday,1
RES014160,29-Sep-24,Velora.com,6.Select,Cancelled,6-Oct-24,3,103.13,309.39,7,1. Before a week,Sunday,0
RES014161,17-Sep-24,Velora.com,3.Premier,Cancelled,28-Sep-24,3,114.46,343.38,11,2. Before 2 weeks,Saturday,6
RES014203,19-Sep-24,Phone,2.Elite,Cancelled,3-Oct-24,3,240.47,721.41,14,2. Before 2 weeks,Thursday,4
RES014251,22-Oct-24,GDS,1.Iconic,Cancelled,30-Oct-24,3,117.77,353.31,8,2. Before 2 weeks,Wednesday,3
RES014345,20-Jul-24,GDS,2.Elite,Cancelled,19-Sep-24,3,354.94,1064.82,61,4. More than 4 weeks,Thursday,4
RES014394,9-Aug-24,GDS,5.Preferred,Cancelled,15-Sep-24,3,117.77,353.31,37,4. More than 4 weeks,Sunday,0
RES014406,4-Sep-24,Velora.com,5.Preferred,Cancelled,2-Nov-24,3,139.03,417.09,59,4. More than 4 weeks,Saturday,6
RES014484,21-Aug-24,GDS,5.Preferred,Cancelled,22-Sep-24,3,165.92,497.76,32,4. More than 4 weeks,Sunday,0
RES014513,7-Sep-24,GDS,5.Preferred,Cancelled,8-Sep-24,3,120.48,361.44,1,1. Before a week,Sunday,0
RES014553,2-Aug-24,GDS,3.Premier,Cancelled,4-Oct-24,3,132.77,398.31,63,4. More than 4 weeks,Friday,5
RES014606,4-Sep-24,GDS,3.Premier,Cancelled,14-Oct-24,3,177.94,533.82,40,4. More than 4 weeks,Monday,1
RES014684,24-Apr-24,At the hotel,1.Iconic,Cancelled,11-Oct-24,3,118.79,356.37,170,4. More than 4 weeks,Friday,5
RES014690,22-Aug-24,GDS,4.Essential,Cancelled,3-Sep-24,3,192.75,578.25,12,2. Before 2 weeks,Tuesday,2
RES009903,23-Aug-24,Phone,0.Non-member,Cancelled,18-Sep-24,3,150.73,452.19,26,3. Before 4 weeks,Wednesday,3
RES009905,21-Oct-24,At the hotel,0.Non-member,Cancelled,25-Oct-24,3,149.4,448.2,4,1. Before a week,Friday,5
RES009928,17-Sep-24,GDS,0.Non-member,Cancelled,24-Sep-24,3,132.52,397.56,7,1. Before a week,Tuesday,2
RES010154,30-Aug-24,App,0.Non-member,Cancelled,15-Sep-24,3,127.27,381.81,16,3. Before 4 weeks,Sunday,0
RES010263,17-Oct-24,At the hotel,0.Non-member,Cancelled,18-Oct-24,3,70.48,211.44,1,1. Before a week,Friday,5
RES010275,14-Sep-24,GDS,0.Non-member,Cancelled,7-Oct-24,3,206.02,618.06,23,3. Before 4 weeks,Monday,1
RES010300,12-Oct-24,At the hotel,0.Non-member,Cancelled,15-Oct-24,3,132.53,397.59,3,1. Before a week,Tuesday,2
RES010303,6-Sep-24,At the hotel,0.Non-member,Cancelled,7-Sep-24,3,70.91,212.73,1,1. Before a week,Saturday,6
RES010309,11-Sep-24,Connected Wholesaler,0.Non-member,Cancelled,21-Sep-24,3,170.54,511.62,10,2. Before 2 weeks,Saturday,6
RES010655,6-Sep-24,Connected Wholesaler,0.Non-member,Cancelled,27-Sep-24,3,144.18,432.54,21,3. Before 4 weeks,Friday,5
RES010745,31-Aug-24,Connected Wholesaler,0.Non-member,Cancelled,10-Sep-24,3,155.72,467.16,10,2. Before 2 weeks,Tuesday,2
RES010771,23-Sep-24,GDS,0.Non-member,Cancelled,23-Sep-24,3,126.5,379.5,0,1. Before a week,Monday,1
RES010817,6-Aug-24,App,0.Non-member,Cancelled,13-Sep-24,3,219.83,659.49,38,4. More than 4 weeks,Friday,5
RES010827,3-Sep-24,Connected Wholesaler,0.Non-member,Cancelled,12-Sep-24,3,206.09,618.27,9,2. Before 2 weeks,Thursday,4
RES010914,7-Sep-24,GDS,0.Non-member,Cancelled,20-Sep-24,3,131.13,393.39,13,2. Before 2 weeks,Friday,5
RES010941,29-Jun-24,GDS,0.Non-member,Cancelled,8-Oct-24,3,210.56,631.68,101,4. More than 4 weeks,Tuesday,2
RES011136,19-Sep-24,GDS,0.Non-member,Cancelled,29-Oct-24,3,198.67,596.01,40,4. More than 4 weeks,Tuesday,2
RES011166,9-Aug-24,App,0.Non-member,Cancelled,5-Sep-24,3,210.4,631.2,27,3. Before 4 weeks,Thursday,4
RES011171,17-Sep-24,Connected Wholesaler,0.Non-member,Cancelled,21-Sep-24,3,113.63,340.89,4,1. Before a week,Saturday,6
RES011230,20-Sep-24,GDS,0.Non-member,Cancelled,3-Oct-24,3,229.1,687.3,13,2. Before 2 weeks,Thursday,4
RES011303,26-Aug-24,App,0.Non-member,Cancelled,8-Sep-24,3,138.55,415.65,13,2. Before 2 weeks,Sunday,0
RES011307,2-Sep-24,App,0.Non-member,Cancelled,26-Sep-24,3,225.37,676.11,24,3. Before 4 weeks,Thursday,4
RES011321,30-Sep-24,At the hotel,0.Non-member,Cancelled,17-Oct-24,3,310.3,930.9,17,3. Before 4 weeks,Thursday,4
RES011386,26-Oct-24,App,0.Non-member,Cancelled,27-Oct-24,3,174.33,522.99,1,1. Before a week,Sunday,0
RES011484,7-Sep-24,At the hotel,0.Non-member,Cancelled,9-Sep-24,3,228.61,685.83,2,1. Before a week,Monday,1
RES011540,6-Mar-24,App,0.Non-member,Cancelled,6-Oct-24,3,120.23,360.69,214,4. More than 4 weeks,Sunday,0
RES011645,3-Oct-24,At the hotel,0.Non-member,Cancelled,9-Oct-24,3,70.48,211.44,6,1. Before a week,Wednesday,3
RES011660,22-Jul-24,App,0.Non-member,Cancelled,18-Oct-24,3,228.38,685.14,88,4. More than 4 weeks,Friday,5
RES011825,16-Sep-24,App,0.Non-member,Cancelled,21-Sep-24,3,256.47,769.41,5,1. Before a week,Saturday,6
RES011946,8-Sep-24,At the hotel,0.Non-member,Cancelled,27-Sep-24,3,62.64,187.92,19,3. Before 4 weeks,Friday,5
RES011978,23-Oct-24,Connected Wholesaler,0.Non-member,Cancelled,25-Oct-24,3,108.21,324.63,2,1. Before a week,Friday,5
RES012141,6-Oct-24,At the hotel,0.Non-member,Cancelled,29-Oct-24,3,70.47,211.41,23,3. Before 4 weeks,Tuesday,2
RES012178,8-Jul-24,GDS,0.Non-member,Cancelled,18-Oct-24,3,108.29,324.87,102,4. More than 4 weeks,Friday,5
RES012458,6-Sep-24,Phone,0.Non-member,Cancelled,29-Sep-24,3,161.21,483.63,23,3. Before 4 weeks,Sunday,0
RES012542,16-Jul-24,Velora.com,0.Non-member,Cancelled,19-Sep-24,3,106.06,318.18,65,4. More than 4 weeks,Thursday,4
RES012636,29-Sep-24,At the hotel,0.Non-member,Cancelled,30-Sep-24,3,63.3,189.9,1,1. Before a week,Monday,1
RES012681,5-Sep-24,App,0.Non-member,Cancelled,20-Sep-24,3,199.32,597.96,15,3. Before 4 weeks,Friday,5
RES012746,8-Sep-24,At the hotel,0.Non-member,Cancelled,15-Sep-24,3,70.91,212.73,7,1. Before a week,Sunday,0
RES012929,13-Sep-24,Connected Wholesaler,0.Non-member,Cancelled,9-Oct-24,3,148.69,446.07,26,3. Before 4 weeks,Wednesday,3
RES012932,4-Sep-24,GDS,0.Non-member,Cancelled,14-Oct-24,3,222.43,667.29,40,4. More than 4 weeks,Monday,1
RES012941,4-Sep-24,Connected Wholesaler,0.Non-member,Cancelled,18-Sep-24,3,114.31,342.93,14,2. Before 2 weeks,Wednesday,3
RES013125,10-Oct-24,GDS,0.Non-member,Cancelled,29-Oct-24,3,134.34,403.02,19,3. Before 4 weeks,Tuesday,2
RES013142,24-Oct-24,At the hotel,0.Non-member,Cancelled,25-Oct-24,3,70.54,211.62,1,1. Before a week,Friday,5
RES013194,17-Jul-24,Phone,0.Non-member,Cancelled,18-Sep-24,3,156.62,469.86,63,4. More than 4 weeks,Wednesday,3
RES013319,9-Oct-24,At the hotel,0.Non-member,Cancelled,17-Oct-24,3,0,0,8,2. Before 2 weeks,Thursday,4
RES013322,2-Sep-24,GDS,0.Non-member,Cancelled,18-Sep-24,3,134.95,404.85,16,3. Before 4 weeks,Wednesday,3
RES013379,23-Sep-24,Phone,0.Non-member,Cancelled,28-Sep-24,3,165.04,495.12,5,1. Before a week,Saturday,6
RES013384,18-Sep-24,GDS,0.Non-member,Cancelled,26-Sep-24,3,108.18,324.54,8,2. Before 2 weeks,Thursday,4
RES013412,8-Sep-24,At the hotel,0.Non-member,Cancelled,6-Oct-24,3,62.65,187.95,28,3. Before 4 weeks,Sunday,0
RES013433,28-Sep-24,Velora.com,0.Non-member,Cancelled,6-Oct-24,3,144.58,433.74,8,2. Before 2 weeks,Sunday,0
RES013475,15-Jul-24,GDS,0.Non-member,Cancelled,9-Sep-24,3,211.38,634.14,56,4. More than 4 weeks,Monday,1
RES013596,26-Sep-24,At the hotel,0.Non-member,Cancelled,26-Oct-24,3,0,0,30,4. More than 4 weeks,Saturday,6
RES013668,9-Oct-24,App,0.Non-member,Cancelled,25-Oct-24,3,156.75,470.25,16,3. Before 4 weeks,Friday,5
RES013736,7-Sep-24,App,0.Non-member,Cancelled,14-Oct-24,3,162.65,487.95,37,4. More than 4 weeks,Monday,1
RES013746,10-Oct-24,App,0.Non-member,Cancelled,19-Oct-24,3,186.74,560.22,9,2. Before 2 weeks,Saturday,6
RES013765,21-Sep-24,Phone,0.Non-member,Cancelled,14-Oct-24,3,161.21,483.63,23,3. Before 4 weeks,Monday,1
RES013908,1-Sep-24,At the hotel,0.Non-member,Cancelled,19-Sep-24,3,198.53,595.59,18,3. Before 4 weeks,Thursday,4
RES013933,17-Oct-24,GDS,0.Non-member,Cancelled,28-Oct-24,3,158.71,476.13,11,2. Before 2 weeks,Monday,1
RES014015,25-Sep-24,GDS,0.Non-member,Cancelled,2-Oct-24,3,135.7,407.1,7,1. Before a week,Wednesday,3
RES014163,12-Sep-24,Connected Wholesaler,0.Non-member,Cancelled,16-Oct-24,3,154.92,464.76,34,4. More than 4 weeks,Wednesday,3
RES014164,5-Sep-24,At the hotel,0.Non-member,Cancelled,6-Sep-24,3,105.51,316.53,1,1. Before a week,Friday,5
RES014316,15-Sep-24,GDS,0.Non-member,Cancelled,25-Oct-24,3,135.42,406.26,40,4. More than 4 weeks,Friday,5
RES014417,14-Jun-24,App,0.Non-member,Cancelled,4-Oct-24,3,317.45,952.35,112,4. More than 4 weeks,Friday,5
RES014458,10-Sep-24,GDS,0.Non-member,Cancelled,16-Sep-24,3,126.5,379.5,6,1. Before a week,Monday,1
RES014519,17-Oct-24,GDS,0.Non-member,Cancelled,24-Oct-24,3,132.53,397.59,7,1. Before a week,Thursday,4
RES014579,10-Aug-24,App,0.Non-member,Cancelled,1-Oct-24,3,141.98,425.94,52,4. More than 4 weeks,Tuesday,2
RES014596,18-Oct-24,App,0.Non-member,Cancelled,23-Oct-24,3,140.96,422.88,5,1. Before a week,Wednesday,3
RES014644,13-Sep-24,Velora.com,0.Non-member,Cancelled,19-Sep-24,3,168.66,505.98,6,1. Before a week,Thursday,4
RES009746,8-Oct-24,At the hotel,3.Premier,Cancelled,17-Oct-24,2,192.37,384.74,9,2. Before 2 weeks,Thursday,4
RES009835,7-Feb-24,At the hotel,1.Iconic,Cancelled,26-Oct-24,2,119.69,239.38,262,4. More than 4 weeks,Saturday,6
RES009993,15-Sep-24,App,4.Essential,Cancelled,18-Oct-24,2,192.77,385.54,33,4. More than 4 weeks,Friday,5
RES009999,18-Sep-24,App,4.Essential,Cancelled,21-Sep-24,2,164.91,329.82,3,1. Before a week,Saturday,6
RES010010,10-May-24,At the hotel,1.Iconic,Cancelled,25-Oct-24,2,102.41,204.82,168,4. More than 4 weeks,Friday,5
RES010025,2-Oct-24,Phone,4.Essential,Cancelled,11-Oct-24,2,122.07,244.14,9,2. Before 2 weeks,Friday,5
RES010038,21-Aug-24,At the hotel,1.Iconic,Cancelled,10-Sep-24,2,182.89,365.78,20,3. Before 4 weeks,Tuesday,2
RES010069,14-Aug-24,Phone,5.Preferred,Cancelled,9-Sep-24,2,146.08,292.16,26,3. Before 4 weeks,Monday,1
RES010267,15-Sep-24,Phone,3.Premier,Cancelled,1-Oct-24,2,274.79,549.58,16,3. Before 4 weeks,Tuesday,2
RES010447,15-Oct-24,Phone,5.Preferred,Cancelled,31-Oct-24,2,201.88,403.76,16,3. Before 4 weeks,Thursday,4
RES010521,7-Aug-24,At the hotel,5.Preferred,Cancelled,11-Sep-24,2,150.59,301.18,35,4. More than 4 weeks,Wednesday,3
RES010762,11-Sep-24,Phone,4.Essential,Cancelled,16-Sep-24,2,212.09,424.18,5,1. Before a week,Monday,1
RES010763,15-Oct-24,App,4.Essential,Cancelled,18-Oct-24,2,218.18,436.36,3,1. Before a week,Friday,5
RES010798,12-Oct-24,App,4.Essential,Cancelled,19-Oct-24,2,120.48,240.96,7,1. Before a week,Saturday,6
RES010803,9-May-24,At the hotel,1.Iconic,Cancelled,3-Sep-24,2,133.33,266.66,117,4. More than 4 weeks,Tuesday,2
RES010920,23-Sep-24,At the hotel,3.Premier,Cancelled,30-Sep-24,2,157.57,315.14,7,1. Before a week,Monday,1
RES010937,8-Aug-24,App,4.Essential,Cancelled,6-Sep-24,2,178.72,357.44,29,4. More than 4 weeks,Friday,5
RES010976,12-Sep-24,At the hotel,2.Elite,Cancelled,15-Sep-24,2,144.83,289.66,3,1. Before a week,Sunday,0
RES010988,18-Sep-24,Phone,2.Elite,Cancelled,2-Oct-24,2,264.11,528.22,14,2. Before 2 weeks,Wednesday,3
RES010993,17-Oct-24,App,4.Essential,Cancelled,26-Oct-24,2,228.44,456.88,9,2. Before 2 weeks,Saturday,6
RES011143,3-Sep-24,Phone,6.Select,Cancelled,11-Sep-24,2,150.6,301.2,8,2. Before 2 weeks,Wednesday,3
RES011202,4-Sep-24,At the hotel,4.Essential,Cancelled,8-Sep-24,2,48.85,97.7,4,1. Before a week,Sunday,0
RES011481,14-Sep-24,App,4.Essential,Cancelled,4-Oct-24,2,164.88,329.76,20,3. Before 4 weeks,Friday,5
RES011538,11-Aug-24,App,4.Essential,Cancelled,6-Sep-24,2,145.78,291.56,26,3. Before 4 weeks,Friday,5
RES011682,18-Aug-24,Phone,6.Select,Cancelled,18-Sep-24,2,183.2,366.4,31,4. More than 4 weeks,Wednesday,3
RES011757,12-Sep-24,Phone,4.Essential,Cancelled,30-Sep-24,2,179.53,359.06,18,3. Before 4 weeks,Monday,1
RES011916,2-Oct-24,App,4.Essential,Cancelled,13-Oct-24,2,116.87,233.74,11,2. Before 2 weeks,Sunday,0
RES012001,30-Sep-24,Phone,5.Preferred,Cancelled,9-Oct-24,2,180.87,361.74,9,2. Before 2 weeks,Wednesday,3
RES012018,18-Oct-24,At the hotel,1.Iconic,Cancelled,21-Oct-24,2,133.33,266.66,3,1. Before a week,Monday,1
RES012087,30-Sep-24,At the hotel,5.Preferred,Cancelled,10-Oct-24,2,120.48,240.96,10,2. Before 2 weeks,Thursday,4
RES012115,11-Aug-24,Phone,3.Premier,Cancelled,17-Sep-24,2,210.82,421.64,37,4. More than 4 weeks,Tuesday,2
RES012390,13-Sep-24,App,4.Essential,Cancelled,25-Sep-24,2,128.58,257.16,12,2. Before 2 weeks,Wednesday,3
RES012476,7-Sep-24,Phone,1.Iconic,Cancelled,4-Oct-24,2,172.72,345.44,27,3. Before 4 weeks,Friday,5
RES012481,24-Aug-24,App,4.Essential,Cancelled,21-Sep-24,2,192.37,384.74,28,3. Before 4 weeks,Saturday,6
RES012523,4-Sep-24,Phone,4.Essential,Cancelled,11-Sep-24,2,144.05,288.1,7,1. Before a week,Wednesday,3
RES012528,1-May-24,Phone,4.Essential,Cancelled,6-Sep-24,2,194.17,388.34,128,4. More than 4 weeks,Friday,5
RES012701,10-Sep-24,Phone,4.Essential,Cancelled,27-Sep-24,2,140.96,281.92,17,3. Before 4 weeks,Friday,5
RES012788,13-Sep-24,At the hotel,5.Preferred,Cancelled,13-Sep-24,2,159.91,319.82,0,1. Before a week,Friday,5
RES012900,29-May-24,At the hotel,1.Iconic,Cancelled,23-Sep-24,2,133.33,266.66,117,4. More than 4 weeks,Monday,1
RES013042,20-Sep-24,App,4.Essential,Cancelled,18-Oct-24,2,127.56,255.12,28,3. Before 4 weeks,Friday,5
RES013062,5-Sep-24,Phone,4.Essential,Cancelled,8-Sep-24,2,179.45,358.9,3,1. Before a week,Sunday,0
RES013173,28-Oct-24,App,4.Essential,Cancelled,29-Oct-24,2,207.62,415.24,1,1. Before a week,Tuesday,2
RES013325,7-Sep-24,At the hotel,2.Elite,Cancelled,8-Sep-24,2,152.72,305.44,1,1. Before a week,Sunday,0
RES013344,11-Aug-24,Phone,4.Essential,Cancelled,16-Oct-24,2,317.17,634.34,66,4. More than 4 weeks,Wednesday,3
RES013502,10-Sep-24,At the hotel,1.Iconic,Cancelled,28-Oct-24,2,198.46,396.92,48,4. More than 4 weeks,Monday,1
RES013517,3-Oct-24,App,4.Essential,Cancelled,24-Oct-24,2,213.23,426.46,21,3. Before 4 weeks,Thursday,4
RES013976,31-Mar-24,At the hotel,1.Iconic,Cancelled,10-Sep-24,2,144.58,289.16,163,4. More than 4 weeks,Tuesday,2
RES014147,7-Sep-24,App,5.Preferred,Cancelled,19-Oct-24,2,211.02,422.04,42,4. More than 4 weeks,Saturday,6
RES014201,10-Oct-24,Phone,4.Essential,Cancelled,30-Oct-24,2,192.51,385.02,20,3. Before 4 weeks,Wednesday,3
RES014366,6-Sep-24,At the hotel,3.Premier,Cancelled,19-Sep-24,2,134.18,268.36,13,2. Before 2 weeks,Thursday,4
RES014445,29-Sep-24,Phone,4.Essential,Cancelled,25-Oct-24,2,0,0,26,3. Before 4 weeks,Friday,5
RES014450,30-Sep-24,App,4.Essential,Cancelled,31-Oct-24,2,175.28,350.56,31,4. More than 4 weeks,Thursday,4
RES014640,28-Aug-24,At the hotel,5.Preferred,Cancelled,4-Oct-24,2,157.57,315.14,37,4. More than 4 weeks,Friday,5
RES014693,10-Oct-24,Phone,4.Essential,Cancelled,16-Oct-24,2,248.48,496.96,6,1. Before a week,Wednesday,3
RES009757,27-Aug-24,GDS,3.Premier,Cancelled,8-Sep-24,2,140.14,280.28,12,2. Before 2 weeks,Sunday,0
RES009792,4-Sep-24,GDS,6.Select,Cancelled,1-Oct-24,2,144.58,289.16,27,3. Before 4 weeks,Tuesday,2
RES009864,13-Sep-24,GDS,1.Iconic,Cancelled,12-Oct-24,2,138.54,277.08,29,4. More than 4 weeks,Saturday,6
RES009881,2-Aug-24,GDS,5.Preferred,Cancelled,10-Sep-24,2,148.19,296.38,39,4. More than 4 weeks,Tuesday,2
RES009974,9-Oct-24,GDS,5.Preferred,Cancelled,10-Oct-24,2,143.49,286.98,1,1. Before a week,Thursday,4
RES010016,9-Oct-24,GDS,6.Select,Cancelled,22-Oct-24,2,132.53,265.06,13,2. Before 2 weeks,Tuesday,2
RES010091,7-Aug-24,GDS,5.Preferred,Cancelled,17-Oct-24,2,258.73,517.46,71,4. More than 4 weeks,Thursday,4
RES010119,7-Sep-24,GDS,5.Preferred,Cancelled,18-Sep-24,2,162.63,325.26,11,2. Before 2 weeks,Wednesday,3
RES010239,23-Sep-24,GDS,4.Essential,Cancelled,28-Sep-24,2,145.77,291.54,5,1. Before a week,Saturday,6
RES010312,2-Aug-24,GDS,3.Premier,Cancelled,28-Oct-24,2,223.19,446.38,87,4. More than 4 weeks,Monday,1
RES010375,21-Sep-24,GDS,3.Premier,Cancelled,11-Oct-24,2,120.47,240.94,20,3. Before 4 weeks,Friday,5
RES010397,22-Jul-24,GDS,6.Select,Cancelled,7-Oct-24,2,164.88,329.76,77,4. More than 4 weeks,Monday,1
RES010408,30-Jul-24,GDS,5.Preferred,Cancelled,25-Sep-24,2,249.61,499.22,57,4. More than 4 weeks,Wednesday,3
RES010666,26-Aug-24,GDS,2.Elite,Cancelled,21-Sep-24,2,133.12,266.24,26,3. Before 4 weeks,Saturday,6
RES010681,2-Jul-24,GDS,5.Preferred,Cancelled,9-Oct-24,2,213.73,427.46,99,4. More than 4 weeks,Wednesday,3
RES010709,11-Jun-24,GDS,6.Select,Cancelled,18-Sep-24,2,326.77,653.54,99,4. More than 4 weeks,Wednesday,3
RES010756,11-Sep-24,GDS,5.Preferred,Cancelled,2-Oct-24,2,225.11,450.22,21,3. Before 4 weeks,Wednesday,3
RES010874,20-Sep-24,GDS,2.Elite,Cancelled,1-Oct-24,2,201.31,402.62,11,2. Before 2 weeks,Tuesday,2
RES010876,5-Sep-24,GDS,2.Elite,Cancelled,7-Oct-24,2,102.2,204.4,32,4. More than 4 weeks,Monday,1
RES010883,3-Oct-24,GDS,2.Elite,Cancelled,28-Oct-24,2,206.19,412.38,25,3. Before 4 weeks,Monday,1
RES010997,16-Sep-24,GDS,6.Select,Cancelled,29-Sep-24,2,133.94,267.88,13,2. Before 2 weeks,Sunday,0
RES011009,28-Aug-24,GDS,6.Select,Cancelled,8-Oct-24,2,204.99,409.98,41,4. More than 4 weeks,Tuesday,2
RES011078,27-Aug-24,GDS,1.Iconic,Cancelled,9-Sep-24,2,128.01,256.02,13,2. Before 2 weeks,Monday,1
RES011127,4-Oct-24,GDS,6.Select,Cancelled,9-Oct-24,2,158.73,317.46,5,1. Before a week,Wednesday,3
RES011151,8-Oct-24,GDS,5.Preferred,Cancelled,15-Oct-24,2,187.99,375.98,7,1. Before a week,Tuesday,2
RES011175,1-Sep-24,GDS,3.Premier,Cancelled,10-Oct-24,2,133.33,266.66,39,4. More than 4 weeks,Thursday,4
RES011290,19-Oct-24,GDS,3.Premier,Cancelled,22-Oct-24,2,132.53,265.06,3,1. Before a week,Tuesday,2
RES011369,3-Sep-24,GDS,6.Select,Cancelled,22-Oct-24,2,224.07,448.14,49,4. More than 4 weeks,Tuesday,2
RES011370,2-Sep-24,GDS,5.Preferred,Cancelled,19-Oct-24,2,150.59,301.18,47,4. More than 4 weeks,Saturday,6
RES011581,3-Sep-24,GDS,2.Elite,Cancelled,2-Oct-24,2,160.3,320.6,29,4. More than 4 weeks,Wednesday,3
RES011608,19-Jul-24,GDS,1.Iconic,Cancelled,25-Sep-24,2,150.4,300.8,68,4. More than 4 weeks,Wednesday,3
RES011615,20-Jul-24,GDS,3.Premier,Cancelled,15-Oct-24,2,118.79,237.58,87,4. More than 4 weeks,Tuesday,2
RES011621,11-Oct-24,GDS,5.Preferred,Cancelled,20-Oct-24,2,111.18,222.36,9,2. Before 2 weeks,Sunday,0
RES011636,24-Sep-24,GDS,2.Elite,Cancelled,9-Oct-24,2,162.43,324.86,15,3. Before 4 weeks,Wednesday,3
RES011683,27-Sep-24,GDS,2.Elite,Cancelled,3-Oct-24,2,171.19,342.38,6,1. Before a week,Thursday,4
RES011735,21-Aug-24,GDS,4.Essential,Cancelled,5-Sep-24,2,184.12,368.24,15,3. Before 4 weeks,Thursday,4
RES011766,24-Sep-24,GDS,5.Preferred,Cancelled,17-Oct-24,2,156.62,313.24,23,3. Before 4 weeks,Thursday,4
RES011805,11-Sep-24,GDS,2.Elite,Cancelled,9-Oct-24,2,225.33,450.66,28,3. Before 4 weeks,Wednesday,3
RES011915,18-Sep-24,GDS,4.Essential,Cancelled,21-Oct-24,2,152.95,305.9,33,4. More than 4 weeks,Monday,1
RES011947,10-Sep-24,GDS,6.Select,Cancelled,3-Oct-24,2,144.34,288.68,23,3. Before 4 weeks,Thursday,4
RES011965,4-Oct-24,GDS,5.Preferred,Cancelled,8-Oct-24,2,117.77,235.54,4,1. Before a week,Tuesday,2
RES011977,9-Aug-24,GDS,3.Premier,Cancelled,15-Sep-24,2,82.6,165.2,37,4. More than 4 weeks,Sunday,0
RES012004,11-Sep-24,GDS,5.Preferred,Cancelled,12-Sep-24,2,157.57,315.14,1,1. Before a week,Thursday,4
RES012005,22-Sep-24,GDS,6.Select,Cancelled,31-Oct-24,2,201.88,403.76,39,4. More than 4 weeks,Thursday,4
RES012088,16-May-24,GDS,3.Premier,Cancelled,11-Sep-24,2,150.59,301.18,118,4. More than 4 weeks,Wednesday,3
RES012130,7-Aug-24,GDS,3.Premier,Cancelled,19-Sep-24,2,160.37,320.74,43,4. More than 4 weeks,Thursday,4
RES012247,9-Aug-24,GDS,2.Elite,Cancelled,8-Sep-24,2,150.79,301.58,30,4. More than 4 weeks,Sunday,0
RES012248,20-Oct-24,GDS,5.Preferred,Cancelled,31-Oct-24,2,114.46,228.92,11,2. Before 2 weeks,Thursday,4
RES012259,10-Sep-24,GDS,3.Premier,Cancelled,1-Oct-24,2,132.53,265.06,21,3. Before 4 weeks,Tuesday,2
RES012319,5-Sep-24,GDS,2.Elite,Cancelled,27-Oct-24,2,135.89,271.78,52,4. More than 4 weeks,Sunday,0
RES012320,31-Aug-24,GDS,6.Select,Cancelled,2-Oct-24,2,170.98,341.96,32,4. More than 4 weeks,Wednesday,3
RES012415,26-Sep-24,GDS,3.Premier,Cancelled,1-Oct-24,2,145.59,291.18,5,1. Before a week,Tuesday,2
RES012493,14-Sep-24,GDS,3.Premier,Cancelled,8-Oct-24,2,184.87,369.74,24,3. Before 4 weeks,Tuesday,2
RES012521,17-Sep-24,GDS,2.Elite,Cancelled,22-Oct-24,2,174.08,348.16,35,4. More than 4 weeks,Tuesday,2
RES012569,15-Oct-24,GDS,4.Essential,Cancelled,31-Oct-24,2,138.78,277.56,16,3. Before 4 weeks,Thursday,4
RES012604,15-Jul-24,GDS,5.Preferred,Cancelled,30-Sep-24,2,133.33,266.66,77,4. More than 4 weeks,Monday,1
RES012668,15-Aug-24,GDS,5.Preferred,Cancelled,14-Sep-24,2,164.19,328.38,30,4. More than 4 weeks,Saturday,6
RES012672,19-Sep-24,GDS,5.Preferred,Cancelled,9-Oct-24,2,201.8,403.6,20,3. Before 4 weeks,Wednesday,3
RES012702,7-Sep-24,GDS,5.Preferred,Cancelled,10-Sep-24,2,163.63,327.26,3,1. Before a week,Tuesday,2
RES012719,18-Aug-24,GDS,6.Select,Cancelled,28-Sep-24,2,144.03,288.06,41,4. More than 4 weeks,Saturday,6
RES012757,12-Sep-24,GDS,4.Essential,Cancelled,25-Sep-24,2,144.58,289.16,13,2. Before 2 weeks,Wednesday,3
RES012818,20-Aug-24,GDS,3.Premier,Cancelled,5-Oct-24,2,291.48,582.96,46,4. More than 4 weeks,Saturday,6
RES012858,3-Mar-24,GDS,5.Preferred,Cancelled,16-Oct-24,2,106.06,212.12,227,4. More than 4 weeks,Wednesday,3
RES012874,2-Sep-24,GDS,5.Preferred,Cancelled,11-Sep-24,2,156.15,312.3,9,2. Before 2 weeks,Wednesday,3
RES012903,13-Sep-24,GDS,5.Preferred,Cancelled,26-Oct-24,2,151.49,302.98,43,4. More than 4 weeks,Saturday,6
RES012925,2-Oct-24,GDS,3.Premier,Cancelled,6-Oct-24,2,118.18,236.36,4,1. Before a week,Sunday,0
RES013023,7-Oct-24,GDS,5.Preferred,Cancelled,27-Oct-24,2,107.53,215.06,20,3. Before 4 weeks,Sunday,0
RES013195,7-Sep-24,GDS,4.Essential,Cancelled,20-Oct-24,2,262.52,525.04,43,4. More than 4 weeks,Sunday,0
RES013219,12-Aug-24,GDS,2.Elite,Cancelled,14-Oct-24,2,294.78,589.56,63,4. More than 4 weeks,Monday,1
RES013234,14-Sep-24,GDS,1.Iconic,Cancelled,20-Sep-24,2,108.43,216.86,6,1. Before a week,Friday,5
RES013427,25-Aug-24,GDS,6.Select,Cancelled,2-Oct-24,2,186.97,373.94,38,4. More than 4 weeks,Wednesday,3
RES013474,10-Sep-24,GDS,3.Premier,Cancelled,21-Oct-24,2,132.53,265.06,41,4. More than 4 weeks,Monday,1
RES013495,1-Nov-24,GDS,3.Premier,Cancelled,4-Nov-24,2,133.33,266.66,3,1. Before a week,Monday,1
RES013549,17-Sep-24,GDS,2.Elite,Cancelled,19-Oct-24,2,196.91,393.82,32,4. More than 4 weeks,Saturday,6
RES013556,18-Sep-24,GDS,3.Premier,Cancelled,15-Oct-24,2,138.25,276.5,27,3. Before 4 weeks,Tuesday,2
RES013574,12-Jul-24,GDS,6.Select,Cancelled,17-Sep-24,2,378.96,757.92,67,4. More than 4 weeks,Tuesday,2
RES013597,1-Aug-24,GDS,3.Premier,Cancelled,23-Sep-24,2,133.33,266.66,53,4. More than 4 weeks,Monday,1
RES013616,12-Sep-24,GDS,2.Elite,Cancelled,21-Sep-24,2,149.39,298.78,9,2. Before 2 weeks,Saturday,6
RES013733,19-Sep-24,GDS,3.Premier,Cancelled,15-Oct-24,2,190.46,380.92,26,3. Before 4 weeks,Tuesday,2
RES013881,3-Oct-24,GDS,2.Elite,Cancelled,20-Oct-24,2,108.81,217.62,17,3. Before 4 weeks,Sunday,0
RES014067,13-Sep-24,GDS,6.Select,Cancelled,16-Oct-24,2,151.8,303.6,33,4. More than 4 weeks,Wednesday,3
RES014085,19-Sep-24,GDS,6.Select,Cancelled,1-Oct-24,2,276.74,553.48,12,2. Before 2 weeks,Tuesday,2
RES014090,7-Oct-24,GDS,3.Premier,Cancelled,23-Oct-24,2,132.53,265.06,16,3. Before 4 weeks,Wednesday,3
RES014127,31-Jul-24,GDS,5.Preferred,Cancelled,22-Oct-24,2,190.34,380.68,83,4. More than 4 weeks,Tuesday,2
RES014145,23-Jul-24,GDS,6.Select,Cancelled,29-Sep-24,2,162.63,325.26,68,4. More than 4 weeks,Sunday,0
RES014177,15-Sep-24,GDS,1.Iconic,Cancelled,21-Sep-24,2,121.06,242.12,6,1. Before a week,Saturday,6
RES014180,20-Sep-24,GDS,5.Preferred,Cancelled,14-Oct-24,2,152.14,304.28,24,3. Before 4 weeks,Monday,1
RES014274,17-Sep-24,GDS,2.Elite,Cancelled,16-Oct-24,2,174.46,348.92,29,4. More than 4 weeks,Wednesday,3
RES014431,22-Jul-24,GDS,6.Select,Cancelled,1-Oct-24,2,205.75,411.5,71,4. More than 4 weeks,Tuesday,2
RES014481,7-Aug-24,GDS,4.Essential,Cancelled,23-Oct-24,2,204.82,409.64,77,4. More than 4 weeks,Wednesday,3
RES014536,3-Sep-24,GDS,3.Premier,Cancelled,7-Sep-24,2,159.91,319.82,4,1. Before a week,Saturday,6
RES014624,17-Sep-24,GDS,5.Preferred,Cancelled,24-Sep-24,2,136.96,273.92,7,1. Before a week,Tuesday,2
RES014639,17-Jun-24,GDS,1.Iconic,Cancelled,11-Sep-24,2,82.6,165.2,86,4. More than 4 weeks,Wednesday,3
RES009749,19-Sep-24,Velora.com,4.Essential,Cancelled,3-Oct-24,2,138.25,276.5,14,2. Before 2 weeks,Thursday,4
RES009764,6-Aug-24,Velora.com,6.Select,Cancelled,7-Sep-24,2,225.45,450.9,32,4. More than 4 weeks,Saturday,6
RES009807,1-Sep-24,Velora.com,4.Essential,Cancelled,27-Oct-24,2,135.78,271.56,56,4. More than 4 weeks,Sunday,0
RES009816,3-Oct-24,Velora.com,1.Iconic,Cancelled,16-Oct-24,2,198.78,397.56,13,2. Before 2 weeks,Wednesday,3
RES009836,18-Jun-24,Velora.com,3.Premier,Cancelled,4-Oct-24,2,131.51,263.02,108,4. More than 4 weeks,Friday,5
RES009850,3-Oct-24,Velora.com,4.Essential,Cancelled,6-Oct-24,2,105.47,210.94,3,1. Before a week,Sunday,0
RES009859,2-Oct-24,Velora.com,4.Essential,Cancelled,29-Oct-24,2,191.5,383,27,3. Before 4 weeks,Tuesday,2
RES009874,12-Mar-24,Velora.com,5.Preferred,Cancelled,6-Oct-24,2,202.41,404.82,208,4. More than 4 weeks,Sunday,0
RES009938,11-Oct-24,Velora.com,6.Select,Cancelled,15-Oct-24,2,181.67,363.34,4,1. Before a week,Tuesday,2
RES009978,8-Oct-24,Velora.com,5.Preferred,Cancelled,15-Oct-24,2,135.78,271.56,7,1. Before a week,Tuesday,2
RES009979,25-Aug-24,Velora.com,3.Premier,Cancelled,12-Sep-24,2,229.93,459.86,18,3. Before 4 weeks,Thursday,4
RES010022,4-Sep-24,Velora.com,3.Premier,Cancelled,2-Oct-24,2,150.29,300.58,28,3. Before 4 weeks,Wednesday,3
RES010105,18-Sep-24,Velora.com,3.Premier,Cancelled,11-Oct-24,2,189.01,378.02,23,3. Before 4 weeks,Friday,5
RES010120,28-Sep-24,Velora.com,1.Iconic,Cancelled,1-Oct-24,2,198.78,397.56,3,1. Before a week,Tuesday,2
RES010124,26-Jun-24,Velora.com,4.Essential,Cancelled,24-Oct-24,2,170,340,120,4. More than 4 weeks,Thursday,4
RES010162,11-Sep-24,Velora.com,2.Elite,Cancelled,3-Oct-24,2,156.3,312.6,22,3. Before 4 weeks,Thursday,4
RES010164,8-Sep-24,Velora.com,2.Elite,Cancelled,11-Oct-24,2,131.61,263.22,33,4. More than 4 weeks,Friday,5
RES010195,14-Aug-24,Velora.com,6.Select,Cancelled,6-Sep-24,2,165.62,331.24,23,3. Before 4 weeks,Friday,5
RES010210,29-Sep-24,Velora.com,3.Premier,Cancelled,20-Oct-24,2,134.95,269.9,21,3. Before 4 weeks,Sunday,0
RES010227,26-Sep-24,Velora.com,6.Select,Cancelled,4-Oct-24,2,162.43,324.86,8,2. Before 2 weeks,Friday,5
RES010272,19-Sep-24,Velora.com,5.Preferred,Cancelled,1-Oct-24,2,198.41,396.82,12,2. Before 2 weeks,Tuesday,2
RES010273,28-Apr-24,Velora.com,3.Premier,Cancelled,28-Sep-24,2,120.58,241.16,153,4. More than 4 weeks,Saturday,6
RES010279,14-Mar-24,Velora.com,6.Select,Cancelled,18-Sep-24,2,153.88,307.76,188,4. More than 4 weeks,Wednesday,3
RES010296,17-Oct-24,Velora.com,6.Select,Cancelled,26-Oct-24,2,122.47,244.94,9,2. Before 2 weeks,Saturday,6
RES010307,31-Jul-24,Velora.com,3.Premier,Cancelled,23-Sep-24,2,33.74,67.48,54,4. More than 4 weeks,Monday,1
RES010320,23-Oct-24,Velora.com,3.Premier,Cancelled,23-Oct-24,2,224.33,448.66,0,1. Before a week,Wednesday,3
RES010378,14-Sep-24,Velora.com,1.Iconic,Cancelled,25-Sep-24,2,233.39,466.78,11,2. Before 2 weeks,Wednesday,3
RES010387,15-Oct-24,Velora.com,4.Essential,Cancelled,20-Oct-24,2,138.13,276.26,5,1. Before a week,Sunday,0
RES010430,6-Oct-24,Velora.com,5.Preferred,Cancelled,16-Oct-24,2,211.12,422.24,10,2. Before 2 weeks,Wednesday,3
RES010455,8-Sep-24,Velora.com,5.Preferred,Cancelled,15-Sep-24,2,123,246,7,1. Before a week,Sunday,0
RES010536,27-Sep-24,Velora.com,3.Premier,Cancelled,4-Oct-24,2,171.33,342.66,7,1. Before a week,Friday,5
RES010546,8-Sep-24,Velora.com,5.Preferred,Cancelled,19-Sep-24,2,209.45,418.9,11,2. Before 2 weeks,Thursday,4
RES010554,20-Oct-24,Velora.com,3.Premier,Cancelled,27-Oct-24,2,108.34,216.68,7,1. Before a week,Sunday,0
RES010568,23-Oct-24,Velora.com,5.Preferred,Cancelled,28-Oct-24,2,147.58,295.16,5,1. Before a week,Monday,1
RES010586,8-Oct-24,Velora.com,2.Elite,Cancelled,13-Oct-24,2,33.78,67.56,5,1. Before a week,Sunday,0
RES010597,3-Oct-24,Velora.com,6.Select,Cancelled,11-Oct-24,2,149.94,299.88,8,2. Before 2 weeks,Friday,5
RES010622,14-Oct-24,Velora.com,4.Essential,Cancelled,24-Oct-24,2,140.62,281.24,10,2. Before 2 weeks,Thursday,4
RES010641,20-Sep-24,Velora.com,5.Preferred,Cancelled,30-Sep-24,2,33.78,67.56,10,2. Before 2 weeks,Monday,1
RES010674,17-Sep-24,Velora.com,3.Premier,Cancelled,30-Sep-24,2,35.73,71.46,13,2. Before 2 weeks,Monday,1
RES010689,28-Aug-24,Velora.com,2.Elite,Cancelled,5-Sep-24,2,127.51,255.02,8,2. Before 2 weeks,Thursday,4
RES010696,9-Jul-24,Velora.com,2.Elite,Cancelled,8-Oct-24,2,184.33,368.66,91,4. More than 4 weeks,Tuesday,2
RES010721,29-Oct-24,Velora.com,5.Preferred,Cancelled,1-Nov-24,2,184.36,368.72,3,1. Before a week,Friday,5
RES010731,28-Sep-24,Velora.com,3.Premier,Cancelled,8-Oct-24,2,179.62,359.24,10,2. Before 2 weeks,Tuesday,2
RES010734,15-Sep-24,Velora.com,3.Premier,Cancelled,16-Oct-24,2,112.04,224.08,31,4. More than 4 weeks,Wednesday,3
RES010737,17-Jul-24,Velora.com,1.Iconic,Cancelled,28-Oct-24,2,254.21,508.42,103,4. More than 4 weeks,Monday,1
RES010755,12-Jul-24,Velora.com,5.Preferred,Cancelled,17-Oct-24,2,150.6,301.2,97,4. More than 4 weeks,Thursday,4
RES010793,4-Sep-24,Velora.com,2.Elite,Cancelled,13-Sep-24,2,131.35,262.7,9,2. Before 2 weeks,Friday,5
RES010814,17-Aug-24,Velora.com,6.Select,Cancelled,10-Oct-24,2,135.78,271.56,54,4. More than 4 weeks,Thursday,4
RES010896,13-Sep-24,Velora.com,4.Essential,Cancelled,15-Oct-24,2,189.01,378.02,32,4. More than 4 weeks,Tuesday,2
RES010921,27-Sep-24,Velora.com,6.Select,Cancelled,13-Oct-24,2,145.94,291.88,16,3. Before 4 weeks,Sunday,0
RES010956,28-Jul-24,Velora.com,1.Iconic,Cancelled,6-Sep-24,2,33.99,67.98,40,4. More than 4 weeks,Friday,5
RES010973,3-Aug-24,Velora.com,4.Essential,Cancelled,1-Nov-24,2,240.64,481.28,90,4. More than 4 weeks,Friday,5
RES011004,24-Aug-24,Velora.com,3.Premier,Cancelled,25-Sep-24,2,272.59,545.18,32,4. More than 4 weeks,Wednesday,3
RES011006,7-Aug-24,Velora.com,2.Elite,Cancelled,14-Oct-24,2,148.49,296.98,68,4. More than 4 weeks,Monday,1
RES011128,23-Apr-24,Velora.com,2.Elite,Cancelled,17-Sep-24,2,353.74,707.48,147,4. More than 4 weeks,Tuesday,2
RES011142,22-Aug-24,Velora.com,5.Preferred,Cancelled,1-Oct-24,2,265.11,530.22,40,4. More than 4 weeks,Tuesday,2
RES011146,23-Aug-24,Velora.com,5.Preferred,Cancelled,8-Sep-24,2,153.17,306.34,16,3. Before 4 weeks,Sunday,0
RES011152,31-Aug-24,Velora.com,5.Preferred,Cancelled,17-Sep-24,2,172.38,344.76,17,3. Before 4 weeks,Tuesday,2
RES011159,18-Oct-24,Velora.com,3.Premier,Cancelled,30-Oct-24,2,164.47,328.94,12,2. Before 2 weeks,Wednesday,3
RES011176,25-Aug-24,Velora.com,2.Elite,Cancelled,10-Oct-24,2,33.78,67.56,46,4. More than 4 weeks,Thursday,4
RES011213,4-Oct-24,Velora.com,5.Preferred,Cancelled,25-Oct-24,2,188.12,376.24,21,3. Before 4 weeks,Friday,5
RES011260,25-Aug-24,Velora.com,4.Essential,Cancelled,13-Sep-24,2,190.34,380.68,19,3. Before 4 weeks,Friday,5
RES011269,23-Aug-24,Velora.com,3.Premier,Cancelled,9-Oct-24,2,230.22,460.44,47,4. More than 4 weeks,Wednesday,3
RES011275,11-Sep-24,Velora.com,5.Preferred,Cancelled,21-Sep-24,2,143.18,286.36,10,2. Before 2 weeks,Saturday,6
RES011289,15-Jun-24,Velora.com,2.Elite,Cancelled,5-Sep-24,2,294.56,589.12,82,4. More than 4 weeks,Thursday,4
RES011336,11-Oct-24,Velora.com,4.Essential,Cancelled,2-Nov-24,2,178.48,356.96,22,3. Before 4 weeks,Saturday,6
RES011376,21-Aug-24,Velora.com,6.Select,Cancelled,23-Sep-24,2,324.24,648.48,33,4. More than 4 weeks,Monday,1
RES011434,27-Apr-24,Velora.com,3.Premier,Cancelled,5-Oct-24,2,121.68,243.36,161,4. More than 4 weeks,Saturday,6
RES011462,25-Sep-24,Velora.com,4.Essential,Cancelled,27-Sep-24,2,120.48,240.96,2,1. Before a week,Friday,5
RES011478,25-Sep-24,Velora.com,5.Preferred,Cancelled,5-Oct-24,2,116.96,233.92,10,2. Before 2 weeks,Saturday,6
RES011501,7-Sep-24,Velora.com,1.Iconic,Cancelled,9-Sep-24,2,193.96,387.92,2,1. Before a week,Monday,1
RES011539,2-Apr-24,Velora.com,3.Premier,Cancelled,10-Sep-24,2,290.67,581.34,161,4. More than 4 weeks,Tuesday,2
RES011554,21-Aug-24,Velora.com,5.Preferred,Cancelled,15-Sep-24,2,151.26,302.52,25,3. Before 4 weeks,Sunday,0
RES011627,26-Sep-24,Velora.com,5.Preferred,Cancelled,18-Oct-24,2,143.79,287.58,22,3. Before 4 weeks,Friday,5
RES011675,6-Oct-24,Velora.com,5.Preferred,Cancelled,15-Oct-24,2,229.93,459.86,9,2. Before 2 weeks,Tuesday,2
RES011748,2-Oct-24,Velora.com,2.Elite,Cancelled,10-Oct-24,2,168.66,337.32,8,2. Before 2 weeks,Thursday,4
RES011815,16-Sep-24,Velora.com,5.Preferred,Cancelled,2-Oct-24,2,165.3,330.6,16,3. Before 4 weeks,Wednesday,3
RES011854,21-Aug-24,Velora.com,5.Preferred,Cancelled,16-Oct-24,2,198.53,397.06,56,4. More than 4 weeks,Wednesday,3
RES011860,4-Sep-24,Velora.com,5.Preferred,Cancelled,8-Sep-24,2,116.29,232.58,4,1. Before a week,Sunday,0
RES011865,14-Sep-24,Velora.com,4.Essential,Cancelled,15-Sep-24,2,220.88,441.76,1,1. Before a week,Sunday,0
RES011893,23-Jul-24,Velora.com,5.Preferred,Cancelled,11-Sep-24,2,33.81,67.62,50,4. More than 4 weeks,Wednesday,3
RES011912,7-Jul-24,Velora.com,2.Elite,Cancelled,6-Oct-24,2,153.61,307.22,91,4. More than 4 weeks,Sunday,0
RES012073,25-Sep-24,Velora.com,3.Premier,Cancelled,5-Oct-24,2,131.61,263.22,10,2. Before 2 weeks,Saturday,6
RES012082,9-May-24,Velora.com,1.Iconic,Cancelled,12-Oct-24,2,217.18,434.36,156,4. More than 4 weeks,Saturday,6
RES012090,5-Sep-24,Velora.com,5.Preferred,Cancelled,11-Sep-24,2,134.4,268.8,6,1. Before a week,Wednesday,3
RES012110,20-Sep-24,Velora.com,4.Essential,Cancelled,5-Oct-24,2,241.81,483.62,15,3. Before 4 weeks,Saturday,6
RES012113,26-Aug-24,Velora.com,4.Essential,Cancelled,3-Sep-24,2,158.79,317.58,8,2. Before 2 weeks,Tuesday,2
RES012172,20-Jul-24,Velora.com,3.Premier,Cancelled,24-Sep-24,2,180.71,361.42,66,4. More than 4 weeks,Tuesday,2
RES012192,20-Sep-24,Velora.com,4.Essential,Cancelled,30-Sep-24,2,143.62,287.24,10,2. Before 2 weeks,Monday,1
RES012280,4-Sep-24,Velora.com,4.Essential,Cancelled,14-Sep-24,2,366.39,732.78,10,2. Before 2 weeks,Saturday,6
RES012292,26-Aug-24,Velora.com,4.Essential,Cancelled,18-Oct-24,2,189.01,378.02,53,4. More than 4 weeks,Friday,5
RES012294,4-Sep-24,Velora.com,4.Essential,Cancelled,11-Sep-24,2,97.23,194.46,7,1. Before a week,Wednesday,3
RES012358,16-Oct-24,Velora.com,1.Iconic,Cancelled,20-Oct-24,2,118.36,236.72,4,1. Before a week,Sunday,0
RES012420,8-Aug-24,Velora.com,1.Iconic,Cancelled,18-Sep-24,2,186.98,373.96,41,4. More than 4 weeks,Wednesday,3
RES012441,9-Nov-23,Velora.com,4.Essential,Cancelled,28-Sep-24,2,105.28,210.56,324,4. More than 4 weeks,Saturday,6
RES012483,30-Aug-24,Velora.com,2.Elite,Cancelled,19-Oct-24,2,57.83,115.66,50,4. More than 4 weeks,Saturday,6
RES012511,22-Sep-24,Velora.com,6.Select,Cancelled,29-Sep-24,2,159.06,318.12,7,1. Before a week,Sunday,0
RES012519,25-Sep-24,Velora.com,3.Premier,Cancelled,15-Oct-24,2,214.64,429.28,20,3. Before 4 weeks,Tuesday,2
RES012525,3-Oct-24,Velora.com,6.Select,Cancelled,20-Oct-24,2,173.55,347.1,17,3. Before 4 weeks,Sunday,0
RES012577,10-Sep-24,Velora.com,2.Elite,Cancelled,15-Oct-24,2,148.89,297.78,35,4. More than 4 weeks,Tuesday,2
RES012601,29-Aug-24,Velora.com,3.Premier,Cancelled,13-Oct-24,2,160.37,320.74,45,4. More than 4 weeks,Sunday,0
RES012610,8-Sep-24,Velora.com,3.Premier,Cancelled,14-Oct-24,2,189.06,378.12,36,4. More than 4 weeks,Monday,1
RES012725,12-Sep-24,Velora.com,2.Elite,Cancelled,17-Oct-24,2,137.43,274.86,35,4. More than 4 weeks,Thursday,4
RES012739,11-Sep-24,Velora.com,2.Elite,Cancelled,21-Oct-24,2,153.6,307.2,40,4. More than 4 weeks,Monday,1
RES012784,12-Sep-24,Velora.com,1.Iconic,Cancelled,14-Sep-24,2,161.21,322.42,2,1. Before a week,Saturday,6
RES012792,16-Oct-24,Velora.com,2.Elite,Cancelled,4-Nov-24,2,33.99,67.98,19,3. Before 4 weeks,Monday,1
RES012804,21-Jul-24,Velora.com,3.Premier,Cancelled,27-Sep-24,2,118.07,236.14,68,4. More than 4 weeks,Friday,5
RES012821,11-Sep-24,Velora.com,6.Select,Cancelled,2-Oct-24,2,264.99,529.98,21,3. Before 4 weeks,Wednesday,3
RES012914,11-Sep-24,Velora.com,6.Select,Cancelled,8-Oct-24,2,223.87,447.74,27,3. Before 4 weeks,Tuesday,2
RES012979,3-Sep-24,Velora.com,5.Preferred,Cancelled,12-Sep-24,2,188.09,376.18,9,2. Before 2 weeks,Thursday,4
RES013015,20-Sep-24,Velora.com,5.Preferred,Cancelled,1-Oct-24,2,134.46,268.92,11,2. Before 2 weeks,Tuesday,2
RES013036,22-Oct-24,Velora.com,3.Premier,Cancelled,1-Nov-24,2,85.18,170.36,10,2. Before 2 weeks,Friday,5
RES013079,23-Aug-24,Velora.com,4.Essential,Cancelled,6-Sep-24,2,165.62,331.24,14,2. Before 2 weeks,Friday,5
RES013105,16-Oct-24,Velora.com,4.Essential,Cancelled,19-Oct-24,2,148.48,296.96,3,1. Before a week,Saturday,6
RES013132,10-Aug-24,Velora.com,4.Essential,Cancelled,9-Sep-24,2,193.96,387.92,30,4. More than 4 weeks,Monday,1
RES013183,26-Sep-24,Velora.com,1.Iconic,Cancelled,28-Sep-24,2,198.78,397.56,2,1. Before a week,Saturday,6
RES013191,13-Sep-24,Velora.com,3.Premier,Cancelled,26-Sep-24,2,179.36,358.72,13,2. Before 2 weeks,Thursday,4
RES013220,30-Jun-24,Velora.com,3.Premier,Cancelled,1-Nov-24,2,155.11,310.22,124,4. More than 4 weeks,Friday,5
RES013246,6-Oct-24,Velora.com,5.Preferred,Cancelled,12-Oct-24,2,150.83,301.66,6,1. Before a week,Saturday,6
RES013311,25-Sep-24,Velora.com,3.Premier,Cancelled,19-Oct-24,2,168.23,336.46,24,3. Before 4 weeks,Saturday,6
RES013317,30-Aug-24,Velora.com,4.Essential,Cancelled,24-Sep-24,2,169.78,339.56,25,3. Before 4 weeks,Tuesday,2
RES013327,19-Oct-24,Velora.com,3.Premier,Cancelled,22-Oct-24,2,127.27,254.54,3,1. Before a week,Tuesday,2
RES013394,5-Jun-24,Velora.com,2.Elite,Cancelled,27-Oct-24,2,220.46,440.92,144,4. More than 4 weeks,Sunday,0
RES013395,5-Oct-24,Velora.com,1.Iconic,Cancelled,11-Oct-24,2,216.85,433.7,6,1. Before a week,Friday,5
RES013408,29-Jan-24,Velora.com,1.Iconic,Cancelled,5-Oct-24,2,214.64,429.28,250,4. More than 4 weeks,Saturday,6
RES013458,8-Sep-24,Velora.com,4.Essential,Cancelled,29-Sep-24,2,192.3,384.6,21,3. Before 4 weeks,Sunday,0
RES013466,27-Oct-24,Velora.com,4.Essential,Cancelled,2-Nov-24,2,106.66,213.32,6,1. Before a week,Saturday,6
RES013489,16-Oct-24,Velora.com,3.Premier,Cancelled,21-Oct-24,2,167.56,335.12,5,1. Before a week,Monday,1
RES013508,1-Oct-24,Velora.com,2.Elite,Cancelled,6-Oct-24,2,100.35,200.7,5,1. Before a week,Sunday,0
RES013591,23-Aug-24,Velora.com,4.Essential,Cancelled,27-Sep-24,2,168.81,337.62,35,4. More than 4 weeks,Friday,5
RES013623,24-Sep-24,Velora.com,2.Elite,Cancelled,29-Oct-24,2,206.15,412.3,35,4. More than 4 weeks,Tuesday,2
RES013661,20-Sep-24,Velora.com,3.Premier,Cancelled,29-Sep-24,2,131.47,262.94,9,2. Before 2 weeks,Sunday,0
RES013719,13-Feb-24,Velora.com,5.Preferred,Cancelled,25-Oct-24,2,220.48,440.96,255,4. More than 4 weeks,Friday,5
RES013782,10-Oct-24,Velora.com,6.Select,Cancelled,14-Oct-24,2,181.67,363.34,4,1. Before a week,Monday,1
RES013799,30-Sep-24,Velora.com,3.Premier,Cancelled,11-Oct-24,2,125.9,251.8,11,2. Before 2 weeks,Friday,5
RES013847,23-Aug-24,Velora.com,2.Elite,Cancelled,3-Sep-24,2,133.94,267.88,11,2. Before 2 weeks,Tuesday,2
RES013856,5-Sep-24,Velora.com,5.Preferred,Cancelled,8-Oct-24,2,209.16,418.32,33,4. More than 4 weeks,Tuesday,2
RES013952,29-Aug-24,Velora.com,2.Elite,Cancelled,11-Sep-24,2,188.52,377.04,13,2. Before 2 weeks,Wednesday,3
RES013963,6-Jul-24,Velora.com,2.Elite,Cancelled,3-Oct-24,2,324.96,649.92,89,4. More than 4 weeks,Thursday,4
RES013985,17-Sep-24,Velora.com,1.Iconic,Cancelled,30-Sep-24,2,176.74,353.48,13,2. Before 2 weeks,Monday,1
RES013991,9-Sep-24,Velora.com,3.Premier,Cancelled,18-Oct-24,2,154.52,309.04,39,4. More than 4 weeks,Friday,5
RES014053,23-Sep-24,Velora.com,1.Iconic,Cancelled,11-Oct-24,2,185.42,370.84,18,3. Before 4 weeks,Friday,5
RES014075,23-May-24,Velora.com,5.Preferred,Cancelled,6-Sep-24,2,188.46,376.92,106,4. More than 4 weeks,Friday,5
RES014076,29-Aug-24,Velora.com,6.Select,Cancelled,15-Oct-24,2,33.81,67.62,47,4. More than 4 weeks,Tuesday,2
RES014126,15-Aug-24,Velora.com,1.Iconic,Cancelled,21-Sep-24,2,154.5,309,37,4. More than 4 weeks,Saturday,6
RES014173,30-Sep-24,Velora.com,2.Elite,Cancelled,2-Oct-24,2,120.53,241.06,2,1. Before a week,Wednesday,3
RES014288,16-Aug-24,Velora.com,1.Iconic,Cancelled,3-Oct-24,2,33.74,67.48,48,4. More than 4 weeks,Thursday,4
RES014294,5-Sep-24,Velora.com,1.Iconic,Cancelled,30-Sep-24,2,167.24,334.48,25,3. Before 4 weeks,Monday,1
RES014315,20-Aug-24,Velora.com,5.Preferred,Cancelled,7-Sep-24,2,157.83,315.66,18,3. Before 4 weeks,Saturday,6
RES014338,27-Jul-24,Velora.com,4.Essential,Cancelled,21-Sep-24,2,211.46,422.92,56,4. More than 4 weeks,Saturday,6
RES014383,13-Aug-24,Velora.com,5.Preferred,Cancelled,5-Oct-24,2,127.05,254.1,53,4. More than 4 weeks,Saturday,6
RES014425,25-Sep-24,Velora.com,3.Premier,Cancelled,27-Sep-24,2,33.99,67.98,2,1. Before a week,Friday,5
RES014428,15-Oct-24,Velora.com,3.Premier,Cancelled,30-Oct-24,2,144.7,289.4,15,3. Before 4 weeks,Wednesday,3
RES014487,24-Aug-24,Velora.com,4.Essential,Cancelled,19-Sep-24,2,174.65,349.3,26,3. Before 4 weeks,Thursday,4
RES014512,27-Sep-24,Velora.com,2.Elite,Cancelled,30-Sep-24,2,204.54,409.08,3,1. Before a week,Monday,1
RES014572,29-Aug-24,Velora.com,1.Iconic,Cancelled,10-Sep-24,2,234.45,468.9,12,2. Before 2 weeks,Tuesday,2
RES014588,2-Feb-24,Velora.com,3.Premier,Cancelled,3-Oct-24,2,34.25,68.5,244,4. More than 4 weeks,Thursday,4
RES014625,10-Dec-23,Velora.com,4.Essential,Cancelled,18-Oct-24,2,87.35,174.7,313,4. More than 4 weeks,Friday,5
RES014654,7-Nov-23,Velora.com,4.Essential,Cancelled,5-Oct-24,2,120.47,240.94,333,4. More than 4 weeks,Saturday,6
RES014676,10-Jul-24,Velora.com,3.Premier,Cancelled,7-Sep-24,2,171.67,343.34,59,4. More than 4 weeks,Saturday,6
RES014705,20-Feb-24,Velora.com,2.Elite,Cancelled,21-Sep-24,2,33.71,67.42,214,4. More than 4 weeks,Saturday,6
RES009809,11-Oct-24,App,0.Non-member,Cancelled,12-Oct-24,2,99.56,199.12,1,1. Before a week,Saturday,6
RES009894,1-Sep-24,App,0.Non-member,Cancelled,4-Oct-24,2,219.9,439.8,33,4. More than 4 weeks,Friday,5
RES009911,7-Oct-24,App,0.Non-member,Cancelled,13-Oct-24,2,195.41,390.82,6,1. Before a week,Sunday,0
RES009942,20-Jul-24,App,0.Non-member,Cancelled,17-Sep-24,2,296.31,592.62,59,4. More than 4 weeks,Tuesday,2
RES009972,12-Sep-24,App,0.Non-member,Cancelled,13-Sep-24,2,115.3,230.6,1,1. Before a week,Friday,5
RES010104,24-Oct-24,App,0.Non-member,Cancelled,27-Oct-24,2,98.61,197.22,3,1. Before a week,Sunday,0
RES010150,27-Mar-24,App,0.Non-member,Cancelled,30-Sep-24,2,333.64,667.28,187,4. More than 4 weeks,Monday,1
RES010313,14-Sep-24,App,0.Non-member,Cancelled,19-Sep-24,2,194.38,388.76,5,1. Before a week,Thursday,4
RES010426,15-Aug-24,App,0.Non-member,Cancelled,4-Oct-24,2,132.89,265.78,50,4. More than 4 weeks,Friday,5
RES010718,18-Oct-24,App,0.Non-member,Cancelled,27-Oct-24,2,139.39,278.78,9,2. Before 2 weeks,Sunday,0
RES010785,13-Aug-24,App,0.Non-member,Cancelled,11-Oct-24,2,195.67,391.34,59,4. More than 4 weeks,Friday,5
RES010792,3-Sep-24,App,0.Non-member,Cancelled,24-Sep-24,2,192.83,385.66,21,3. Before 4 weeks,Tuesday,2
RES010810,16-Aug-24,App,0.Non-member,Cancelled,6-Sep-24,2,139.17,278.34,21,3. Before 4 weeks,Friday,5
RES010865,27-Oct-24,App,0.Non-member,Cancelled,31-Oct-24,2,132.89,265.78,4,1. Before a week,Thursday,4
RES010897,27-Aug-24,App,0.Non-member,Cancelled,21-Oct-24,2,202.4,404.8,55,4. More than 4 weeks,Monday,1
RES011038,30-Sep-24,App,0.Non-member,Cancelled,18-Oct-24,2,166.4,332.8,18,3. Before 4 weeks,Friday,5
RES011045,31-Aug-24,App,0.Non-member,Cancelled,21-Sep-24,2,156.86,313.72,21,3. Before 4 weeks,Saturday,6
RES011110,22-Jul-24,App,0.Non-member,Cancelled,12-Sep-24,2,252.48,504.96,52,4. More than 4 weeks,Thursday,4
RES011191,28-May-24,App,0.Non-member,Cancelled,27-Sep-24,2,216.41,432.82,122,4. More than 4 weeks,Friday,5
RES011349,1-Sep-24,App,0.Non-member,Cancelled,9-Oct-24,2,242.86,485.72,38,4. More than 4 weeks,Wednesday,3
RES011400,6-Oct-24,App,0.Non-member,Cancelled,12-Oct-24,2,128.91,257.82,6,1. Before a week,Saturday,6
RES011653,31-Jul-24,App,0.Non-member,Cancelled,12-Sep-24,2,169.4,338.8,43,4. More than 4 weeks,Thursday,4
RES011688,13-Sep-24,App,0.Non-member,Cancelled,21-Sep-24,2,151.51,303.02,8,2. Before 2 weeks,Saturday,6
RES011709,2-Aug-24,App,0.Non-member,Cancelled,26-Sep-24,2,212.36,424.72,55,4. More than 4 weeks,Thursday,4
RES011783,30-Aug-24,App,0.Non-member,Cancelled,24-Sep-24,2,156.86,313.72,25,3. Before 4 weeks,Tuesday,2
RES011785,13-Oct-24,App,0.Non-member,Cancelled,16-Oct-24,2,145.78,291.56,3,1. Before a week,Wednesday,3
RES011817,11-Sep-24,App,0.Non-member,Cancelled,2-Oct-24,2,173.48,346.96,21,3. Before 4 weeks,Wednesday,3
RES012013,14-Sep-24,App,0.Non-member,Cancelled,18-Oct-24,2,162.65,325.3,34,4. More than 4 weeks,Friday,5
RES012036,19-May-24,App,0.Non-member,Cancelled,26-Oct-24,2,280.29,560.58,160,4. More than 4 weeks,Saturday,6
RES012069,24-Aug-24,App,0.Non-member,Cancelled,26-Sep-24,2,151.51,303.02,33,4. More than 4 weeks,Thursday,4
RES012098,16-Oct-24,App,0.Non-member,Cancelled,21-Oct-24,2,128.49,256.98,5,1. Before a week,Monday,1
RES012103,21-Sep-24,App,0.Non-member,Cancelled,4-Oct-24,2,134.94,269.88,13,2. Before 2 weeks,Friday,5
RES012114,11-Sep-24,App,0.Non-member,Cancelled,14-Sep-24,2,114.46,228.92,3,1. Before a week,Saturday,6
RES012211,3-Sep-24,App,0.Non-member,Cancelled,22-Oct-24,2,172.11,344.22,49,4. More than 4 weeks,Tuesday,2
RES012239,21-Sep-24,App,0.Non-member,Cancelled,5-Oct-24,2,184.55,369.1,14,2. Before 2 weeks,Saturday,6
RES012249,25-Sep-24,App,0.Non-member,Cancelled,2-Oct-24,2,172.29,344.58,7,1. Before a week,Wednesday,3
RES012264,8-Oct-24,App,0.Non-member,Cancelled,3-Nov-24,2,156.61,313.22,26,3. Before 4 weeks,Sunday,0
RES012269,28-Jun-24,App,0.Non-member,Cancelled,12-Sep-24,2,228.89,457.78,76,4. More than 4 weeks,Thursday,4
RES012299,15-Sep-24,App,0.Non-member,Cancelled,28-Sep-24,2,164.88,329.76,13,2. Before 2 weeks,Saturday,6
RES012337,20-Sep-24,App,0.Non-member,Cancelled,3-Oct-24,2,287.01,574.02,13,2. Before 2 weeks,Thursday,4
RES012454,26-May-24,App,0.Non-member,Cancelled,14-Sep-24,2,161.21,322.42,111,4. More than 4 weeks,Saturday,6
RES012485,16-Sep-24,App,0.Non-member,Cancelled,13-Oct-24,2,139.39,278.78,27,3. Before 4 weeks,Sunday,0
RES012489,24-Jun-24,App,0.Non-member,Cancelled,3-Nov-24,2,224.83,449.66,132,4. More than 4 weeks,Sunday,0
RES012503,14-Sep-24,App,0.Non-member,Cancelled,21-Oct-24,2,262.65,525.3,37,4. More than 4 weeks,Monday,1
RES012836,12-Jun-24,App,0.Non-member,Cancelled,2-Oct-24,2,329.21,658.42,112,4. More than 4 weeks,Wednesday,3
RES012989,1-Jul-24,App,0.Non-member,Cancelled,5-Oct-24,2,211.02,422.04,96,4. More than 4 weeks,Saturday,6
RES012991,27-Jul-24,App,0.Non-member,Cancelled,12-Sep-24,2,180.35,360.7,47,4. More than 4 weeks,Thursday,4
RES012993,19-Sep-24,App,0.Non-member,Cancelled,28-Sep-24,2,126.06,252.12,9,2. Before 2 weeks,Saturday,6
RES013166,31-Aug-24,App,0.Non-member,Cancelled,6-Oct-24,2,150.79,301.58,36,4. More than 4 weeks,Sunday,0
RES013205,22-Sep-24,App,0.Non-member,Cancelled,23-Oct-24,2,174.7,349.4,31,4. More than 4 weeks,Wednesday,3
RES013284,21-Jul-24,App,0.Non-member,Cancelled,6-Sep-24,2,262.58,525.16,47,4. More than 4 weeks,Friday,5
RES013373,26-Jul-24,App,0.Non-member,Cancelled,6-Sep-24,2,346.54,693.08,42,4. More than 4 weeks,Friday,5
RES013393,16-Sep-24,App,0.Non-member,Cancelled,6-Oct-24,2,139.95,279.9,20,3. Before 4 weeks,Sunday,0
RES013540,16-Aug-24,App,0.Non-member,Cancelled,8-Sep-24,2,202.26,404.52,23,3. Before 4 weeks,Sunday,0
RES013673,23-Oct-24,App,0.Non-member,Cancelled,31-Oct-24,2,146.56,293.12,8,2. Before 2 weeks,Thursday,4
RES013695,2-Sep-24,App,0.Non-member,Cancelled,13-Sep-24,2,129.92,259.84,11,2. Before 2 weeks,Friday,5
RES013808,6-Oct-24,App,0.Non-member,Cancelled,23-Oct-24,2,168.67,337.34,17,3. Before 4 weeks,Wednesday,3
RES013942,20-Sep-24,App,0.Non-member,Cancelled,2-Oct-24,2,169.46,338.92,12,2. Before 2 weeks,Wednesday,3
RES013969,29-Aug-24,App,0.Non-member,Cancelled,7-Sep-24,2,162.31,324.62,9,2. Before 2 weeks,Saturday,6
RES013980,2-Oct-24,App,0.Non-member,Cancelled,6-Oct-24,2,145.45,290.9,4,1. Before a week,Sunday,0
RES014034,7-Oct-24,App,0.Non-member,Cancelled,26-Oct-24,2,141.25,282.5,19,3. Before 4 weeks,Saturday,6
RES014287,21-Oct-24,App,0.Non-member,Cancelled,22-Oct-24,2,121.14,242.28,1,1. Before a week,Tuesday,2
RES014350,23-Sep-24,App,0.Non-member,Cancelled,26-Oct-24,2,195.52,391.04,33,4. More than 4 weeks,Saturday,6
RES014356,10-Sep-24,App,0.Non-member,Cancelled,30-Oct-24,2,185.66,371.32,50,4. More than 4 weeks,Wednesday,3
RES014375,16-Sep-24,App,0.Non-member,Cancelled,28-Sep-24,2,158.77,317.54,12,2. Before 2 weeks,Saturday,6
RES014389,9-Sep-24,App,0.Non-member,Cancelled,18-Oct-24,2,206.55,413.1,39,4. More than 4 weeks,Friday,5
RES014578,28-Sep-24,App,0.Non-member,Cancelled,6-Oct-24,2,133.74,267.48,8,2. Before 2 weeks,Sunday,0
RES014645,17-Oct-24,App,0.Non-member,Cancelled,20-Oct-24,2,122.43,244.86,3,1. Before a week,Sunday,0
RES014659,24-Aug-24,App,0.Non-member,Cancelled,14-Sep-24,2,157.57,315.14,21,3. Before 4 weeks,Saturday,6
RES014691,7-Sep-24,App,0.Non-member,Cancelled,12-Sep-24,2,210.56,421.12,5,1. Before a week,Thursday,4
RES009731,22-Sep-24,GDS,0.Non-member,Cancelled,14-Oct-24,2,132.53,265.06,22,3. Before 4 weeks,Monday,1
RES009779,2-Nov-24,Phone,0.Non-member,Cancelled,4-Nov-24,2,145.45,290.9,2,1. Before a week,Monday,1
RES009796,13-Oct-24,At the hotel,0.Non-member,Cancelled,17-Oct-24,2,77.43,154.86,4,1. Before a week,Thursday,4
RES009824,8-Sep-24,At the hotel,0.Non-member,Cancelled,23-Sep-24,2,62.64,125.28,15,3. Before 4 weeks,Monday,1
RES009875,16-Aug-24,GDS,0.Non-member,Cancelled,16-Oct-24,2,114.55,229.1,61,4. More than 4 weeks,Wednesday,3
RES009893,21-Oct-24,GDS,0.Non-member,Cancelled,27-Oct-24,2,117.57,235.14,6,1. Before a week,Sunday,0
RES009895,6-Oct-24,GDS,0.Non-member,Cancelled,9-Oct-24,2,162.31,324.62,3,1. Before a week,Wednesday,3
RES009951,25-Oct-24,Connected Wholesaler,0.Non-member,Cancelled,29-Oct-24,2,172.46,344.92,4,1. Before a week,Tuesday,2
RES009969,29-Aug-24,GDS,0.Non-member,Cancelled,16-Sep-24,2,183.95,367.9,18,3. Before 4 weeks,Monday,1
RES009997,21-Sep-24,At the hotel,0.Non-member,Cancelled,1-Oct-24,2,70.48,140.96,10,2. Before 2 weeks,Tuesday,2
RES010005,4-Oct-24,Phone,0.Non-member,Cancelled,9-Oct-24,2,287.01,574.02,5,1. Before a week,Wednesday,3
RES010017,16-Sep-24,Connected Wholesaler,0.Non-member,Cancelled,20-Oct-24,2,154.92,309.84,34,4. More than 4 weeks,Sunday,0
RES010045,15-Sep-24,Connected Wholesaler,0.Non-member,Cancelled,20-Sep-24,2,174.04,348.08,5,1. Before a week,Friday,5
RES010076,10-Sep-24,GDS,0.Non-member,Cancelled,25-Sep-24,2,228.61,457.22,15,3. Before 4 weeks,Wednesday,3
RES010113,17-Sep-24,Velora.com,0.Non-member,Cancelled,20-Sep-24,2,170.98,341.96,3,1. Before a week,Friday,5
RES010213,28-Sep-24,GDS,0.Non-member,Cancelled,5-Oct-24,2,128.01,256.02,7,1. Before a week,Saturday,6
RES010217,23-Aug-24,Connected Wholesaler,0.Non-member,Cancelled,12-Sep-24,2,135.57,271.14,20,3. Before 4 weeks,Thursday,4
RES010218,19-Oct-24,Phone,0.Non-member,Cancelled,29-Oct-24,2,142.77,285.54,10,2. Before 2 weeks,Tuesday,2
RES010270,29-Sep-24,At the hotel,0.Non-member,Cancelled,3-Oct-24,2,62.7,125.4,4,1. Before a week,Thursday,4
RES010277,3-Oct-24,At the hotel,0.Non-member,Cancelled,3-Oct-24,2,70.48,140.96,0,1. Before a week,Thursday,4
RES010288,22-Aug-24,GDS,0.Non-member,Cancelled,12-Sep-24,2,132.53,265.06,21,3. Before 4 weeks,Thursday,4
RES010319,2-Sep-24,GDS,0.Non-member,Cancelled,29-Sep-24,2,152.66,305.32,27,3. Before 4 weeks,Sunday,0
RES010329,16-Aug-24,At the hotel,0.Non-member,Cancelled,16-Oct-24,2,198.53,397.06,61,4. More than 4 weeks,Wednesday,3
RES010342,4-Sep-24,Phone,0.Non-member,Cancelled,18-Sep-24,2,250.2,500.4,14,2. Before 2 weeks,Wednesday,3
RES010343,1-Sep-24,At the hotel,0.Non-member,Cancelled,8-Sep-24,2,33.73,67.46,7,1. Before a week,Sunday,0
RES010346,17-Jul-24,Phone,0.Non-member,Cancelled,27-Sep-24,2,157.83,315.66,72,4. More than 4 weeks,Friday,5
RES010356,26-Oct-24,At the hotel,0.Non-member,Cancelled,30-Oct-24,2,0,0,4,1. Before a week,Wednesday,3
RES010404,12-Oct-24,Connected Wholesaler,0.Non-member,Cancelled,21-Oct-24,2,174.86,349.72,9,2. Before 2 weeks,Monday,1
RES010417,21-Aug-24,GDS,0.Non-member,Cancelled,19-Sep-24,2,392.97,785.94,29,4. More than 4 weeks,Thursday,4
RES010420,12-Aug-24,GDS,0.Non-member,Cancelled,2-Oct-24,2,145.78,291.56,51,4. More than 4 weeks,Wednesday,3
RES010427,13-Sep-24,GDS,0.Non-member,Cancelled,24-Sep-24,2,163.51,327.02,11,2. Before 2 weeks,Tuesday,2
RES010432,10-Oct-24,At the hotel,0.Non-member,Cancelled,14-Oct-24,2,144.58,289.16,4,1. Before a week,Monday,1
RES010434,29-Jun-24,GDS,0.Non-member,Cancelled,10-Sep-24,2,152.66,305.32,73,4. More than 4 weeks,Tuesday,2
RES010439,9-Sep-24,Phone,0.Non-member,Cancelled,22-Sep-24,2,151.51,303.02,13,2. Before 2 weeks,Sunday,0
RES010467,7-Oct-24,GDS,0.Non-member,Cancelled,16-Oct-24,2,282.75,565.5,9,2. Before 2 weeks,Wednesday,3
RES010472,6-Sep-24,GDS,0.Non-member,Cancelled,31-Oct-24,2,134.34,268.68,55,4. More than 4 weeks,Thursday,4
RES010523,13-Jun-24,GDS,0.Non-member,Cancelled,7-Sep-24,2,235.13,470.26,86,4. More than 4 weeks,Saturday,6
RES010573,14-Sep-24,Phone,0.Non-member,Cancelled,17-Sep-24,2,156.61,313.22,3,1. Before a week,Tuesday,2
RES010617,9-Sep-24,Velora.com,0.Non-member,Cancelled,13-Sep-24,2,153.74,307.48,4,1. Before a week,Friday,5
RES010663,1-Sep-24,GDS,0.Non-member,Cancelled,3-Oct-24,2,271.79,543.58,32,4. More than 4 weeks,Thursday,4
RES010683,5-Sep-24,GDS,0.Non-member,Cancelled,14-Sep-24,2,132.53,265.06,9,2. Before 2 weeks,Saturday,6
RES010691,24-Sep-24,At the hotel,0.Non-member,Cancelled,28-Sep-24,2,149.4,298.8,4,1. Before a week,Saturday,6
RES010758,20-Sep-24,Connected Wholesaler,0.Non-member,Cancelled,20-Oct-24,2,205.07,410.14,30,4. More than 4 weeks,Sunday,0
RES010782,23-Aug-24,Phone,0.Non-member,Cancelled,7-Oct-24,2,168.66,337.32,45,4. More than 4 weeks,Monday,1
RES010805,26-Aug-24,GDS,0.Non-member,Cancelled,8-Sep-24,2,183.73,367.46,13,2. Before 2 weeks,Sunday,0
RES010832,12-Sep-24,Velora.com,0.Non-member,Cancelled,19-Sep-24,2,145.66,291.32,7,1. Before a week,Thursday,4
RES010853,13-Sep-24,At the hotel,0.Non-member,Cancelled,25-Sep-24,2,62.65,125.3,12,2. Before 2 weeks,Wednesday,3
RES010858,5-Sep-24,Phone,0.Non-member,Cancelled,22-Sep-24,2,138.37,276.74,17,3. Before 4 weeks,Sunday,0
RES010894,21-Oct-24,At the hotel,0.Non-member,Cancelled,22-Oct-24,2,183.2,366.4,1,1. Before a week,Tuesday,2
RES010913,26-Sep-24,Phone,0.Non-member,Cancelled,19-Oct-24,2,161.21,322.42,23,3. Before 4 weeks,Saturday,6
RES011056,17-Oct-24,At the hotel,0.Non-member,Cancelled,17-Oct-24,2,132.53,265.06,0,1. Before a week,Thursday,4
RES011156,20-Sep-24,GDS,0.Non-member,Cancelled,25-Sep-24,2,132.53,265.06,5,1. Before a week,Wednesday,3
RES011172,21-Oct-24,At the hotel,0.Non-member,Cancelled,22-Oct-24,2,183.2,366.4,1,1. Before a week,Tuesday,2
RES011187,19-Aug-24,GDS,0.Non-member,Cancelled,9-Sep-24,2,132.53,265.06,21,3. Before 4 weeks,Monday,1
RES011207,23-Oct-24,Connected Wholesaler,0.Non-member,Cancelled,27-Oct-24,2,129.55,259.1,4,1. Before a week,Sunday,0
RES011262,11-Sep-24,At the hotel,0.Non-member,Cancelled,12-Sep-24,2,150.6,301.2,1,1. Before a week,Thursday,4
RES011355,17-Sep-24,Phone,0.Non-member,Cancelled,10-Oct-24,2,132.53,265.06,23,3. Before 4 weeks,Thursday,4
RES011399,19-Sep-24,Connected Wholesaler,0.Non-member,Cancelled,14-Oct-24,2,153.74,307.48,25,3. Before 4 weeks,Monday,1
RES011408,7-Sep-24,GDS,0.Non-member,Cancelled,11-Sep-24,2,133.94,267.88,4,1. Before a week,Wednesday,3
RES011508,21-Oct-24,At the hotel,0.Non-member,Cancelled,29-Oct-24,2,77.43,154.86,8,2. Before 2 weeks,Tuesday,2
RES011510,28-Sep-24,At the hotel,0.Non-member,Cancelled,5-Oct-24,2,33.73,67.46,7,1. Before a week,Saturday,6
RES011584,26-Aug-24,Phone,0.Non-member,Cancelled,27-Sep-24,2,115.66,231.32,32,4. More than 4 weeks,Friday,5
RES011633,22-Aug-24,GDS,0.Non-member,Cancelled,28-Sep-24,2,188.61,377.22,37,4. More than 4 weeks,Saturday,6
RES011657,5-Sep-24,At the hotel,0.Non-member,Cancelled,7-Sep-24,2,198.53,397.06,2,1. Before a week,Saturday,6
RES011686,21-Aug-24,GDS,0.Non-member,Cancelled,12-Sep-24,2,173.49,346.98,22,3. Before 4 weeks,Thursday,4
RES011742,4-Oct-24,Velora.com,0.Non-member,Cancelled,11-Oct-24,2,140.06,280.12,7,1. Before a week,Friday,5
RES011745,4-Aug-24,GDS,0.Non-member,Cancelled,7-Sep-24,2,150.6,301.2,34,4. More than 4 weeks,Saturday,6
RES011749,8-Sep-24,At the hotel,0.Non-member,Cancelled,6-Oct-24,2,62.65,125.3,28,3. Before 4 weeks,Sunday,0
RES011816,3-Jul-24,Phone,0.Non-member,Cancelled,10-Oct-24,2,145.78,291.56,99,4. More than 4 weeks,Thursday,4
RES011819,28-Sep-24,At the hotel,0.Non-member,Cancelled,1-Oct-24,2,222.42,444.84,3,1. Before a week,Tuesday,2
RES011851,18-Sep-24,At the hotel,0.Non-member,Cancelled,20-Sep-24,2,206.06,412.12,2,1. Before a week,Friday,5
RES011882,18-Jul-24,Velora.com,0.Non-member,Cancelled,2-Oct-24,2,207.88,415.76,76,4. More than 4 weeks,Wednesday,3
RES011883,2-Oct-24,At the hotel,0.Non-member,Cancelled,10-Oct-24,2,0,0,8,2. Before 2 weeks,Thursday,4
RES011910,17-Oct-24,At the hotel,0.Non-member,Cancelled,17-Oct-24,2,72.29,144.58,0,1. Before a week,Thursday,4
RES011959,10-May-24,Phone,0.Non-member,Cancelled,18-Sep-24,2,150.6,301.2,131,4. More than 4 weeks,Wednesday,3
RES011966,12-Sep-24,Velora.com,0.Non-member,Cancelled,15-Sep-24,2,143.62,287.24,3,1. Before a week,Sunday,0
RES011972,8-Aug-24,GDS,0.Non-member,Cancelled,27-Sep-24,2,168.66,337.32,50,4. More than 4 weeks,Friday,5
RES012049,25-Aug-24,GDS,0.Non-member,Cancelled,11-Oct-24,2,147.11,294.22,47,4. More than 4 weeks,Friday,5
RES012050,29-Aug-24,GDS,0.Non-member,Cancelled,25-Sep-24,2,133.13,266.26,27,3. Before 4 weeks,Wednesday,3
RES012104,8-Oct-24,GDS,0.Non-member,Cancelled,16-Oct-24,2,132.52,265.04,8,2. Before 2 weeks,Wednesday,3
RES012129,18-Aug-24,Connected Wholesaler,0.Non-member,Cancelled,4-Oct-24,2,146.81,293.62,47,4. More than 4 weeks,Friday,5
RES012144,8-Oct-24,Velora.com,0.Non-member,Cancelled,26-Oct-24,2,173.02,346.04,18,3. Before 4 weeks,Saturday,6
RES012183,25-Sep-24,At the hotel,0.Non-member,Cancelled,29-Sep-24,2,62.65,125.3,4,1. Before a week,Sunday,0
RES012221,20-Sep-24,At the hotel,0.Non-member,Cancelled,20-Sep-24,2,70.54,141.08,0,1. Before a week,Friday,5
RES012222,14-Sep-24,GDS,0.Non-member,Cancelled,17-Sep-24,2,224.28,448.56,3,1. Before a week,Tuesday,2
RES012271,13-Sep-24,At the hotel,0.Non-member,Cancelled,19-Sep-24,2,33.73,67.46,6,1. Before a week,Thursday,4
RES012278,8-Oct-24,At the hotel,0.Non-member,Cancelled,13-Oct-24,2,70.48,140.96,5,1. Before a week,Sunday,0
RES012281,26-Sep-24,GDS,0.Non-member,Cancelled,15-Oct-24,2,273.03,546.06,19,3. Before 4 weeks,Tuesday,2
RES012283,5-Oct-24,At the hotel,0.Non-member,Cancelled,12-Oct-24,2,62.7,125.4,7,1. Before a week,Saturday,6
RES012345,11-Oct-24,GDS,0.Non-member,Cancelled,17-Oct-24,2,186.36,372.72,6,1. Before a week,Thursday,4
RES012350,28-Sep-24,GDS,0.Non-member,Cancelled,15-Oct-24,2,150.6,301.2,17,3. Before 4 weeks,Tuesday,2
RES012355,25-Sep-24,At the hotel,0.Non-member,Cancelled,2-Oct-24,2,162.78,325.56,7,1. Before a week,Wednesday,3
RES012440,5-Sep-24,At the hotel,0.Non-member,Cancelled,11-Sep-24,2,70.48,140.96,6,1. Before a week,Wednesday,3
RES012457,28-Sep-24,Phone,0.Non-member,Cancelled,4-Nov-24,2,158.79,317.58,37,4. More than 4 weeks,Monday,1
RES012464,6-May-24,GDS,0.Non-member,Cancelled,12-Oct-24,2,115.15,230.3,159,4. More than 4 weeks,Saturday,6
RES012512,1-Aug-24,Phone,0.Non-member,Cancelled,3-Oct-24,2,105.51,211.02,63,4. More than 4 weeks,Thursday,4
RES012552,30-Sep-24,At the hotel,0.Non-member,Cancelled,1-Oct-24,2,126.61,253.22,1,1. Before a week,Tuesday,2
RES012578,21-Sep-24,Phone,0.Non-member,Cancelled,8-Oct-24,2,150.6,301.2,17,3. Before 4 weeks,Tuesday,2
RES012656,15-Aug-24,Phone,0.Non-member,Cancelled,18-Sep-24,2,132.53,265.06,34,4. More than 4 weeks,Wednesday,3
RES012690,19-Sep-24,Connected Wholesaler,0.Non-member,Cancelled,10-Oct-24,2,139.95,279.9,21,3. Before 4 weeks,Thursday,4
RES012696,8-Sep-24,At the hotel,0.Non-member,Cancelled,1-Oct-24,2,62.64,125.28,23,3. Before 4 weeks,Tuesday,2
RES012724,11-Oct-24,At the hotel,0.Non-member,Cancelled,17-Oct-24,2,33.73,67.46,6,1. Before a week,Thursday,4
RES012729,9-Jul-24,Phone,0.Non-member,Cancelled,13-Sep-24,2,203.01,406.02,66,4. More than 4 weeks,Friday,5
RES012730,4-Oct-24,Connected Wholesaler,0.Non-member,Cancelled,9-Oct-24,2,100.52,201.04,5,1. Before a week,Wednesday,3
RES012756,3-Sep-24,At the hotel,0.Non-member,Cancelled,5-Sep-24,2,192.75,385.5,2,1. Before a week,Thursday,4
RES012798,2-Oct-24,At the hotel,0.Non-member,Cancelled,5-Oct-24,2,70.91,141.82,3,1. Before a week,Saturday,6
RES012834,20-Aug-24,GDS,0.Non-member,Cancelled,5-Oct-24,2,152.95,305.9,46,4. More than 4 weeks,Saturday,6
RES012939,26-Sep-24,At the hotel,0.Non-member,Cancelled,26-Sep-24,2,62.65,125.3,0,1. Before a week,Thursday,4
RES012978,1-Oct-24,GDS,0.Non-member,Cancelled,25-Oct-24,2,170.98,341.96,24,3. Before 4 weeks,Friday,5
RES013010,17-Oct-24,At the hotel,0.Non-member,Cancelled,19-Oct-24,2,70.48,140.96,2,1. Before a week,Saturday,6
RES013029,3-Jul-24,GDS,0.Non-member,Cancelled,16-Sep-24,2,162.78,325.56,75,4. More than 4 weeks,Monday,1
RES013086,28-Aug-24,At the hotel,0.Non-member,Cancelled,13-Sep-24,2,198.53,397.06,16,3. Before 4 weeks,Friday,5
RES013096,20-Jul-24,Connected Wholesaler,0.Non-member,Cancelled,5-Sep-24,2,173.11,346.22,47,4. More than 4 weeks,Thursday,4
RES013097,9-Aug-24,Connected Wholesaler,0.Non-member,Cancelled,4-Oct-24,2,259.78,519.56,56,4. More than 4 weeks,Friday,5
RES013100,8-Sep-24,Velora.com,0.Non-member,Cancelled,16-Sep-24,2,162.65,325.3,8,2. Before 2 weeks,Monday,1
RES013110,24-Sep-24,GDS,0.Non-member,Cancelled,1-Oct-24,2,237.25,474.5,7,1. Before a week,Tuesday,2
RES013133,21-Sep-24,GDS,0.Non-member,Cancelled,4-Oct-24,2,195.03,390.06,13,2. Before 2 weeks,Friday,5
RES013154,7-Oct-24,At the hotel,0.Non-member,Cancelled,27-Oct-24,2,70.47,140.94,20,3. Before 4 weeks,Sunday,0
RES013218,2-Aug-24,GDS,0.Non-member,Cancelled,23-Sep-24,2,285.48,570.96,52,4. More than 4 weeks,Monday,1
RES013229,10-Sep-24,At the hotel,0.Non-member,Cancelled,12-Sep-24,2,165.04,330.08,2,1. Before a week,Thursday,4
RES013230,11-Sep-24,At the hotel,0.Non-member,Cancelled,16-Sep-24,2,33.73,67.46,5,1. Before a week,Monday,1
RES013232,13-Sep-24,Phone,0.Non-member,Cancelled,6-Oct-24,2,187.93,375.86,23,3. Before 4 weeks,Sunday,0
RES013257,28-Aug-24,GDS,0.Non-member,Cancelled,2-Oct-24,2,162.43,324.86,35,4. More than 4 weeks,Wednesday,3
RES013273,1-Sep-24,At the hotel,0.Non-member,Cancelled,1-Sep-24,2,78,156,0,1. Before a week,Sunday,0
RES013299,15-Sep-24,Connected Wholesaler,0.Non-member,Cancelled,19-Oct-24,2,160.28,320.56,34,4. More than 4 weeks,Saturday,6
RES013324,2-Oct-24,At the hotel,0.Non-member,Cancelled,3-Oct-24,2,188.54,377.08,1,1. Before a week,Thursday,4
RES013397,26-Oct-24,GDS,0.Non-member,Cancelled,4-Nov-24,2,157.57,315.14,9,2. Before 2 weeks,Monday,1
RES013403,10-Sep-24,Phone,0.Non-member,Cancelled,14-Sep-24,2,193.97,387.94,4,1. Before a week,Saturday,6
RES013431,4-Oct-24,GDS,0.Non-member,Cancelled,24-Oct-24,2,174.7,349.4,20,3. Before 4 weeks,Thursday,4
RES013437,9-Aug-24,Phone,0.Non-member,Cancelled,17-Sep-24,2,175.9,351.8,39,4. More than 4 weeks,Tuesday,2
RES013447,10-Oct-24,Connected Wholesaler,0.Non-member,Cancelled,19-Oct-24,2,145.89,291.78,9,2. Before 2 weeks,Saturday,6
RES013488,8-Oct-24,Phone,0.Non-member,Cancelled,24-Oct-24,2,156.61,313.22,16,3. Before 4 weeks,Thursday,4
RES013569,9-Sep-24,At the hotel,0.Non-member,Cancelled,20-Sep-24,2,70.47,140.94,11,2. Before 2 weeks,Friday,5
RES013665,6-Oct-24,At the hotel,0.Non-member,Cancelled,12-Oct-24,2,70.47,140.94,6,1. Before a week,Saturday,6
RES013670,14-Sep-24,Connected Wholesaler,0.Non-member,Cancelled,19-Sep-24,2,178.62,357.24,5,1. Before a week,Thursday,4
RES013681,8-Aug-24,GDS,0.Non-member,Cancelled,16-Sep-24,2,198.79,397.58,39,4. More than 4 weeks,Monday,1
RES013712,1-Oct-24,At the hotel,0.Non-member,Cancelled,2-Oct-24,2,77.43,154.86,1,1. Before a week,Wednesday,3
RES013720,3-Sep-24,Phone,0.Non-member,Cancelled,22-Oct-24,2,210.84,421.68,49,4. More than 4 weeks,Tuesday,2
RES013723,22-Sep-24,GDS,0.Non-member,Cancelled,26-Sep-24,2,176.47,352.94,4,1. Before a week,Thursday,4
RES013730,4-Sep-24,GDS,0.Non-member,Cancelled,13-Sep-24,2,134.34,268.68,9,2. Before 2 weeks,Friday,5
RES013740,11-Sep-24,GDS,0.Non-member,Cancelled,18-Sep-24,2,180.35,360.7,7,1. Before a week,Wednesday,3
RES013846,14-Aug-24,Phone,0.Non-member,Cancelled,9-Sep-24,2,118.17,236.34,26,3. Before 4 weeks,Monday,1
RES013851,10-Sep-24,GDS,0.Non-member,Cancelled,10-Oct-24,2,150.53,301.06,30,4. More than 4 weeks,Thursday,4
RES013885,9-Oct-24,GDS,0.Non-member,Cancelled,26-Oct-24,2,137.4,274.8,17,3. Before 4 weeks,Saturday,6
RES013886,18-Sep-24,GDS,0.Non-member,Cancelled,1-Oct-24,2,277.33,554.66,13,2. Before 2 weeks,Tuesday,2
RES013901,6-Oct-24,At the hotel,0.Non-member,Cancelled,13-Oct-24,2,78.59,157.18,7,1. Before a week,Sunday,0
RES013923,6-Oct-24,Connected Wholesaler,0.Non-member,Cancelled,26-Oct-24,2,141.98,283.96,20,3. Before 4 weeks,Saturday,6
RES013928,24-Sep-24,Phone,0.Non-member,Cancelled,23-Oct-24,2,229.22,458.44,29,4. More than 4 weeks,Wednesday,3
RES013984,30-Aug-24,GDS,0.Non-member,Cancelled,23-Sep-24,2,170.98,341.96,24,3. Before 4 weeks,Monday,1
RES013995,15-Oct-24,GDS,0.Non-member,Cancelled,20-Oct-24,2,132.04,264.08,5,1. Before a week,Sunday,0
RES014002,24-Sep-24,At the hotel,0.Non-member,Cancelled,28-Sep-24,2,149.4,298.8,4,1. Before a week,Saturday,6
RES014043,24-Sep-24,Connected Wholesaler,0.Non-member,Cancelled,3-Nov-24,2,191.39,382.78,40,4. More than 4 weeks,Sunday,0
RES014056,24-Sep-24,Velora.com,0.Non-member,Cancelled,2-Oct-24,2,134.4,268.8,8,2. Before 2 weeks,Wednesday,3
RES014094,7-Oct-24,At the hotel,0.Non-member,Cancelled,15-Oct-24,2,48.48,96.96,8,2. Before 2 weeks,Tuesday,2
RES014114,26-Oct-24,At the hotel,0.Non-member,Cancelled,27-Oct-24,2,126.61,253.22,1,1. Before a week,Sunday,0
RES014218,8-Sep-24,GDS,0.Non-member,Cancelled,8-Oct-24,2,150.59,301.18,30,4. More than 4 weeks,Tuesday,2
RES014252,17-Aug-24,Connected Wholesaler,0.Non-member,Cancelled,25-Sep-24,2,210.09,420.18,39,4. More than 4 weeks,Wednesday,3
RES014262,23-Sep-24,GDS,0.Non-member,Cancelled,17-Oct-24,2,262.58,525.16,24,3. Before 4 weeks,Thursday,4
RES014275,7-Aug-24,Connected Wholesaler,0.Non-member,Cancelled,4-Sep-24,2,208.36,416.72,28,3. Before 4 weeks,Wednesday,3
RES014307,21-Sep-24,At the hotel,0.Non-member,Cancelled,2-Oct-24,2,168.32,336.64,11,2. Before 2 weeks,Wednesday,3
RES014344,15-Oct-24,Connected Wholesaler,0.Non-member,Cancelled,17-Oct-24,2,137.76,275.52,2,1. Before a week,Thursday,4
RES014351,17-Sep-24,Phone,0.Non-member,Cancelled,27-Oct-24,2,174.84,349.68,40,4. More than 4 weeks,Sunday,0
RES014372,5-Sep-24,At the hotel,0.Non-member,Cancelled,6-Sep-24,2,188.54,377.08,1,1. Before a week,Friday,5
RES014444,6-Oct-24,Connected Wholesaler,0.Non-member,Cancelled,12-Oct-24,2,104.96,209.92,6,1. Before a week,Saturday,6
RES014460,12-Sep-24,GDS,0.Non-member,Cancelled,27-Sep-24,2,134.4,268.8,15,3. Before 4 weeks,Friday,5
RES014517,11-Oct-24,At the hotel,0.Non-member,Cancelled,25-Oct-24,2,139.39,278.78,14,2. Before 2 weeks,Friday,5
RES014558,25-Sep-24,At the hotel,0.Non-member,Cancelled,2-Oct-24,2,72.35,144.7,7,1. Before a week,Wednesday,3
RES014616,27-Sep-24,GDS,0.Non-member,Cancelled,7-Oct-24,2,169.69,339.38,10,2. Before 2 weeks,Monday,1
RES014622,24-Sep-24,GDS,0.Non-member,Cancelled,3-Oct-24,2,204.21,408.42,9,2. Before 2 weeks,Thursday,4
RES014628,8-Oct-24,At the hotel,0.Non-member,Cancelled,12-Oct-24,2,333.33,666.66,4,1. Before a week,Saturday,6
RES014632,14-Aug-24,GDS,0.Non-member,Cancelled,24-Sep-24,2,162.65,325.3,41,4. More than 4 weeks,Tuesday,2
RES014670,25-Sep-24,GDS,0.Non-member,Cancelled,14-Oct-24,2,156.61,313.22,19,3. Before 4 weeks,Monday,1
RES009766,5-Sep-24,App,4.Essential,Cancelled,4-Oct-24,1,178.72,178.72,29,4. More than 4 weeks,Friday,5
RES009890,30-Aug-24,App,4.Essential,Cancelled,20-Sep-24,1,190.83,190.83,21,3. Before 4 weeks,Friday,5
RES009939,1-Jul-24,At the hotel,1.Iconic,Cancelled,26-Oct-24,1,133.33,133.33,117,4. More than 4 weeks,Saturday,6
RES010044,17-Jul-24,Phone,4.Essential,Cancelled,4-Oct-24,1,241.77,241.77,79,4. More than 4 weeks,Friday,5
RES010144,13-Aug-24,App,6.Select,Cancelled,10-Sep-24,1,177.09,177.09,28,3. Before 4 weeks,Tuesday,2
RES010222,1-Sep-24,App,4.Essential,Cancelled,6-Oct-24,1,207.88,207.88,35,4. More than 4 weeks,Sunday,0
RES010373,9-Sep-24,Phone,1.Iconic,Cancelled,29-Sep-24,1,131.06,131.06,20,3. Before 4 weeks,Sunday,0
RES010419,29-Sep-24,Connected Wholesaler,4.Essential,Cancelled,3-Nov-24,1,335.65,335.65,35,4. More than 4 weeks,Sunday,0
RES010733,14-Jan-24,App,6.Select,Cancelled,6-Oct-24,1,120.23,120.23,266,4. More than 4 weeks,Sunday,0
RES010838,30-Sep-24,App,4.Essential,Cancelled,4-Oct-24,1,138.6,138.6,4,1. Before a week,Friday,5
RES011028,24-Aug-24,App,4.Essential,Cancelled,6-Sep-24,1,193.53,193.53,13,2. Before 2 weeks,Friday,5
RES011060,24-Apr-24,At the hotel,1.Iconic,Cancelled,4-Oct-24,1,144.58,144.58,163,4. More than 4 weeks,Friday,5
RES011062,3-Oct-24,App,4.Essential,Cancelled,17-Oct-24,1,225.94,225.94,14,2. Before 2 weeks,Thursday,4
RES011063,8-Sep-24,At the hotel,4.Essential,Cancelled,9-Sep-24,1,145.45,145.45,1,1. Before a week,Monday,1
RES011125,20-Sep-24,At the hotel,6.Select,Cancelled,14-Oct-24,1,156.62,156.62,24,3. Before 4 weeks,Monday,1
RES011216,25-Sep-24,App,4.Essential,Cancelled,1-Oct-24,1,162.63,162.63,6,1. Before a week,Tuesday,2
RES011251,6-Apr-24,At the hotel,1.Iconic,Cancelled,5-Oct-24,1,98.79,98.79,182,4. More than 4 weeks,Saturday,6
RES011594,23-Sep-24,App,4.Essential,Cancelled,29-Sep-24,1,145.99,145.99,6,1. Before a week,Sunday,0
RES011629,2-Sep-24,Phone,6.Select,Cancelled,26-Sep-24,1,207.79,207.79,24,3. Before 4 weeks,Thursday,4
RES011721,31-Jul-24,App,4.Essential,Cancelled,24-Sep-24,1,252.99,252.99,55,4. More than 4 weeks,Tuesday,2
RES011731,9-Sep-24,App,4.Essential,Cancelled,10-Oct-24,1,213.71,213.71,31,4. More than 4 weeks,Thursday,4
RES011734,15-Oct-24,At the hotel,2.Elite,Cancelled,16-Oct-24,1,215.64,215.64,1,1. Before a week,Wednesday,3
RES011827,27-Jun-24,At the hotel,1.Iconic,Cancelled,22-Oct-24,1,133.33,133.33,117,4. More than 4 weeks,Tuesday,2
RES011907,7-Aug-24,Phone,4.Essential,Cancelled,13-Sep-24,1,183.11,183.11,37,4. More than 4 weeks,Friday,5
RES011987,2-Oct-24,At the hotel,5.Preferred,Cancelled,2-Oct-24,1,150.73,150.73,0,1. Before a week,Wednesday,3
RES012072,18-Sep-24,App,4.Essential,Cancelled,9-Oct-24,1,213.43,213.43,21,3. Before 4 weeks,Wednesday,3
RES012094,26-Aug-24,App,6.Select,Cancelled,20-Oct-24,1,150.59,150.59,55,4. More than 4 weeks,Sunday,0
RES012102,9-Apr-24,At the hotel,1.Iconic,Cancelled,3-Oct-24,1,133.33,133.33,177,4. More than 4 weeks,Thursday,4
RES012185,6-Aug-24,App,4.Essential,Cancelled,29-Oct-24,1,330.74,330.74,84,4. More than 4 weeks,Tuesday,2
RES012533,31-Aug-24,At the hotel,4.Essential,Cancelled,18-Sep-24,1,143.36,143.36,18,3. Before 4 weeks,Wednesday,3
RES012639,30-Aug-24,App,4.Essential,Cancelled,4-Oct-24,1,163.85,163.85,35,4. More than 4 weeks,Friday,5
RES012909,25-Aug-24,At the hotel,5.Preferred,Cancelled,1-Oct-24,1,157.57,157.57,37,4. More than 4 weeks,Tuesday,2
RES012937,6-May-24,Phone,3.Premier,Cancelled,4-Sep-24,1,121.68,121.68,121,4. More than 4 weeks,Wednesday,3
RES013022,25-Sep-24,At the hotel,1.Iconic,Cancelled,28-Sep-24,1,133.33,133.33,3,1. Before a week,Saturday,6
RES013031,11-Jul-24,Phone,4.Essential,Cancelled,16-Sep-24,1,306.35,306.35,67,4. More than 4 weeks,Monday,1
RES013044,19-Apr-24,App,4.Essential,Cancelled,25-Sep-24,1,165.06,165.06,159,4. More than 4 weeks,Wednesday,3
RES013073,30-Apr-24,At the hotel,1.Iconic,Cancelled,29-Oct-24,1,98.79,98.79,182,4. More than 4 weeks,Tuesday,2
RES013137,25-Aug-24,Connected Wholesaler,4.Essential,Cancelled,13-Sep-24,1,105.18,105.18,19,3. Before 4 weeks,Friday,5
RES013275,19-Aug-24,Phone,4.Essential,Cancelled,7-Sep-24,1,112.05,112.05,19,3. Before 4 weeks,Saturday,6
RES013334,27-Jul-24,App,4.Essential,Cancelled,13-Sep-24,1,138.55,138.55,48,4. More than 4 weeks,Friday,5
RES013341,5-Oct-24,App,6.Select,Cancelled,31-Oct-24,1,286.8,286.8,26,3. Before 4 weeks,Thursday,4
RES013564,18-Sep-24,At the hotel,3.Premier,Cancelled,7-Oct-24,1,150.91,150.91,19,3. Before 4 weeks,Monday,1
RES013636,23-Apr-24,At the hotel,1.Iconic,Cancelled,3-Oct-24,1,144.58,144.58,163,4. More than 4 weeks,Thursday,4
RES013703,16-Sep-24,At the hotel,2.Elite,Cancelled,25-Oct-24,1,156.61,156.61,39,4. More than 4 weeks,Friday,5
RES014024,6-Sep-24,App,4.Essential,Cancelled,2-Oct-24,1,166.16,166.16,26,3. Before 4 weeks,Wednesday,3
RES014368,15-Sep-24,App,4.Essential,Cancelled,19-Sep-24,1,266.66,266.66,4,1. Before a week,Thursday,4
RES014655,12-Aug-24,App,4.Essential,Cancelled,19-Sep-24,1,144.58,144.58,38,4. More than 4 weeks,Thursday,4
RES014662,24-Sep-24,Phone,4.Essential,Cancelled,4-Oct-24,1,212.79,212.79,10,2. Before 2 weeks,Friday,5
RES009726,21-Sep-24,GDS,1.Iconic,Cancelled,17-Oct-24,1,132.65,132.65,26,3. Before 4 weeks,Thursday,4
RES009778,20-Aug-24,GDS,4.Essential,Cancelled,4-Sep-24,1,116.02,116.02,15,3. Before 4 weeks,Wednesday,3
RES009788,21-Sep-24,GDS,3.Premier,Cancelled,17-Oct-24,1,206.19,206.19,26,3. Before 4 weeks,Thursday,4
RES009877,1-Oct-24,GDS,4.Essential,Cancelled,3-Oct-24,1,200.7,200.7,2,1. Before a week,Thursday,4
RES009880,9-Sep-24,GDS,5.Preferred,Cancelled,18-Sep-24,1,134.4,134.4,9,2. Before 2 weeks,Wednesday,3
RES009912,7-Sep-24,GDS,6.Select,Cancelled,31-Oct-24,1,330.87,330.87,54,4. More than 4 weeks,Thursday,4
RES009968,7-Oct-24,GDS,3.Premier,Cancelled,28-Oct-24,1,233.74,233.74,21,3. Before 4 weeks,Monday,1
RES009977,15-Sep-24,GDS,4.Essential,Cancelled,1-Oct-24,1,122.13,122.13,16,3. Before 4 weeks,Tuesday,2
RES009984,4-Sep-24,GDS,4.Essential,Cancelled,24-Sep-24,1,195.26,195.26,20,3. Before 4 weeks,Tuesday,2
RES009987,4-Aug-24,GDS,5.Preferred,Cancelled,1-Oct-24,1,82.6,82.6,58,4. More than 4 weeks,Tuesday,2
RES009991,3-Oct-24,GDS,2.Elite,Cancelled,6-Oct-24,1,112.05,112.05,3,1. Before a week,Sunday,0
RES010023,5-Sep-24,GDS,5.Preferred,Cancelled,3-Oct-24,1,163.61,163.61,28,3. Before 4 weeks,Thursday,4
RES010247,10-Sep-24,GDS,2.Elite,Cancelled,10-Oct-24,1,184.38,184.38,30,4. More than 4 weeks,Thursday,4
RES010335,10-Aug-24,GDS,5.Preferred,Cancelled,7-Oct-24,1,180.72,180.72,58,4. More than 4 weeks,Monday,1
RES010358,10-Aug-24,GDS,5.Preferred,Cancelled,2-Oct-24,1,200.6,200.6,53,4. More than 4 weeks,Wednesday,3
RES010548,9-Aug-24,GDS,3.Premier,Cancelled,11-Oct-24,1,157.57,157.57,63,4. More than 4 weeks,Friday,5
RES010552,19-Oct-24,GDS,5.Preferred,Cancelled,27-Oct-24,1,114.46,114.46,8,2. Before 2 weeks,Sunday,0
RES010621,8-Aug-24,GDS,2.Elite,Cancelled,11-Sep-24,1,269.91,269.91,34,4. More than 4 weeks,Wednesday,3
RES010667,21-Aug-24,GDS,3.Premier,Cancelled,14-Sep-24,1,138.85,138.85,24,3. Before 4 weeks,Saturday,6
RES010717,18-Jul-24,GDS,4.Essential,Cancelled,19-Sep-24,1,165.89,165.89,63,4. More than 4 weeks,Thursday,4
RES010727,20-Jul-24,GDS,2.Elite,Cancelled,6-Oct-24,1,171.2,171.2,78,4. More than 4 weeks,Sunday,0
RES010931,2-Sep-24,GDS,3.Premier,Cancelled,9-Oct-24,1,82.6,82.6,37,4. More than 4 weeks,Wednesday,3
RES010961,1-Aug-24,GDS,5.Preferred,Cancelled,28-Sep-24,1,133.13,133.13,58,4. More than 4 weeks,Saturday,6
RES010987,17-Oct-24,GDS,6.Select,Cancelled,29-Oct-24,1,156.75,156.75,12,2. Before 2 weeks,Tuesday,2
RES011017,18-Sep-24,GDS,2.Elite,Cancelled,25-Oct-24,1,168.67,168.67,37,4. More than 4 weeks,Friday,5
RES011112,22-Aug-24,GDS,2.Elite,Cancelled,16-Sep-24,1,240.94,240.94,25,3. Before 4 weeks,Monday,1
RES011227,24-Oct-24,GDS,5.Preferred,Cancelled,29-Oct-24,1,186.86,186.86,5,1. Before a week,Tuesday,2
RES011273,30-Aug-24,GDS,1.Iconic,Cancelled,12-Sep-24,1,133.13,133.13,13,2. Before 2 weeks,Thursday,4
RES011326,29-Aug-24,GDS,6.Select,Cancelled,14-Oct-24,1,228.61,228.61,46,4. More than 4 weeks,Monday,1
RES011374,30-Sep-24,GDS,5.Preferred,Cancelled,9-Oct-24,1,134.34,134.34,9,2. Before 2 weeks,Wednesday,3
RES011405,13-Oct-24,GDS,2.Elite,Cancelled,28-Oct-24,1,117.77,117.77,15,3. Before 4 weeks,Monday,1
RES011469,7-Sep-24,GDS,6.Select,Cancelled,7-Oct-24,1,164.88,164.88,30,4. More than 4 weeks,Monday,1
RES011562,26-Jul-24,GDS,5.Preferred,Cancelled,20-Oct-24,1,168.66,168.66,86,4. More than 4 weeks,Sunday,0
RES011613,13-Sep-24,GDS,5.Preferred,Cancelled,20-Oct-24,1,257.96,257.96,37,4. More than 4 weeks,Sunday,0
RES011614,11-Aug-24,GDS,3.Premier,Cancelled,17-Sep-24,1,82.6,82.6,37,4. More than 4 weeks,Tuesday,2
RES011620,6-Sep-24,GDS,2.Elite,Cancelled,10-Oct-24,1,160.91,160.91,34,4. More than 4 weeks,Thursday,4
RES011642,10-Jul-24,GDS,4.Essential,Cancelled,18-Oct-24,1,147.11,147.11,100,4. More than 4 weeks,Friday,5
RES011671,27-Oct-24,GDS,2.Elite,Cancelled,1-Nov-24,1,126.49,126.49,5,1. Before a week,Friday,5
RES011672,22-Aug-24,GDS,4.Essential,Cancelled,12-Sep-24,1,177.09,177.09,21,3. Before 4 weeks,Thursday,4
RES011830,24-Aug-24,GDS,3.Premier,Cancelled,21-Sep-24,1,143.17,143.17,28,3. Before 4 weeks,Saturday,6
RES011834,22-Aug-24,GDS,2.Elite,Cancelled,13-Oct-24,1,163.98,163.98,52,4. More than 4 weeks,Sunday,0
RES011850,16-Sep-24,GDS,5.Preferred,Cancelled,17-Oct-24,1,162.78,162.78,31,4. More than 4 weeks,Thursday,4
RES011874,17-Oct-24,GDS,4.Essential,Cancelled,27-Oct-24,1,97.29,97.29,10,2. Before 2 weeks,Sunday,0
RES011913,23-Sep-24,GDS,6.Select,Cancelled,6-Oct-24,1,157.57,157.57,13,2. Before 2 weeks,Sunday,0
RES011922,25-Oct-24,GDS,2.Elite,Cancelled,30-Oct-24,1,128.72,128.72,5,1. Before a week,Wednesday,3
RES012100,8-Jul-24,GDS,5.Preferred,Cancelled,4-Oct-24,1,268.61,268.61,88,4. More than 4 weeks,Friday,5
RES012150,15-Sep-24,GDS,5.Preferred,Cancelled,18-Oct-24,1,204.99,204.99,33,4. More than 4 weeks,Friday,5
RES012158,31-Oct-24,GDS,3.Premier,Cancelled,31-Oct-24,1,82.6,82.6,0,1. Before a week,Thursday,4
RES012209,7-Oct-24,GDS,6.Select,Cancelled,8-Oct-24,1,112.05,112.05,1,1. Before a week,Tuesday,2
RES012210,9-Oct-24,GDS,4.Essential,Cancelled,28-Oct-24,1,132.52,132.52,19,3. Before 4 weeks,Monday,1
RES012324,15-Aug-24,GDS,5.Preferred,Cancelled,8-Oct-24,1,225.94,225.94,54,4. More than 4 weeks,Tuesday,2
RES012326,25-Sep-24,GDS,1.Iconic,Cancelled,21-Oct-24,1,169.78,169.78,26,3. Before 4 weeks,Monday,1
RES012377,9-Aug-24,GDS,4.Essential,Cancelled,2-Oct-24,1,306.82,306.82,54,4. More than 4 weeks,Wednesday,3
RES012460,8-Aug-24,GDS,3.Premier,Cancelled,20-Sep-24,1,117.87,117.87,43,4. More than 4 weeks,Friday,5
RES012498,16-Jul-24,GDS,3.Premier,Cancelled,29-Oct-24,1,215.06,215.06,105,4. More than 4 weeks,Tuesday,2
RES012514,19-Aug-24,GDS,3.Premier,Cancelled,19-Sep-24,1,156.61,156.61,31,4. More than 4 weeks,Thursday,4
RES012564,30-Aug-24,GDS,5.Preferred,Cancelled,16-Sep-24,1,330.16,330.16,17,3. Before 4 weeks,Monday,1
RES012614,18-Sep-24,GDS,3.Premier,Cancelled,10-Oct-24,1,158.77,158.77,22,3. Before 4 weeks,Thursday,4
RES012625,3-Aug-24,GDS,2.Elite,Cancelled,11-Sep-24,1,120.48,120.48,39,4. More than 4 weeks,Wednesday,3
RES012660,8-Sep-24,GDS,3.Premier,Cancelled,23-Oct-24,1,166.07,166.07,45,4. More than 4 weeks,Wednesday,3
RES012676,2-Sep-24,GDS,6.Select,Cancelled,25-Sep-24,1,133.13,133.13,23,3. Before 4 weeks,Wednesday,3
RES012736,24-Sep-24,GDS,1.Iconic,Cancelled,17-Oct-24,1,187.88,187.88,23,3. Before 4 weeks,Thursday,4
RES012740,16-Sep-24,GDS,2.Elite,Cancelled,23-Oct-24,1,145.59,145.59,37,4. More than 4 weeks,Wednesday,3
RES012744,27-Jun-24,GDS,6.Select,Cancelled,24-Oct-24,1,164.88,164.88,119,4. More than 4 weeks,Thursday,4
RES012799,3-Aug-24,GDS,4.Essential,Cancelled,8-Oct-24,1,220.7,220.7,66,4. More than 4 weeks,Tuesday,2
RES012803,13-Jul-24,GDS,4.Essential,Cancelled,14-Sep-24,1,153.84,153.84,63,4. More than 4 weeks,Saturday,6
RES012817,19-Aug-24,GDS,6.Select,Cancelled,19-Oct-24,1,159.66,159.66,61,4. More than 4 weeks,Saturday,6
RES012862,23-Sep-24,GDS,5.Preferred,Cancelled,11-Oct-24,1,168.06,168.06,18,3. Before 4 weeks,Friday,5
RES012863,24-Oct-24,GDS,1.Iconic,Cancelled,27-Oct-24,1,203.47,203.47,3,1. Before a week,Sunday,0
RES012915,1-Oct-24,GDS,2.Elite,Cancelled,26-Oct-24,1,192.77,192.77,25,3. Before 4 weeks,Saturday,6
RES012933,7-Aug-24,GDS,5.Preferred,Cancelled,3-Oct-24,1,164.88,164.88,57,4. More than 4 weeks,Thursday,4
RES012947,14-Sep-24,GDS,2.Elite,Cancelled,10-Oct-24,1,125.99,125.99,26,3. Before 4 weeks,Thursday,4
RES013005,23-Sep-24,GDS,2.Elite,Cancelled,4-Oct-24,1,156.75,156.75,11,2. Before 2 weeks,Friday,5
RES013038,10-Sep-24,GDS,5.Preferred,Cancelled,11-Oct-24,1,112.65,112.65,31,4. More than 4 weeks,Friday,5
RES013060,6-Sep-24,GDS,5.Preferred,Cancelled,17-Sep-24,1,132.53,132.53,11,2. Before 2 weeks,Tuesday,2
RES013061,8-May-24,GDS,4.Essential,Cancelled,20-Sep-24,1,200.16,200.16,135,4. More than 4 weeks,Friday,5
RES013085,18-Jul-24,GDS,4.Essential,Cancelled,12-Sep-24,1,204.82,204.82,56,4. More than 4 weeks,Thursday,4
RES013179,9-Aug-24,GDS,2.Elite,Cancelled,9-Sep-24,1,199.68,199.68,31,4. More than 4 weeks,Monday,1
RES013222,6-Oct-24,GDS,2.Elite,Cancelled,22-Oct-24,1,148.48,148.48,16,3. Before 4 weeks,Tuesday,2
RES013386,30-Sep-24,GDS,4.Essential,Cancelled,23-Oct-24,1,148,148,23,3. Before 4 weeks,Wednesday,3
RES013500,13-Sep-24,GDS,5.Preferred,Cancelled,12-Oct-24,1,168.34,168.34,29,4. More than 4 weeks,Saturday,6
RES013514,13-Sep-24,GDS,3.Premier,Cancelled,31-Oct-24,1,132.53,132.53,48,4. More than 4 weeks,Thursday,4
RES013529,17-Oct-24,GDS,5.Preferred,Cancelled,27-Oct-24,1,102.4,102.4,10,2. Before 2 weeks,Sunday,0
RES013541,5-Sep-24,GDS,6.Select,Cancelled,23-Sep-24,1,235.13,235.13,18,3. Before 4 weeks,Monday,1
RES013570,3-Sep-24,GDS,6.Select,Cancelled,10-Sep-24,1,144.58,144.58,7,1. Before a week,Tuesday,2
RES013603,18-Oct-24,GDS,2.Elite,Cancelled,29-Oct-24,1,107.62,107.62,11,2. Before 2 weeks,Tuesday,2
RES013604,25-Aug-24,GDS,1.Iconic,Cancelled,7-Sep-24,1,112.65,112.65,13,2. Before 2 weeks,Saturday,6
RES013653,16-Sep-24,GDS,2.Elite,Cancelled,15-Oct-24,1,159.91,159.91,29,4. More than 4 weeks,Tuesday,2
RES013663,4-Aug-24,GDS,3.Premier,Cancelled,19-Sep-24,1,133.33,133.33,46,4. More than 4 weeks,Thursday,4
RES013702,9-Aug-24,GDS,4.Essential,Cancelled,11-Oct-24,1,135.77,135.77,63,4. More than 4 weeks,Friday,5
RES013792,27-Sep-24,GDS,5.Preferred,Cancelled,30-Oct-24,1,184.36,184.36,33,4. More than 4 weeks,Wednesday,3
RES013811,9-Aug-24,GDS,2.Elite,Cancelled,13-Sep-24,1,198.79,198.79,35,4. More than 4 weeks,Friday,5
RES013891,13-Sep-24,GDS,2.Elite,Cancelled,19-Sep-24,1,143.37,143.37,6,1. Before a week,Thursday,4
RES013893,15-Jul-24,GDS,2.Elite,Cancelled,6-Sep-24,1,213.73,213.73,53,4. More than 4 weeks,Friday,5
RES013944,9-Jul-24,GDS,3.Premier,Cancelled,2-Oct-24,1,158.77,158.77,85,4. More than 4 weeks,Wednesday,3
RES014013,19-Sep-24,GDS,5.Preferred,Cancelled,31-Oct-24,1,174.84,174.84,42,4. More than 4 weeks,Thursday,4
RES014020,17-Aug-24,GDS,5.Preferred,Cancelled,5-Sep-24,1,228.38,228.38,19,3. Before 4 weeks,Thursday,4
RES014023,21-Oct-24,GDS,1.Iconic,Cancelled,2-Nov-24,1,138.24,138.24,12,2. Before 2 weeks,Saturday,6
RES014068,21-Sep-24,GDS,2.Elite,Cancelled,22-Oct-24,1,210.82,210.82,31,4. More than 4 weeks,Tuesday,2
RES014111,4-Aug-24,GDS,4.Essential,Cancelled,13-Sep-24,1,122.88,122.88,40,4. More than 4 weeks,Friday,5
RES014130,26-Aug-24,GDS,4.Essential,Cancelled,27-Oct-24,1,133.35,133.35,62,4. More than 4 weeks,Sunday,0
RES014348,2-Oct-24,GDS,4.Essential,Cancelled,23-Oct-24,1,154.67,154.67,21,3. Before 4 weeks,Wednesday,3
RES014422,7-Oct-24,GDS,5.Preferred,Cancelled,27-Oct-24,1,173.54,173.54,20,3. Before 4 weeks,Sunday,0
RES014459,4-Oct-24,GDS,2.Elite,Cancelled,6-Oct-24,1,100.97,100.97,2,1. Before a week,Sunday,0
RES014476,2-Aug-24,GDS,5.Preferred,Cancelled,10-Sep-24,1,82.6,82.6,39,4. More than 4 weeks,Tuesday,2
RES014498,9-Oct-24,GDS,3.Premier,Cancelled,25-Oct-24,1,180.48,180.48,16,3. Before 4 weeks,Friday,5
RES014621,4-Sep-24,GDS,6.Select,Cancelled,27-Sep-24,1,112.65,112.65,23,3. Before 4 weeks,Friday,5
RES014665,21-Oct-24,GDS,6.Select,Cancelled,24-Oct-24,1,82.6,82.6,3,1. Before a week,Thursday,4
RES014667,2-Oct-24,GDS,4.Essential,Cancelled,15-Oct-24,1,179.88,179.88,13,2. Before 2 weeks,Tuesday,2
RES014710,9-Sep-24,GDS,4.Essential,Cancelled,18-Sep-24,1,259.85,259.85,9,2. Before 2 weeks,Wednesday,3
RES014714,14-Aug-24,GDS,5.Preferred,Cancelled,15-Oct-24,1,274.38,274.38,62,4. More than 4 weeks,Tuesday,2
RES009754,9-Sep-24,Velora.com,2.Elite,Cancelled,14-Oct-24,1,148.89,148.89,35,4. More than 4 weeks,Monday,1
RES009760,31-Aug-24,Velora.com,5.Preferred,Cancelled,5-Oct-24,1,158.79,158.79,35,4. More than 4 weeks,Saturday,6
RES009776,26-Sep-24,Velora.com,4.Essential,Cancelled,30-Sep-24,1,129.61,129.61,4,1. Before a week,Monday,1
RES009819,2-Sep-24,Velora.com,4.Essential,Cancelled,2-Nov-24,1,137.35,137.35,61,4. More than 4 weeks,Saturday,6
RES009825,1-Oct-24,Velora.com,3.Premier,Cancelled,14-Oct-24,1,249.45,249.45,13,2. Before 2 weeks,Monday,1
RES009828,29-Jul-24,Velora.com,3.Premier,Cancelled,21-Sep-24,1,154.64,154.64,54,4. More than 4 weeks,Saturday,6
RES009841,29-Aug-24,Velora.com,3.Premier,Cancelled,15-Sep-24,1,168.32,168.32,17,3. Before 4 weeks,Sunday,0
RES009891,4-Feb-24,Velora.com,2.Elite,Cancelled,15-Oct-24,1,34.25,34.25,254,4. More than 4 weeks,Tuesday,2
RES009892,12-Aug-24,Velora.com,3.Premier,Cancelled,23-Sep-24,1,198.66,198.66,42,4. More than 4 weeks,Monday,1
RES009975,9-Oct-24,Velora.com,3.Premier,Cancelled,17-Oct-24,1,206.19,206.19,8,2. Before 2 weeks,Thursday,4
RES010014,11-Aug-24,Velora.com,5.Preferred,Cancelled,29-Sep-24,1,341.81,341.81,49,4. More than 4 weeks,Sunday,0
RES010015,19-Jun-24,Velora.com,3.Premier,Cancelled,11-Sep-24,1,112.14,112.14,84,4. More than 4 weeks,Wednesday,3
RES010075,15-Jul-24,Velora.com,3.Premier,Cancelled,10-Oct-24,1,247.95,247.95,87,4. More than 4 weeks,Thursday,4
RES010085,27-Sep-24,Velora.com,5.Preferred,Cancelled,18-Oct-24,1,126.34,126.34,21,3. Before 4 weeks,Friday,5
RES010092,26-Jul-24,Velora.com,4.Essential,Cancelled,26-Sep-24,1,194.82,194.82,62,4. More than 4 weeks,Thursday,4
RES010097,25-Aug-24,Velora.com,5.Preferred,Cancelled,5-Oct-24,1,142.01,142.01,41,4. More than 4 weeks,Saturday,6
RES010098,22-Aug-24,Velora.com,5.Preferred,Cancelled,1-Oct-24,1,241.54,241.54,40,4. More than 4 weeks,Tuesday,2
RES010127,13-Aug-24,Velora.com,2.Elite,Cancelled,4-Sep-24,1,144.28,144.28,22,3. Before 4 weeks,Wednesday,3
RES010174,12-Oct-24,Velora.com,6.Select,Cancelled,17-Oct-24,1,268.83,268.83,5,1. Before a week,Thursday,4
RES010199,3-Sep-24,Velora.com,4.Essential,Cancelled,16-Sep-24,1,192.75,192.75,13,2. Before 2 weeks,Monday,1
RES010230,20-Sep-24,Velora.com,5.Preferred,Cancelled,19-Oct-24,1,171.68,171.68,29,4. More than 4 weeks,Saturday,6
RES010248,6-Sep-24,Velora.com,1.Iconic,Cancelled,19-Oct-24,1,112.05,112.05,43,4. More than 4 weeks,Saturday,6
RES010328,2-Oct-24,Velora.com,3.Premier,Cancelled,8-Oct-24,1,114.7,114.7,6,1. Before a week,Tuesday,2
RES010353,15-Jun-24,Velora.com,3.Premier,Cancelled,13-Sep-24,1,219.46,219.46,90,4. More than 4 weeks,Friday,5
RES010367,28-Aug-24,Velora.com,3.Premier,Cancelled,3-Sep-24,1,177.09,177.09,6,1. Before a week,Tuesday,2
RES010409,8-Sep-24,Velora.com,4.Essential,Cancelled,4-Oct-24,1,162.43,162.43,26,3. Before 4 weeks,Friday,5
RES010437,25-Oct-24,Velora.com,4.Essential,Cancelled,30-Oct-24,1,167.08,167.08,5,1. Before a week,Wednesday,3
RES010448,10-Sep-24,Velora.com,3.Premier,Cancelled,23-Sep-24,1,35.73,35.73,13,2. Before 2 weeks,Monday,1
RES010450,22-Sep-24,Velora.com,4.Essential,Cancelled,8-Oct-24,1,141.68,141.68,16,3. Before 4 weeks,Tuesday,2
RES010453,25-Aug-24,Velora.com,2.Elite,Cancelled,1-Oct-24,1,178.59,178.59,37,4. More than 4 weeks,Tuesday,2
RES010456,11-Aug-24,Velora.com,3.Premier,Cancelled,20-Sep-24,1,33.81,33.81,40,4. More than 4 weeks,Friday,5
RES010462,9-Oct-24,Velora.com,1.Iconic,Cancelled,14-Oct-24,1,112.85,112.85,5,1. Before a week,Monday,1
RES010489,15-Oct-24,Velora.com,5.Preferred,Cancelled,24-Oct-24,1,168.67,168.67,9,2. Before 2 weeks,Thursday,4
RES010494,4-Jun-24,Velora.com,5.Preferred,Cancelled,3-Sep-24,1,183.2,183.2,91,4. More than 4 weeks,Tuesday,2
RES010501,24-Sep-24,Velora.com,5.Preferred,Cancelled,15-Oct-24,1,84.25,84.25,21,3. Before 4 weeks,Tuesday,2
RES010560,23-Jul-24,Velora.com,2.Elite,Cancelled,28-Oct-24,1,168.62,168.62,97,4. More than 4 weeks,Monday,1
RES010569,13-Oct-24,Velora.com,1.Iconic,Cancelled,15-Oct-24,1,106.91,106.91,2,1. Before a week,Tuesday,2
RES010595,27-Aug-24,Velora.com,2.Elite,Cancelled,27-Sep-24,1,119.27,119.27,31,4. More than 4 weeks,Friday,5
RES010613,16-Sep-24,Velora.com,3.Premier,Cancelled,28-Sep-24,1,168.45,168.45,12,2. Before 2 weeks,Saturday,6
RES010619,7-Oct-24,Velora.com,5.Preferred,Cancelled,26-Oct-24,1,34.25,34.25,19,3. Before 4 weeks,Saturday,6
RES010642,5-Sep-24,Velora.com,4.Essential,Cancelled,19-Oct-24,1,93.45,93.45,44,4. More than 4 weeks,Saturday,6
RES010648,16-Jul-24,Velora.com,4.Essential,Cancelled,14-Sep-24,1,253.32,253.32,60,4. More than 4 weeks,Saturday,6
RES010776,20-Aug-24,Velora.com,5.Preferred,Cancelled,15-Oct-24,1,198.53,198.53,56,4. More than 4 weeks,Tuesday,2
RES010800,21-Sep-24,Velora.com,4.Essential,Cancelled,4-Oct-24,1,179.84,179.84,13,2. Before 2 weeks,Friday,5
RES010821,15-Sep-24,Velora.com,5.Preferred,Cancelled,21-Sep-24,1,177.04,177.04,6,1. Before a week,Saturday,6
RES010851,25-Apr-24,Velora.com,2.Elite,Cancelled,19-Sep-24,1,300.68,300.68,147,4. More than 4 weeks,Thursday,4
RES010869,18-Sep-24,Velora.com,6.Select,Cancelled,21-Oct-24,1,317.75,317.75,33,4. More than 4 weeks,Monday,1
RES010938,25-Feb-24,Velora.com,3.Premier,Cancelled,9-Sep-24,1,109.09,109.09,197,4. More than 4 weeks,Monday,1
RES010948,13-Aug-24,Velora.com,6.Select,Cancelled,13-Sep-24,1,257.5,257.5,31,4. More than 4 weeks,Friday,5
RES011002,23-Sep-24,Velora.com,4.Essential,Cancelled,11-Oct-24,1,131.62,131.62,18,3. Before 4 weeks,Friday,5
RES011008,2-Aug-24,Velora.com,3.Premier,Cancelled,1-Oct-24,1,34.25,34.25,60,4. More than 4 weeks,Tuesday,2
RES011019,11-Oct-24,Velora.com,4.Essential,Cancelled,22-Oct-24,1,145.45,145.45,11,2. Before 2 weeks,Tuesday,2
RES011021,3-Sep-24,Velora.com,4.Essential,Cancelled,26-Oct-24,1,150.59,150.59,53,4. More than 4 weeks,Saturday,6
RES011082,1-Oct-24,Velora.com,4.Essential,Cancelled,2-Oct-24,1,154.21,154.21,1,1. Before a week,Wednesday,3
RES011095,3-Sep-24,Velora.com,3.Premier,Cancelled,17-Sep-24,1,217.04,217.04,14,2. Before 2 weeks,Tuesday,2
RES011117,11-May-24,Velora.com,4.Essential,Cancelled,4-Sep-24,1,264.67,264.67,116,4. More than 4 weeks,Wednesday,3
RES011153,27-Aug-24,Velora.com,5.Preferred,Cancelled,2-Oct-24,1,170.81,170.81,36,4. More than 4 weeks,Wednesday,3
RES011168,16-Jun-24,Velora.com,3.Premier,Cancelled,23-Sep-24,1,34.25,34.25,99,4. More than 4 weeks,Monday,1
RES011180,6-Oct-24,Velora.com,6.Select,Cancelled,10-Oct-24,1,186.49,186.49,4,1. Before a week,Thursday,4
RES011244,9-Sep-24,Velora.com,1.Iconic,Cancelled,5-Oct-24,1,169.46,169.46,26,3. Before 4 weeks,Saturday,6
RES011258,1-Sep-24,Velora.com,2.Elite,Cancelled,25-Sep-24,1,34.25,34.25,24,3. Before 4 weeks,Wednesday,3
RES011282,8-Aug-24,Velora.com,2.Elite,Cancelled,4-Sep-24,1,247.19,247.19,27,3. Before 4 weeks,Wednesday,3
RES011294,20-Sep-24,Velora.com,5.Preferred,Cancelled,1-Oct-24,1,219.2,219.2,11,2. Before 2 weeks,Tuesday,2
RES011339,18-Jul-24,Velora.com,3.Premier,Cancelled,10-Oct-24,1,118.18,118.18,84,4. More than 4 weeks,Thursday,4
RES011345,18-Aug-24,Velora.com,2.Elite,Cancelled,7-Oct-24,1,33.78,33.78,50,4. More than 4 weeks,Monday,1
RES011354,29-Sep-24,Velora.com,2.Elite,Cancelled,30-Sep-24,1,147.28,147.28,1,1. Before a week,Monday,1
RES011381,18-Sep-24,Velora.com,5.Preferred,Cancelled,14-Oct-24,1,143.62,143.62,26,3. Before 4 weeks,Monday,1
RES011409,7-Oct-24,Velora.com,6.Select,Cancelled,15-Oct-24,1,112.65,112.65,8,2. Before 2 weeks,Tuesday,2
RES011435,26-Sep-24,Velora.com,3.Premier,Cancelled,1-Oct-24,1,153.6,153.6,5,1. Before a week,Tuesday,2
RES011450,31-Aug-24,Velora.com,3.Premier,Cancelled,24-Sep-24,1,194.8,194.8,24,3. Before 4 weeks,Tuesday,2
RES011497,26-Aug-24,Velora.com,3.Premier,Cancelled,1-Oct-24,1,183.2,183.2,36,4. More than 4 weeks,Tuesday,2
RES011505,15-Jul-24,Velora.com,4.Essential,Cancelled,13-Sep-24,1,253.32,253.32,60,4. More than 4 weeks,Friday,5
RES011519,24-Sep-24,Velora.com,3.Premier,Cancelled,20-Oct-24,1,107.52,107.52,26,3. Before 4 weeks,Sunday,0
RES011578,20-Sep-24,Velora.com,5.Preferred,Cancelled,13-Oct-24,1,122.03,122.03,23,3. Before 4 weeks,Sunday,0
RES011618,21-Sep-24,Velora.com,1.Iconic,Cancelled,19-Oct-24,1,165.62,165.62,28,3. Before 4 weeks,Saturday,6
RES011639,3-Sep-24,Velora.com,3.Premier,Cancelled,7-Sep-24,1,138.18,138.18,4,1. Before a week,Saturday,6
RES011673,30-Sep-24,Velora.com,2.Elite,Cancelled,12-Oct-24,1,177.55,177.55,12,2. Before 2 weeks,Saturday,6
RES011693,17-Feb-24,Velora.com,5.Preferred,Cancelled,12-Sep-24,1,202.41,202.41,208,4. More than 4 weeks,Thursday,4
RES011694,18-Sep-24,Velora.com,6.Select,Cancelled,15-Oct-24,1,191.34,191.34,27,3. Before 4 weeks,Tuesday,2
RES011712,21-Sep-24,Velora.com,3.Premier,Cancelled,28-Sep-24,1,34.25,34.25,7,1. Before a week,Saturday,6
RES011716,30-Jul-24,Velora.com,5.Preferred,Cancelled,4-Sep-24,1,366.7,366.7,36,4. More than 4 weeks,Wednesday,3
RES011724,3-Oct-24,Velora.com,5.Preferred,Cancelled,26-Oct-24,1,108.52,108.52,23,3. Before 4 weeks,Saturday,6
RES011728,15-Jul-24,Velora.com,3.Premier,Cancelled,7-Oct-24,1,112.14,112.14,84,4. More than 4 weeks,Monday,1
RES011730,7-Sep-24,Velora.com,5.Preferred,Cancelled,13-Sep-24,1,146.08,146.08,6,1. Before a week,Friday,5
RES011753,8-Sep-24,Velora.com,3.Premier,Cancelled,27-Oct-24,1,34.25,34.25,49,4. More than 4 weeks,Sunday,0
RES011760,10-Sep-24,Velora.com,5.Preferred,Cancelled,28-Oct-24,1,200.72,200.72,48,4. More than 4 weeks,Monday,1
RES011786,18-Jul-24,Velora.com,3.Premier,Cancelled,5-Oct-24,1,148.78,148.78,79,4. More than 4 weeks,Saturday,6
RES011804,24-Sep-24,Velora.com,3.Premier,Cancelled,30-Sep-24,1,89.04,89.04,6,1. Before a week,Monday,1
RES011818,23-Aug-24,Velora.com,2.Elite,Cancelled,16-Sep-24,1,205.73,205.73,24,3. Before 4 weeks,Monday,1
RES011924,18-Aug-24,Velora.com,2.Elite,Cancelled,6-Oct-24,1,198.96,198.96,49,4. More than 4 weeks,Sunday,0
RES011934,30-Aug-24,Velora.com,4.Essential,Cancelled,27-Sep-24,1,211.02,211.02,28,3. Before 4 weeks,Friday,5
RES011942,22-Sep-24,Velora.com,3.Premier,Cancelled,9-Oct-24,1,165.44,165.44,17,3. Before 4 weeks,Wednesday,3
RES011944,10-May-24,Velora.com,4.Essential,Cancelled,20-Sep-24,1,217.18,217.18,133,4. More than 4 weeks,Friday,5
RES011960,29-Sep-24,Velora.com,3.Premier,Cancelled,21-Oct-24,1,217.04,217.04,22,3. Before 4 weeks,Monday,1
RES011970,14-Oct-24,Velora.com,6.Select,Cancelled,22-Oct-24,1,203.47,203.47,8,2. Before 2 weeks,Tuesday,2
RES012017,17-Sep-24,Velora.com,4.Essential,Cancelled,6-Oct-24,1,172.24,172.24,19,3. Before 4 weeks,Sunday,0
RES012020,3-Sep-24,Velora.com,4.Essential,Cancelled,22-Sep-24,1,158.28,158.28,19,3. Before 4 weeks,Sunday,0
RES012042,21-Mar-24,Velora.com,2.Elite,Cancelled,21-Oct-24,1,259.22,259.22,214,4. More than 4 weeks,Monday,1
RES012051,25-Sep-24,Velora.com,3.Premier,Cancelled,5-Oct-24,1,114.55,114.55,10,2. Before 2 weeks,Saturday,6
RES012062,10-Sep-24,Velora.com,3.Premier,Cancelled,26-Oct-24,1,33.81,33.81,46,4. More than 4 weeks,Saturday,6
RES012092,6-Nov-23,Velora.com,4.Essential,Cancelled,18-Oct-24,1,120.47,120.47,347,4. More than 4 weeks,Friday,5
RES012107,28-Sep-24,Velora.com,2.Elite,Cancelled,9-Oct-24,1,229.76,229.76,11,2. Before 2 weeks,Wednesday,3
RES012112,30-Aug-24,Velora.com,5.Preferred,Cancelled,29-Oct-24,1,132.53,132.53,60,4. More than 4 weeks,Tuesday,2
RES012119,24-Sep-24,Velora.com,4.Essential,Cancelled,8-Oct-24,1,156.86,156.86,14,2. Before 2 weeks,Tuesday,2
RES012156,15-Apr-24,Velora.com,5.Preferred,Cancelled,31-Oct-24,1,180.39,180.39,199,4. More than 4 weeks,Thursday,4
RES012197,29-Jun-24,Velora.com,5.Preferred,Cancelled,20-Sep-24,1,144.56,144.56,83,4. More than 4 weeks,Friday,5
RES012254,6-Sep-24,Velora.com,3.Premier,Cancelled,28-Sep-24,1,148.78,148.78,22,3. Before 4 weeks,Saturday,6
RES012261,24-Oct-24,Velora.com,5.Preferred,Cancelled,30-Oct-24,1,120.58,120.58,6,1. Before a week,Wednesday,3
RES012272,29-Sep-24,Velora.com,3.Premier,Cancelled,10-Oct-24,1,164.85,164.85,11,2. Before 2 weeks,Thursday,4
RES012282,4-Aug-24,Velora.com,5.Preferred,Cancelled,25-Sep-24,1,175.52,175.52,52,4. More than 4 weeks,Wednesday,3
RES012300,29-Jul-24,Velora.com,2.Elite,Cancelled,9-Sep-24,1,180.71,180.71,42,4. More than 4 weeks,Monday,1
RES012305,24-Jan-24,Velora.com,2.Elite,Cancelled,25-Oct-24,1,33.81,33.81,275,4. More than 4 weeks,Friday,5
RES012316,26-Sep-24,Velora.com,3.Premier,Cancelled,15-Oct-24,1,184.32,184.32,19,3. Before 4 weeks,Tuesday,2
RES012346,22-Sep-24,Velora.com,3.Premier,Cancelled,19-Oct-24,1,113.33,113.33,27,3. Before 4 weeks,Saturday,6
RES012385,28-Aug-24,Velora.com,5.Preferred,Cancelled,26-Sep-24,1,214.18,214.18,29,4. More than 4 weeks,Thursday,4
RES012499,25-Aug-24,Velora.com,3.Premier,Cancelled,16-Oct-24,1,33.99,33.99,52,4. More than 4 weeks,Wednesday,3
RES012507,2-Sep-24,Velora.com,5.Preferred,Cancelled,11-Sep-24,1,149.39,149.39,9,2. Before 2 weeks,Wednesday,3
RES012545,14-Aug-24,Velora.com,5.Preferred,Cancelled,21-Oct-24,1,209.94,209.94,68,4. More than 4 weeks,Monday,1
RES012574,17-Sep-24,Velora.com,5.Preferred,Cancelled,16-Oct-24,1,189.07,189.07,29,4. More than 4 weeks,Wednesday,3
RES012609,3-Oct-24,Velora.com,2.Elite,Cancelled,6-Oct-24,1,100.35,100.35,3,1. Before a week,Sunday,0
RES012618,30-Aug-24,Velora.com,3.Premier,Cancelled,11-Sep-24,1,206.79,206.79,12,2. Before 2 weeks,Wednesday,3
RES012651,5-Jul-24,Velora.com,1.Iconic,Cancelled,6-Sep-24,1,260.39,260.39,63,4. More than 4 weeks,Friday,5
RES012699,22-Sep-24,Velora.com,4.Essential,Cancelled,10-Oct-24,1,147.59,147.59,18,3. Before 4 weeks,Thursday,4
RES012710,2-Oct-24,Velora.com,4.Essential,Cancelled,19-Oct-24,1,151.14,151.14,17,3. Before 4 weeks,Saturday,6
RES012717,29-Sep-24,Velora.com,1.Iconic,Cancelled,3-Oct-24,1,163.6,163.6,4,1. Before a week,Thursday,4
RES012751,11-Jul-24,Velora.com,2.Elite,Cancelled,10-Oct-24,1,174.09,174.09,91,4. More than 4 weeks,Thursday,4
RES012769,29-Sep-24,Velora.com,1.Iconic,Cancelled,1-Oct-24,1,193.96,193.96,2,1. Before a week,Tuesday,2
RES012772,23-Nov-23,Velora.com,4.Essential,Cancelled,18-Oct-24,1,193.97,193.97,330,4. More than 4 weeks,Friday,5
RES012773,8-Oct-24,Velora.com,3.Premier,Cancelled,16-Oct-24,1,178.18,178.18,8,2. Before 2 weeks,Wednesday,3
RES012790,1-Sep-24,Velora.com,6.Select,Cancelled,26-Sep-24,1,33.99,33.99,25,3. Before 4 weeks,Thursday,4
RES012802,9-Oct-24,Velora.com,2.Elite,Cancelled,27-Oct-24,1,188.66,188.66,18,3. Before 4 weeks,Sunday,0
RES012846,14-Sep-24,Velora.com,5.Preferred,Cancelled,25-Sep-24,1,33.78,33.78,11,2. Before 2 weeks,Wednesday,3
RES012895,19-Sep-24,Velora.com,1.Iconic,Cancelled,7-Oct-24,1,231.63,231.63,18,3. Before 4 weeks,Monday,1
RES012901,4-Oct-24,Velora.com,6.Select,Cancelled,10-Oct-24,1,122.13,122.13,6,1. Before a week,Thursday,4
RES012904,6-Sep-24,Velora.com,5.Preferred,Cancelled,14-Sep-24,1,33.81,33.81,8,2. Before 2 weeks,Saturday,6
RES012956,21-Sep-24,Velora.com,5.Preferred,Cancelled,28-Sep-24,1,103.01,103.01,7,1. Before a week,Saturday,6
RES013095,17-Sep-24,Velora.com,4.Essential,Cancelled,4-Oct-24,1,144.56,144.56,17,3. Before 4 weeks,Friday,5
RES013109,21-Aug-24,Velora.com,6.Select,Cancelled,10-Oct-24,1,118.18,118.18,50,4. More than 4 weeks,Thursday,4
RES013178,28-Aug-24,Velora.com,5.Preferred,Cancelled,7-Sep-24,1,140.24,140.24,10,2. Before 2 weeks,Saturday,6
RES013180,29-Apr-24,Velora.com,6.Select,Cancelled,26-Sep-24,1,184.05,184.05,150,4. More than 4 weeks,Thursday,4
RES013212,12-Oct-24,Velora.com,3.Premier,Cancelled,27-Oct-24,1,135.78,135.78,15,3. Before 4 weeks,Sunday,0
RES013274,11-Sep-24,Velora.com,4.Essential,Cancelled,30-Oct-24,1,153.49,153.49,49,4. More than 4 weeks,Wednesday,3
RES013304,16-Aug-24,Velora.com,5.Preferred,Cancelled,21-Sep-24,1,198.53,198.53,36,4. More than 4 weeks,Saturday,6
RES013331,14-Aug-24,Velora.com,5.Preferred,Cancelled,8-Sep-24,1,125.99,125.99,25,3. Before 4 weeks,Sunday,0
RES013333,23-May-24,Velora.com,5.Preferred,Cancelled,10-Oct-24,1,34.25,34.25,140,4. More than 4 weeks,Thursday,4
RES013354,26-Sep-24,Velora.com,5.Preferred,Cancelled,1-Oct-24,1,123.97,123.97,5,1. Before a week,Tuesday,2
RES013418,7-Sep-24,Velora.com,3.Premier,Cancelled,21-Sep-24,1,158.86,158.86,14,2. Before 2 weeks,Saturday,6
RES013444,19-Sep-24,Velora.com,3.Premier,Cancelled,19-Sep-24,1,227.41,227.41,0,1. Before a week,Thursday,4
RES013468,29-Sep-24,Velora.com,4.Essential,Cancelled,4-Oct-24,1,144.56,144.56,5,1. Before a week,Friday,5
RES013492,7-Oct-24,Velora.com,4.Essential,Cancelled,24-Oct-24,1,175.15,175.15,17,3. Before 4 weeks,Thursday,4
RES013562,2-Sep-24,Velora.com,6.Select,Cancelled,19-Sep-24,1,239.37,239.37,17,3. Before 4 weeks,Thursday,4
RES013575,15-Aug-24,Velora.com,3.Premier,Cancelled,22-Oct-24,1,151.8,151.8,68,4. More than 4 weeks,Tuesday,2
RES013577,15-Sep-24,Velora.com,5.Preferred,Cancelled,4-Oct-24,1,145.66,145.66,19,3. Before 4 weeks,Friday,5
RES013594,9-Sep-24,Velora.com,1.Iconic,Cancelled,12-Sep-24,1,168.45,168.45,3,1. Before a week,Thursday,4
RES013600,25-Sep-24,Velora.com,2.Elite,Cancelled,2-Oct-24,1,224.52,224.52,7,1. Before a week,Wednesday,3
RES013624,2-Oct-24,Velora.com,5.Preferred,Cancelled,9-Oct-24,1,33.78,33.78,7,1. Before a week,Wednesday,3
RES013647,24-Sep-24,Velora.com,1.Iconic,Cancelled,2-Oct-24,1,178.27,178.27,8,2. Before 2 weeks,Wednesday,3
RES013651,25-Apr-24,Velora.com,3.Premier,Cancelled,30-Sep-24,1,168.67,168.67,158,4. More than 4 weeks,Monday,1
RES013662,15-Oct-24,Velora.com,5.Preferred,Cancelled,30-Oct-24,1,135.78,135.78,15,3. Before 4 weeks,Wednesday,3
RES013694,30-Sep-24,Velora.com,4.Essential,Cancelled,9-Oct-24,1,230.43,230.43,9,2. Before 2 weeks,Wednesday,3
RES013766,30-Sep-24,Velora.com,3.Premier,Cancelled,13-Oct-24,1,196,196,13,2. Before 2 weeks,Sunday,0
RES013771,1-Sep-24,Velora.com,3.Premier,Cancelled,31-Oct-24,1,134.64,134.64,60,4. More than 4 weeks,Thursday,4
RES013774,21-Aug-24,Velora.com,5.Preferred,Cancelled,23-Oct-24,1,33.78,33.78,63,4. More than 4 weeks,Wednesday,3
RES013828,18-Sep-24,Velora.com,6.Select,Cancelled,21-Sep-24,1,131.71,131.71,3,1. Before a week,Saturday,6
RES013833,26-Aug-24,Velora.com,3.Premier,Cancelled,19-Sep-24,1,33.99,33.99,24,3. Before 4 weeks,Thursday,4
RES013854,1-Oct-24,Velora.com,1.Iconic,Cancelled,6-Oct-24,1,241.54,241.54,5,1. Before a week,Sunday,0
RES013873,10-Oct-24,Velora.com,2.Elite,Cancelled,20-Oct-24,1,120.98,120.98,10,2. Before 2 weeks,Sunday,0
RES013900,17-Sep-24,Velora.com,6.Select,Cancelled,1-Nov-24,1,33.78,33.78,45,4. More than 4 weeks,Friday,5
RES013925,23-Aug-24,Velora.com,6.Select,Cancelled,11-Sep-24,1,200.45,200.45,19,3. Before 4 weeks,Wednesday,3
RES013947,7-Aug-24,Velora.com,6.Select,Cancelled,7-Sep-24,1,120.18,120.18,31,4. More than 4 weeks,Saturday,6
RES013957,2-Aug-24,Velora.com,3.Premier,Cancelled,4-Oct-24,1,125.99,125.99,63,4. More than 4 weeks,Friday,5
RES013962,13-Oct-24,Velora.com,1.Iconic,Cancelled,14-Oct-24,1,112.85,112.85,1,1. Before a week,Monday,1
RES013993,19-Sep-24,Velora.com,1.Iconic,Cancelled,21-Sep-24,1,148.48,148.48,2,1. Before a week,Saturday,6
RES014062,29-Sep-24,Velora.com,3.Premier,Cancelled,24-Oct-24,1,34.25,34.25,25,3. Before 4 weeks,Thursday,4
RES014131,25-Sep-24,Velora.com,3.Premier,Cancelled,1-Oct-24,1,135.43,135.43,6,1. Before a week,Tuesday,2
RES014137,13-Oct-24,Velora.com,3.Premier,Cancelled,19-Oct-24,1,33.81,33.81,6,1. Before a week,Saturday,6
RES014184,15-Oct-24,Velora.com,4.Essential,Cancelled,18-Oct-24,1,46.06,46.06,3,1. Before a week,Friday,5
RES014208,10-Sep-24,Velora.com,4.Essential,Cancelled,1-Oct-24,1,253.49,253.49,21,3. Before 4 weeks,Tuesday,2
RES014259,21-Oct-24,Velora.com,6.Select,Cancelled,26-Oct-24,1,163.1,163.1,5,1. Before a week,Saturday,6
RES014271,3-Sep-24,Velora.com,2.Elite,Cancelled,6-Sep-24,1,165.62,165.62,3,1. Before a week,Friday,5
RES014335,31-Jul-24,Velora.com,5.Preferred,Cancelled,5-Sep-24,1,384.74,384.74,36,4. More than 4 weeks,Thursday,4
RES014364,6-Sep-24,Velora.com,4.Essential,Cancelled,1-Oct-24,1,229.7,229.7,25,3. Before 4 weeks,Tuesday,2
RES014369,22-Sep-24,Velora.com,4.Essential,Cancelled,28-Sep-24,1,185.52,185.52,6,1. Before a week,Saturday,6
RES014381,20-Sep-24,Velora.com,3.Premier,Cancelled,30-Oct-24,1,156.42,156.42,40,4. More than 4 weeks,Wednesday,3
RES014418,17-Jun-24,Velora.com,2.Elite,Cancelled,16-Sep-24,1,192.77,192.77,91,4. More than 4 weeks,Monday,1
RES014439,20-Sep-24,Velora.com,5.Preferred,Cancelled,23-Sep-24,1,164.6,164.6,3,1. Before a week,Monday,1
RES014454,4-Sep-24,Velora.com,6.Select,Cancelled,21-Sep-24,1,226.25,226.25,17,3. Before 4 weeks,Saturday,6
RES014456,15-Sep-24,Velora.com,4.Essential,Cancelled,19-Sep-24,1,155.59,155.59,4,1. Before a week,Thursday,4
RES014461,2-May-24,Velora.com,4.Essential,Cancelled,6-Sep-24,1,183.2,183.2,127,4. More than 4 weeks,Friday,5
RES014506,17-Jul-24,Velora.com,5.Preferred,Cancelled,28-Sep-24,1,90.43,90.43,73,4. More than 4 weeks,Saturday,6
RES014528,10-Sep-24,Velora.com,5.Preferred,Cancelled,29-Oct-24,1,353.62,353.62,49,4. More than 4 weeks,Tuesday,2
RES014587,18-Sep-24,Velora.com,5.Preferred,Cancelled,29-Sep-24,1,105.47,105.47,11,2. Before 2 weeks,Sunday,0
RES014592,5-Oct-24,Velora.com,3.Premier,Cancelled,10-Oct-24,1,118.07,118.07,5,1. Before a week,Thursday,4
RES014610,12-Sep-24,Velora.com,4.Essential,Cancelled,21-Sep-24,1,145.03,145.03,9,2. Before 2 weeks,Saturday,6
RES014636,10-Sep-24,Velora.com,2.Elite,Cancelled,20-Sep-24,1,172.72,172.72,10,2. Before 2 weeks,Friday,5
RES014651,5-Jul-24,Velora.com,4.Essential,Cancelled,6-Oct-24,1,33.71,33.71,93,4. More than 4 weeks,Sunday,0
RES014681,6-Sep-24,Velora.com,6.Select,Cancelled,1-Oct-24,1,215.44,215.44,25,3. Before 4 weeks,Tuesday,2
RES014686,3-Oct-24,Velora.com,3.Premier,Cancelled,7-Oct-24,1,87.66,87.66,4,1. Before a week,Monday,1
RES014687,22-Aug-24,Velora.com,6.Select,Cancelled,6-Sep-24,1,139.64,139.64,15,3. Before 4 weeks,Friday,5
RES009954,15-Sep-24,App,0.Non-member,Cancelled,21-Sep-24,1,128.49,128.49,6,1. Before a week,Saturday,6
RES010080,20-Aug-24,App,0.Non-member,Cancelled,10-Sep-24,1,231.2,231.2,21,3. Before 4 weeks,Tuesday,2
RES010121,19-Oct-24,App,0.Non-member,Cancelled,30-Oct-24,1,216.58,216.58,11,2. Before 2 weeks,Wednesday,3
RES010347,15-Aug-24,App,0.Non-member,Cancelled,15-Sep-24,1,178.72,178.72,31,4. More than 4 weeks,Sunday,0
RES010470,7-Sep-24,App,0.Non-member,Cancelled,19-Sep-24,1,128.55,128.55,12,2. Before 2 weeks,Thursday,4
RES010477,4-Oct-24,App,0.Non-member,Cancelled,24-Oct-24,1,171.08,171.08,20,3. Before 4 weeks,Thursday,4
RES010498,21-Sep-24,App,0.Non-member,Cancelled,23-Sep-24,1,193.25,193.25,2,1. Before a week,Monday,1
RES010543,19-Aug-24,App,0.Non-member,Cancelled,10-Sep-24,1,223.07,223.07,22,3. Before 4 weeks,Tuesday,2
RES010615,1-Oct-24,App,0.Non-member,Cancelled,11-Oct-24,1,136.52,136.52,10,2. Before 2 weeks,Friday,5
RES010627,7-Aug-24,App,0.Non-member,Cancelled,9-Sep-24,1,175.75,175.75,33,4. More than 4 weeks,Monday,1
RES010646,29-May-24,App,0.Non-member,Cancelled,3-Oct-24,1,191.63,191.63,127,4. More than 4 weeks,Thursday,4
RES010668,9-Sep-24,App,0.Non-member,Cancelled,31-Oct-24,1,161.56,161.56,52,4. More than 4 weeks,Thursday,4
RES010675,25-Sep-24,App,0.Non-member,Cancelled,16-Oct-24,1,181.92,181.92,21,3. Before 4 weeks,Wednesday,3
RES010711,3-Aug-24,App,0.Non-member,Cancelled,22-Sep-24,1,144.09,144.09,50,4. More than 4 weeks,Sunday,0
RES010761,1-Oct-24,App,0.Non-member,Cancelled,1-Oct-24,1,183.2,183.2,0,1. Before a week,Tuesday,2
RES010888,11-Jun-24,App,0.Non-member,Cancelled,7-Oct-24,1,262.48,262.48,118,4. More than 4 weeks,Monday,1
RES010968,17-Sep-24,App,0.Non-member,Cancelled,12-Oct-24,1,172.29,172.29,25,3. Before 4 weeks,Saturday,6
RES011057,24-Sep-24,App,0.Non-member,Cancelled,5-Oct-24,1,243.04,243.04,11,2. Before 2 weeks,Saturday,6
RES011137,28-Sep-24,App,0.Non-member,Cancelled,4-Oct-24,1,115.66,115.66,6,1. Before a week,Friday,5
RES011148,23-Sep-24,App,0.Non-member,Cancelled,14-Oct-24,1,181.92,181.92,21,3. Before 4 weeks,Monday,1
RES011157,10-Aug-24,App,0.Non-member,Cancelled,18-Sep-24,1,171.37,171.37,39,4. More than 4 weeks,Wednesday,3
RES011270,24-Sep-24,App,0.Non-member,Cancelled,22-Oct-24,1,166.5,166.5,28,3. Before 4 weeks,Tuesday,2
RES011306,12-Sep-24,App,0.Non-member,Cancelled,16-Sep-24,1,122.13,122.13,4,1. Before a week,Monday,1
RES011498,30-Sep-24,App,0.Non-member,Cancelled,16-Oct-24,1,176.05,176.05,16,3. Before 4 weeks,Wednesday,3
RES011568,26-Aug-24,App,0.Non-member,Cancelled,11-Oct-24,1,140.45,140.45,46,4. More than 4 weeks,Friday,5
RES011617,20-Aug-24,App,0.Non-member,Cancelled,27-Sep-24,1,157.57,157.57,38,4. More than 4 weeks,Friday,5
RES011662,13-Oct-24,App,0.Non-member,Cancelled,20-Oct-24,1,149.68,149.68,7,1. Before a week,Sunday,0
RES011754,5-Oct-24,App,0.Non-member,Cancelled,20-Oct-24,1,114.46,114.46,15,3. Before 4 weeks,Sunday,0
RES011763,1-Sep-24,App,0.Non-member,Cancelled,3-Sep-24,1,148.51,148.51,2,1. Before a week,Tuesday,2
RES011828,14-Oct-24,App,0.Non-member,Cancelled,19-Oct-24,1,143.27,143.27,5,1. Before a week,Saturday,6
RES011831,13-Apr-24,App,0.Non-member,Cancelled,10-Oct-24,1,285.81,285.81,180,4. More than 4 weeks,Thursday,4
RES012043,16-May-24,App,0.Non-member,Cancelled,5-Sep-24,1,317.45,317.45,112,4. More than 4 weeks,Thursday,4
RES012068,14-Oct-24,App,0.Non-member,Cancelled,20-Oct-24,1,138.19,138.19,6,1. Before a week,Sunday,0
RES012318,14-Sep-24,App,0.Non-member,Cancelled,15-Oct-24,1,132.82,132.82,31,4. More than 4 weeks,Tuesday,2
RES012328,1-Sep-24,App,0.Non-member,Cancelled,22-Sep-24,1,140.24,140.24,21,3. Before 4 weeks,Sunday,0
RES012333,9-Oct-24,App,0.Non-member,Cancelled,31-Oct-24,1,183.2,183.2,22,3. Before 4 weeks,Thursday,4
RES012379,13-Aug-24,App,0.Non-member,Cancelled,2-Oct-24,1,155.3,155.3,50,4. More than 4 weeks,Wednesday,3
RES012537,20-Oct-24,App,0.Non-member,Cancelled,20-Oct-24,1,123.07,123.07,0,1. Before a week,Sunday,0
RES012539,4-Sep-24,App,0.Non-member,Cancelled,7-Sep-24,1,156.62,156.62,3,1. Before a week,Saturday,6
RES012617,9-Oct-24,App,0.Non-member,Cancelled,18-Oct-24,1,149.57,149.57,9,2. Before 2 weeks,Friday,5
RES012781,27-Aug-24,App,0.Non-member,Cancelled,12-Oct-24,1,232.34,232.34,46,4. More than 4 weeks,Saturday,6
RES012950,20-Sep-24,App,0.Non-member,Cancelled,21-Sep-24,1,143.49,143.49,1,1. Before a week,Saturday,6
RES012962,7-Apr-24,App,0.Non-member,Cancelled,11-Sep-24,1,319.33,319.33,157,4. More than 4 weeks,Wednesday,3
RES013011,17-Aug-24,App,0.Non-member,Cancelled,4-Sep-24,1,183.19,183.19,18,3. Before 4 weeks,Wednesday,3
RES013146,18-Sep-24,App,0.Non-member,Cancelled,1-Nov-24,1,153.01,153.01,44,4. More than 4 weeks,Friday,5
RES013157,28-Oct-24,App,0.Non-member,Cancelled,31-Oct-24,1,120.48,120.48,3,1. Before a week,Thursday,4
RES013221,5-Sep-24,App,0.Non-member,Cancelled,29-Sep-24,1,164.6,164.6,24,3. Before 4 weeks,Sunday,0
RES013367,11-May-24,App,0.Non-member,Cancelled,14-Sep-24,1,200,200,126,4. More than 4 weeks,Saturday,6
RES013416,5-Oct-24,App,0.Non-member,Cancelled,24-Oct-24,1,171.97,171.97,19,3. Before 4 weeks,Thursday,4
RES013491,14-Sep-24,App,0.Non-member,Cancelled,18-Sep-24,1,183.2,183.2,4,1. Before a week,Wednesday,3
RES013530,10-Sep-24,App,0.Non-member,Cancelled,29-Oct-24,1,149.7,149.7,49,4. More than 4 weeks,Tuesday,2
RES013547,24-Sep-24,App,0.Non-member,Cancelled,2-Oct-24,1,162.65,162.65,8,2. Before 2 weeks,Wednesday,3
RES013669,28-Sep-24,App,0.Non-member,Cancelled,1-Oct-24,1,139.87,139.87,3,1. Before a week,Tuesday,2
RES013672,12-Oct-24,App,0.Non-member,Cancelled,31-Oct-24,1,187.33,187.33,19,3. Before 4 weeks,Thursday,4
RES013709,27-Sep-24,App,0.Non-member,Cancelled,2-Oct-24,1,122.89,122.89,5,1. Before a week,Wednesday,3
RES013780,18-Oct-24,App,0.Non-member,Cancelled,29-Oct-24,1,168.07,168.07,11,2. Before 2 weeks,Tuesday,2
RES013795,16-Oct-24,App,0.Non-member,Cancelled,25-Oct-24,1,135.76,135.76,9,2. Before 2 weeks,Friday,5
RES013817,7-Jan-24,App,0.Non-member,Cancelled,2-Oct-24,1,122.13,122.13,269,4. More than 4 weeks,Wednesday,3
RES013879,19-Aug-24,App,0.Non-member,Cancelled,17-Oct-24,1,245.99,245.99,59,4. More than 4 weeks,Thursday,4
RES013949,25-Aug-24,App,0.Non-member,Cancelled,25-Sep-24,1,222.93,222.93,31,4. More than 4 weeks,Wednesday,3
RES013951,26-Sep-24,App,0.Non-member,Cancelled,27-Sep-24,1,156.42,156.42,1,1. Before a week,Friday,5
RES014064,1-Jul-24,App,0.Non-member,Cancelled,2-Oct-24,1,460.67,460.67,93,4. More than 4 weeks,Wednesday,3
RES014196,9-Sep-24,App,0.Non-member,Cancelled,15-Sep-24,1,128.91,128.91,6,1. Before a week,Sunday,0
RES014302,24-Sep-24,App,0.Non-member,Cancelled,4-Oct-24,1,192.37,192.37,10,2. Before 2 weeks,Friday,5
RES014402,30-Aug-24,App,0.Non-member,Cancelled,4-Sep-24,1,178.94,178.94,5,1. Before a week,Wednesday,3
RES014446,4-Oct-24,App,0.Non-member,Cancelled,6-Oct-24,1,132.53,132.53,2,1. Before a week,Sunday,0
RES014521,20-Oct-24,App,0.Non-member,Cancelled,26-Oct-24,1,145.07,145.07,6,1. Before a week,Saturday,6
RES014532,10-Oct-24,App,0.Non-member,Cancelled,26-Oct-24,1,138.31,138.31,16,3. Before 4 weeks,Saturday,6
RES014549,3-Sep-24,App,0.Non-member,Cancelled,24-Sep-24,1,192.83,192.83,21,3. Before 4 weeks,Tuesday,2
RES014634,29-Aug-24,App,0.Non-member,Cancelled,7-Sep-24,1,149.57,149.57,9,2. Before 2 weeks,Saturday,6
RES014669,29-Aug-24,App,0.Non-member,Cancelled,6-Sep-24,1,126.49,126.49,8,2. Before 2 weeks,Friday,5
RES014718,30-Aug-24,App,0.Non-member,Cancelled,25-Sep-24,1,212.03,212.03,26,3. Before 4 weeks,Wednesday,3
RES009804,30-Sep-24,GDS,0.Non-member,Cancelled,19-Oct-24,1,124.69,124.69,19,3. Before 4 weeks,Saturday,6
RES009806,13-Oct-24,GDS,0.Non-member,Cancelled,22-Oct-24,1,220.44,220.44,9,2. Before 2 weeks,Tuesday,2
RES009808,6-Aug-24,GDS,0.Non-member,Cancelled,30-Sep-24,1,134.34,134.34,55,4. More than 4 weeks,Monday,1
RES009849,29-Aug-24,GDS,0.Non-member,Cancelled,11-Sep-24,1,219.83,219.83,13,2. Before 2 weeks,Wednesday,3
RES009902,24-Oct-24,GDS,0.Non-member,Cancelled,3-Nov-24,1,126.5,126.5,10,2. Before 2 weeks,Sunday,0
RES009953,13-Aug-24,GDS,0.Non-member,Cancelled,29-Sep-24,1,164.88,164.88,47,4. More than 4 weeks,Sunday,0
RES010029,10-Sep-24,GDS,0.Non-member,Cancelled,27-Oct-24,1,312.91,312.91,47,4. More than 4 weeks,Sunday,0
RES010031,30-Aug-24,GDS,0.Non-member,Cancelled,9-Sep-24,1,129.58,129.58,10,2. Before 2 weeks,Monday,1
RES010160,11-Oct-24,GDS,0.Non-member,Cancelled,3-Nov-24,1,150.6,150.6,23,3. Before 4 weeks,Sunday,0
RES010251,4-Aug-24,GDS,0.Non-member,Cancelled,7-Oct-24,1,145.77,145.77,64,4. More than 4 weeks,Monday,1
RES010299,9-Oct-24,GDS,0.Non-member,Cancelled,10-Oct-24,1,133.33,133.33,1,1. Before a week,Thursday,4
RES010371,27-Sep-24,GDS,0.Non-member,Cancelled,16-Oct-24,1,156.61,156.61,19,3. Before 4 weeks,Wednesday,3
RES010446,20-Sep-24,GDS,0.Non-member,Cancelled,17-Oct-24,1,134.34,134.34,27,3. Before 4 weeks,Thursday,4
RES010604,1-Jun-24,GDS,0.Non-member,Cancelled,9-Sep-24,1,145.78,145.78,100,4. More than 4 weeks,Monday,1
RES010722,21-Aug-24,GDS,0.Non-member,Cancelled,18-Sep-24,1,162.63,162.63,28,3. Before 4 weeks,Wednesday,3
RES010757,18-Sep-24,GDS,0.Non-member,Cancelled,28-Oct-24,1,115.15,115.15,40,4. More than 4 weeks,Monday,1
RES010777,12-Sep-24,GDS,0.Non-member,Cancelled,20-Sep-24,1,192.75,192.75,8,2. Before 2 weeks,Friday,5
RES010812,25-Jul-24,GDS,0.Non-member,Cancelled,22-Sep-24,1,132.53,132.53,59,4. More than 4 weeks,Sunday,0
RES010898,11-Sep-24,GDS,0.Non-member,Cancelled,17-Sep-24,1,167.94,167.94,6,1. Before a week,Tuesday,2
RES010912,6-Jun-24,GDS,0.Non-member,Cancelled,23-Sep-24,1,163.63,163.63,109,4. More than 4 weeks,Monday,1
RES011037,20-Aug-24,GDS,0.Non-member,Cancelled,24-Sep-24,1,132.53,132.53,35,4. More than 4 weeks,Tuesday,2
RES011072,28-Sep-24,GDS,0.Non-member,Cancelled,29-Sep-24,1,114.46,114.46,1,1. Before a week,Sunday,0
RES011091,25-Sep-24,GDS,0.Non-member,Cancelled,13-Oct-24,1,182.6,182.6,18,3. Before 4 weeks,Sunday,0
RES011102,23-Jul-24,GDS,0.Non-member,Cancelled,30-Sep-24,1,162.65,162.65,69,4. More than 4 weeks,Monday,1
RES011107,25-Oct-24,GDS,0.Non-member,Cancelled,29-Oct-24,1,139.39,139.39,4,1. Before a week,Tuesday,2
RES011210,17-Oct-24,GDS,0.Non-member,Cancelled,29-Oct-24,1,138.55,138.55,12,2. Before 2 weeks,Tuesday,2
RES011323,26-Aug-24,GDS,0.Non-member,Cancelled,2-Oct-24,1,102.49,102.49,37,4. More than 4 weeks,Wednesday,3
RES011327,25-Jul-24,GDS,0.Non-member,Cancelled,14-Sep-24,1,170.91,170.91,51,4. More than 4 weeks,Saturday,6
RES011363,12-Oct-24,GDS,0.Non-member,Cancelled,24-Oct-24,1,152.66,152.66,12,2. Before 2 weeks,Thursday,4
RES011525,20-Sep-24,GDS,0.Non-member,Cancelled,23-Oct-24,1,132.53,132.53,33,4. More than 4 weeks,Wednesday,3
RES011572,5-Aug-24,GDS,0.Non-member,Cancelled,28-Oct-24,1,132.53,132.53,84,4. More than 4 weeks,Monday,1
RES011632,10-Sep-24,GDS,0.Non-member,Cancelled,20-Sep-24,1,150.59,150.59,10,2. Before 2 weeks,Friday,5
RES011747,5-Jun-24,GDS,0.Non-member,Cancelled,6-Oct-24,1,283.36,283.36,123,4. More than 4 weeks,Sunday,0
RES011771,23-Sep-24,GDS,0.Non-member,Cancelled,15-Oct-24,1,132.53,132.53,22,3. Before 4 weeks,Tuesday,2
RES011774,22-Sep-24,GDS,0.Non-member,Cancelled,16-Oct-24,1,189.96,189.96,24,3. Before 4 weeks,Wednesday,3
RES011777,3-Jun-24,GDS,0.Non-member,Cancelled,18-Sep-24,1,145.78,145.78,107,4. More than 4 weeks,Wednesday,3
RES011905,24-Aug-24,GDS,0.Non-member,Cancelled,25-Sep-24,1,150.6,150.6,32,4. More than 4 weeks,Wednesday,3
RES011989,5-Aug-24,GDS,0.Non-member,Cancelled,7-Sep-24,1,181.14,181.14,33,4. More than 4 weeks,Saturday,6
RES012044,16-Jul-24,GDS,0.Non-member,Cancelled,5-Sep-24,1,145.78,145.78,51,4. More than 4 weeks,Thursday,4
RES012064,17-Sep-24,GDS,0.Non-member,Cancelled,30-Sep-24,1,169.63,169.63,13,2. Before 2 weeks,Monday,1
RES012149,17-Sep-24,GDS,0.Non-member,Cancelled,24-Sep-24,1,132.52,132.52,7,1. Before a week,Tuesday,2
RES012198,4-Sep-24,GDS,0.Non-member,Cancelled,8-Oct-24,1,162.63,162.63,34,4. More than 4 weeks,Tuesday,2
RES012434,6-Oct-24,GDS,0.Non-member,Cancelled,12-Oct-24,1,114.46,114.46,6,1. Before a week,Saturday,6
RES012534,27-Jul-24,GDS,0.Non-member,Cancelled,2-Sep-24,1,157.57,157.57,37,4. More than 4 weeks,Monday,1
RES012687,27-Sep-24,GDS,0.Non-member,Cancelled,17-Oct-24,1,180.71,180.71,20,3. Before 4 weeks,Thursday,4
RES012688,7-Oct-24,GDS,0.Non-member,Cancelled,9-Oct-24,1,145.45,145.45,2,1. Before a week,Wednesday,3
RES012922,8-Aug-24,GDS,0.Non-member,Cancelled,6-Oct-24,1,250.56,250.56,59,4. More than 4 weeks,Sunday,0
RES012957,16-Aug-24,GDS,0.Non-member,Cancelled,10-Sep-24,1,132.53,132.53,25,3. Before 4 weeks,Tuesday,2
RES012996,12-Sep-24,GDS,0.Non-member,Cancelled,5-Oct-24,1,151.8,151.8,23,3. Before 4 weeks,Saturday,6
RES013003,6-Sep-24,GDS,0.Non-member,Cancelled,18-Sep-24,1,138.55,138.55,12,2. Before 2 weeks,Wednesday,3
RES013122,28-Aug-24,GDS,0.Non-member,Cancelled,21-Oct-24,1,163.63,163.63,54,4. More than 4 weeks,Monday,1
RES013228,10-Aug-24,GDS,0.Non-member,Cancelled,7-Oct-24,1,180.72,180.72,58,4. More than 4 weeks,Monday,1
RES013335,1-Oct-24,GDS,0.Non-member,Cancelled,17-Oct-24,1,164.88,164.88,16,3. Before 4 weeks,Thursday,4
RES013361,20-Sep-24,GDS,0.Non-member,Cancelled,27-Oct-24,1,159.02,159.02,37,4. More than 4 weeks,Sunday,0
RES013383,20-Aug-24,GDS,0.Non-member,Cancelled,2-Oct-24,1,132.53,132.53,43,4. More than 4 weeks,Wednesday,3
RES013448,7-Sep-24,GDS,0.Non-member,Cancelled,9-Sep-24,1,141.26,141.26,2,1. Before a week,Monday,1
RES013526,11-Oct-24,GDS,0.Non-member,Cancelled,30-Oct-24,1,238.15,238.15,19,3. Before 4 weeks,Wednesday,3
RES013862,22-Sep-24,GDS,0.Non-member,Cancelled,29-Sep-24,1,168.32,168.32,7,1. Before a week,Sunday,0
RES013902,16-Jul-24,GDS,0.Non-member,Cancelled,10-Sep-24,1,211.38,211.38,56,4. More than 4 weeks,Tuesday,2
RES013955,2-Sep-24,GDS,0.Non-member,Cancelled,3-Sep-24,1,115.15,115.15,1,1. Before a week,Tuesday,2
RES014108,7-Sep-24,GDS,0.Non-member,Cancelled,18-Sep-24,1,133.33,133.33,11,2. Before 2 weeks,Wednesday,3
RES014141,13-Jun-24,GDS,0.Non-member,Cancelled,25-Sep-24,1,134.34,134.34,104,4. More than 4 weeks,Wednesday,3
RES014388,21-Oct-24,GDS,0.Non-member,Cancelled,27-Oct-24,1,112.04,112.04,6,1. Before a week,Sunday,0
RES014399,29-Aug-24,GDS,0.Non-member,Cancelled,19-Sep-24,1,168.66,168.66,21,3. Before 4 weeks,Thursday,4
RES014478,4-Oct-24,GDS,0.Non-member,Cancelled,30-Oct-24,1,190.11,190.11,26,3. Before 4 weeks,Wednesday,3
RES014637,2-Oct-24,GDS,0.Non-member,Cancelled,25-Oct-24,1,149.39,149.39,23,3. Before 4 weeks,Friday,5
RES014658,10-Oct-24,GDS,0.Non-member,Cancelled,16-Oct-24,1,200,200,6,1. Before a week,Wednesday,3
RES014688,29-Sep-24,GDS,0.Non-member,Cancelled,30-Sep-24,1,133.33,133.33,1,1. Before a week,Monday,1
RES009853,2-Oct-24,At the hotel,0.Non-member,Cancelled,29-Oct-24,1,144.7,144.7,27,3. Before 4 weeks,Tuesday,2
RES009989,18-Oct-24,At the hotel,0.Non-member,Cancelled,19-Oct-24,1,77.37,77.37,1,1. Before a week,Saturday,6
RES010036,21-Sep-24,At the hotel,0.Non-member,Cancelled,25-Sep-24,1,70.48,70.48,4,1. Before a week,Wednesday,3
RES010111,6-Oct-24,At the hotel,0.Non-member,Cancelled,28-Oct-24,1,62.64,62.64,22,3. Before 4 weeks,Monday,1
RES010132,11-Oct-24,At the hotel,0.Non-member,Cancelled,13-Oct-24,1,70.48,70.48,2,1. Before a week,Sunday,0
RES010172,2-Sep-24,At the hotel,0.Non-member,Cancelled,7-Sep-24,1,33.94,33.94,5,1. Before a week,Saturday,6
RES010191,28-Oct-24,At the hotel,0.Non-member,Cancelled,31-Oct-24,1,126.61,126.61,3,1. Before a week,Thursday,4
RES010396,14-Oct-24,At the hotel,0.Non-member,Cancelled,15-Oct-24,1,62.64,62.64,1,1. Before a week,Tuesday,2
RES010435,28-Sep-24,At the hotel,0.Non-member,Cancelled,29-Sep-24,1,126.61,126.61,1,1. Before a week,Sunday,0
RES010483,3-Oct-24,At the hotel,0.Non-member,Cancelled,3-Oct-24,1,70.48,70.48,0,1. Before a week,Thursday,4
RES010684,16-Oct-24,At the hotel,0.Non-member,Cancelled,17-Oct-24,1,77.59,77.59,1,1. Before a week,Thursday,4
RES010799,16-Oct-24,At the hotel,0.Non-member,Cancelled,17-Oct-24,1,175.9,175.9,1,1. Before a week,Thursday,4
RES010831,24-Sep-24,At the hotel,0.Non-member,Cancelled,1-Oct-24,1,162.78,162.78,7,1. Before a week,Tuesday,2
RES010849,13-Sep-24,At the hotel,0.Non-member,Cancelled,18-Sep-24,1,138.55,138.55,5,1. Before a week,Wednesday,3
RES010885,4-Oct-24,At the hotel,0.Non-member,Cancelled,10-Oct-24,1,150.6,150.6,6,1. Before a week,Thursday,4
RES010909,11-Oct-23,At the hotel,0.Non-member,Cancelled,17-Sep-24,1,90.43,90.43,342,4. More than 4 weeks,Tuesday,2
RES011023,19-Sep-24,At the hotel,0.Non-member,Cancelled,23-Sep-24,1,144.58,144.58,4,1. Before a week,Monday,1
RES011043,17-Sep-24,At the hotel,0.Non-member,Cancelled,18-Sep-24,1,77.37,77.37,1,1. Before a week,Wednesday,3
RES011054,17-Oct-24,At the hotel,0.Non-member,Cancelled,19-Oct-24,1,70.91,70.91,2,1. Before a week,Saturday,6
RES011197,17-Oct-24,At the hotel,0.Non-member,Cancelled,20-Oct-24,1,70.48,70.48,3,1. Before a week,Sunday,0
RES011233,18-Oct-24,At the hotel,0.Non-member,Cancelled,29-Oct-24,1,224.88,224.88,11,2. Before 2 weeks,Tuesday,2
RES011252,16-Oct-24,At the hotel,0.Non-member,Cancelled,17-Oct-24,1,0,0,1,1. Before a week,Thursday,4
RES011264,18-Oct-24,At the hotel,0.Non-member,Cancelled,20-Oct-24,1,78,78,2,1. Before a week,Sunday,0
RES011329,29-Sep-24,At the hotel,0.Non-member,Cancelled,5-Oct-24,1,70.54,70.54,6,1. Before a week,Saturday,6
RES011467,28-Sep-24,At the hotel,0.Non-member,Cancelled,1-Oct-24,1,70.48,70.48,3,1. Before a week,Tuesday,2
RES011488,28-Sep-24,At the hotel,0.Non-member,Cancelled,1-Oct-24,1,126.61,126.61,3,1. Before a week,Tuesday,2
RES011589,25-Oct-24,At the hotel,0.Non-member,Cancelled,25-Oct-24,1,149.4,149.4,0,1. Before a week,Friday,5
RES011668,20-Oct-24,At the hotel,0.Non-member,Cancelled,20-Oct-24,1,0,0,0,1. Before a week,Sunday,0
RES011717,25-Sep-24,At the hotel,0.Non-member,Cancelled,17-Oct-24,1,72.29,72.29,22,3. Before 4 weeks,Thursday,4
RES011798,3-Oct-24,At the hotel,0.Non-member,Cancelled,4-Oct-24,1,270.52,270.52,1,1. Before a week,Friday,5
RES011800,23-Sep-24,At the hotel,0.Non-member,Cancelled,28-Sep-24,1,161.44,161.44,5,1. Before a week,Saturday,6
RES011832,4-Sep-24,At the hotel,0.Non-member,Cancelled,8-Sep-24,1,144.58,144.58,4,1. Before a week,Sunday,0
RES012030,20-Sep-24,At the hotel,0.Non-member,Cancelled,20-Sep-24,1,70.54,70.54,0,1. Before a week,Friday,5
RES012055,27-Oct-24,At the hotel,0.Non-member,Cancelled,30-Oct-24,1,126.61,126.61,3,1. Before a week,Wednesday,3
RES012079,13-Sep-24,At the hotel,0.Non-member,Cancelled,23-Sep-24,1,102.06,102.06,10,2. Before 2 weeks,Monday,1
RES012165,29-Aug-24,At the hotel,0.Non-member,Cancelled,17-Oct-24,1,0,0,49,4. More than 4 weeks,Thursday,4
RES012203,5-Oct-24,At the hotel,0.Non-member,Cancelled,10-Oct-24,1,70.91,70.91,5,1. Before a week,Thursday,4
RES012267,21-Oct-24,At the hotel,0.Non-member,Cancelled,26-Oct-24,1,161.44,161.44,5,1. Before a week,Saturday,6
RES012279,29-Sep-24,At the hotel,0.Non-member,Cancelled,5-Oct-24,1,150.6,150.6,6,1. Before a week,Saturday,6
RES012322,21-Sep-24,At the hotel,0.Non-member,Cancelled,25-Sep-24,1,33.73,33.73,4,1. Before a week,Wednesday,3
RES012531,15-Oct-24,At the hotel,0.Non-member,Cancelled,19-Oct-24,1,144.58,144.58,4,1. Before a week,Saturday,6
RES012541,24-Oct-24,At the hotel,0.Non-member,Cancelled,26-Oct-24,1,62.65,62.65,2,1. Before a week,Saturday,6
RES012554,11-Sep-24,At the hotel,0.Non-member,Cancelled,11-Sep-24,1,70.48,70.48,0,1. Before a week,Wednesday,3
RES012741,11-Oct-24,At the hotel,0.Non-member,Cancelled,13-Oct-24,1,70.91,70.91,2,1. Before a week,Sunday,0
RES012766,19-Sep-24,At the hotel,0.Non-member,Cancelled,21-Sep-24,1,77.43,77.43,2,1. Before a week,Saturday,6
RES012865,24-Oct-24,At the hotel,0.Non-member,Cancelled,28-Oct-24,1,62.65,62.65,4,1. Before a week,Monday,1
RES012878,17-Oct-24,At the hotel,0.Non-member,Cancelled,21-Oct-24,1,77.43,77.43,4,1. Before a week,Monday,1
RES012940,11-Oct-24,At the hotel,0.Non-member,Cancelled,17-Oct-24,1,63.03,63.03,6,1. Before a week,Thursday,4
RES013098,20-Sep-24,At the hotel,0.Non-member,Cancelled,22-Sep-24,1,78,78,2,1. Before a week,Sunday,0
RES013106,28-Sep-24,At the hotel,0.Non-member,Cancelled,15-Oct-24,1,4.81,4.81,17,3. Before 4 weeks,Tuesday,2
RES013410,23-Sep-24,At the hotel,0.Non-member,Cancelled,24-Sep-24,1,183.2,183.2,1,1. Before a week,Tuesday,2
RES013494,26-Sep-24,At the hotel,0.Non-member,Cancelled,26-Sep-24,1,62.65,62.65,0,1. Before a week,Thursday,4
RES013757,25-Aug-24,At the hotel,0.Non-member,Cancelled,25-Oct-24,1,145.45,145.45,61,4. More than 4 weeks,Friday,5
RES013920,9-Sep-24,At the hotel,0.Non-member,Cancelled,12-Sep-24,1,62.65,62.65,3,1. Before a week,Thursday,4
RES014055,8-Sep-24,At the hotel,0.Non-member,Cancelled,8-Sep-24,1,0,0,0,1. Before a week,Sunday,0
RES014165,23-Sep-24,At the hotel,0.Non-member,Cancelled,8-Oct-24,1,201.51,201.51,15,3. Before 4 weeks,Tuesday,2
RES014190,19-Oct-24,At the hotel,0.Non-member,Cancelled,20-Oct-24,1,77.37,77.37,1,1. Before a week,Sunday,0
RES014197,21-Oct-24,At the hotel,0.Non-member,Cancelled,22-Oct-24,1,132.53,132.53,1,1. Before a week,Tuesday,2
RES014326,27-Sep-24,At the hotel,0.Non-member,Cancelled,24-Oct-24,1,218.01,218.01,27,3. Before 4 weeks,Thursday,4
RES014382,28-Sep-24,At the hotel,0.Non-member,Cancelled,30-Sep-24,1,144.28,144.28,2,1. Before a week,Monday,1
RES014421,15-Jul-24,At the hotel,0.Non-member,Cancelled,29-Oct-24,1,0,0,106,4. More than 4 weeks,Tuesday,2
RES014597,11-Sep-24,At the hotel,0.Non-member,Cancelled,14-Sep-24,1,181.82,181.82,3,1. Before a week,Saturday,6
RES014652,2-Oct-24,At the hotel,0.Non-member,Cancelled,2-Oct-24,1,126.61,126.61,0,1. Before a week,Wednesday,3
RES014709,22-Oct-24,At the hotel,0.Non-member,Cancelled,22-Oct-24,1,199.86,199.86,0,1. Before a week,Tuesday,2
RES009765,6-Oct-24,Phone,0.Non-member,Cancelled,28-Oct-24,1,143.18,143.18,22,3. Before 4 weeks,Monday,1
RES009800,26-Sep-24,Velora.com,0.Non-member,Cancelled,2-Oct-24,1,138.55,138.55,6,1. Before a week,Wednesday,3
RES009846,18-Oct-24,Connected Wholesaler,0.Non-member,Cancelled,2-Nov-24,1,104.82,104.82,15,3. Before 4 weeks,Saturday,6
RES009900,21-Aug-24,Phone,0.Non-member,Cancelled,18-Sep-24,1,174.7,174.7,28,3. Before 4 weeks,Wednesday,3
RES010130,28-Aug-24,Connected Wholesaler,0.Non-member,Cancelled,27-Sep-24,1,168.19,168.19,30,4. More than 4 weeks,Friday,5
RES010228,20-Jun-24,Connected Wholesaler,0.Non-member,Cancelled,5-Sep-24,1,163.44,163.44,77,4. More than 4 weeks,Thursday,4
RES010458,29-Aug-24,Phone,0.Non-member,Cancelled,8-Sep-24,1,132.53,132.53,10,2. Before 2 weeks,Sunday,0
RES010484,21-Aug-24,Connected Wholesaler,0.Non-member,Cancelled,24-Sep-24,1,221.51,221.51,34,4. More than 4 weeks,Tuesday,2
RES010513,26-Oct-24,Velora.com,0.Non-member,Cancelled,26-Oct-24,1,162.31,162.31,0,1. Before a week,Saturday,6
RES010572,10-Sep-24,Connected Wholesaler,0.Non-member,Cancelled,22-Sep-24,1,125.25,125.25,12,2. Before 2 weeks,Sunday,0
RES010584,9-Oct-24,Phone,0.Non-member,Cancelled,27-Oct-24,1,183.95,183.95,18,3. Before 4 weeks,Sunday,0
RES010661,5-Sep-24,Phone,0.Non-member,Cancelled,16-Oct-24,1,330.88,330.88,41,4. More than 4 weeks,Wednesday,3
RES010673,17-Aug-24,Phone,0.Non-member,Cancelled,9-Sep-24,1,132.53,132.53,23,3. Before 4 weeks,Monday,1
RES010940,11-Sep-24,Connected Wholesaler,0.Non-member,Cancelled,21-Sep-24,1,211.72,211.72,10,2. Before 2 weeks,Saturday,6
RES011041,10-Sep-24,Connected Wholesaler,0.Non-member,Cancelled,13-Oct-24,1,134.04,134.04,33,4. More than 4 weeks,Sunday,0
RES011104,15-Jul-24,Connected Wholesaler,0.Non-member,Cancelled,7-Sep-24,1,221.67,221.67,54,4. More than 4 weeks,Saturday,6
RES011343,30-Aug-24,Connected Wholesaler,0.Non-member,Cancelled,18-Sep-24,1,196.97,196.97,19,3. Before 4 weeks,Wednesday,3
RES011360,18-Oct-24,Connected Wholesaler,0.Non-member,Cancelled,26-Oct-24,1,104.68,104.68,8,2. Before 2 weeks,Saturday,6
RES011384,7-Sep-24,Phone,0.Non-member,Cancelled,16-Sep-24,1,228.44,228.44,9,2. Before 2 weeks,Monday,1
RES011391,15-Oct-24,Phone,0.Non-member,Cancelled,3-Nov-24,1,216.36,216.36,19,3. Before 4 weeks,Sunday,0
RES011601,17-Sep-24,Connected Wholesaler,0.Non-member,Cancelled,29-Sep-24,1,87.65,87.65,12,2. Before 2 weeks,Sunday,0
RES011641,2-Aug-24,Connected Wholesaler,0.Non-member,Cancelled,4-Sep-24,1,249.77,249.77,33,4. More than 4 weeks,Wednesday,3
RES011711,13-Sep-24,Velora.com,0.Non-member,Cancelled,16-Sep-24,1,162.31,162.31,3,1. Before a week,Monday,1
RES011750,2-Oct-24,Phone,0.Non-member,Cancelled,12-Oct-24,1,131.73,131.73,10,2. Before 2 weeks,Saturday,6
RES011926,20-Aug-24,Phone,0.Non-member,Cancelled,19-Sep-24,1,132.53,132.53,30,4. More than 4 weeks,Thursday,4
RES011929,2-Sep-24,Phone,0.Non-member,Cancelled,19-Sep-24,1,156.62,156.62,17,3. Before 4 weeks,Thursday,4
RES011964,25-Sep-24,Connected Wholesaler,0.Non-member,Cancelled,27-Oct-24,1,199.68,199.68,32,4. More than 4 weeks,Sunday,0
RES012061,21-May-24,Phone,0.Non-member,Cancelled,6-Sep-24,1,202.05,202.05,108,4. More than 4 weeks,Friday,5
RES012147,29-Oct-24,Phone,0.Non-member,Cancelled,31-Oct-24,1,159.02,159.02,2,1. Before a week,Thursday,4
RES012228,25-Oct-24,Phone,0.Non-member,Cancelled,28-Oct-24,1,254.79,254.79,3,1. Before a week,Monday,1
RES012229,24-Sep-24,Connected Wholesaler,0.Non-member,Cancelled,3-Oct-24,1,104.82,104.82,9,2. Before 2 weeks,Thursday,4
RES012303,28-Sep-24,Velora.com,0.Non-member,Cancelled,3-Oct-24,1,118.48,118.48,5,1. Before a week,Thursday,4
RES012357,24-Sep-24,Connected Wholesaler,0.Non-member,Cancelled,27-Sep-24,1,87.65,87.65,3,1. Before a week,Friday,5
RES012384,18-Aug-24,Connected Wholesaler,0.Non-member,Cancelled,18-Sep-24,1,265.67,265.67,31,4. More than 4 weeks,Wednesday,3
RES012437,20-Sep-24,Phone,0.Non-member,Cancelled,8-Oct-24,1,192.93,192.93,18,3. Before 4 weeks,Tuesday,2
RES012555,22-Sep-24,Connected Wholesaler,0.Non-member,Cancelled,26-Sep-24,1,206.8,206.8,4,1. Before a week,Thursday,4
RES012560,16-Sep-24,Phone,0.Non-member,Cancelled,9-Oct-24,1,132.53,132.53,23,3. Before 4 weeks,Wednesday,3
RES012608,14-Oct-24,Velora.com,0.Non-member,Cancelled,17-Oct-24,1,170.98,170.98,3,1. Before a week,Thursday,4
RES012734,28-Sep-24,Connected Wholesaler,0.Non-member,Cancelled,11-Oct-24,1,123.78,123.78,13,2. Before 2 weeks,Friday,5
RES012966,8-Aug-24,Phone,0.Non-member,Cancelled,23-Oct-24,1,165.55,165.55,76,4. More than 4 weeks,Wednesday,3
RES013186,12-Sep-24,Connected Wholesaler,0.Non-member,Cancelled,25-Oct-24,1,194.27,194.27,43,4. More than 4 weeks,Friday,5
RES013211,30-Aug-24,Phone,0.Non-member,Cancelled,6-Oct-24,1,140.6,140.6,37,4. More than 4 weeks,Sunday,0
RES013213,11-Oct-24,Phone,0.Non-member,Cancelled,27-Oct-24,1,146.07,146.07,16,3. Before 4 weeks,Sunday,0
RES013264,29-Aug-24,Connected Wholesaler,0.Non-member,Cancelled,3-Oct-24,1,151.53,151.53,35,4. More than 4 weeks,Thursday,4
RES013381,1-Sep-24,Connected Wholesaler,0.Non-member,Cancelled,17-Sep-24,1,144.82,144.82,16,3. Before 4 weeks,Tuesday,2
RES013382,14-Sep-24,Phone,0.Non-member,Cancelled,19-Sep-24,1,168.67,168.67,5,1. Before a week,Thursday,4
RES013404,3-May-24,Phone,0.Non-member,Cancelled,2-Oct-24,1,151.51,151.51,152,4. More than 4 weeks,Wednesday,3
RES013471,17-Oct-24,Connected Wholesaler,0.Non-member,Cancelled,28-Oct-24,1,118.37,118.37,11,2. Before 2 weeks,Monday,1
RES013506,7-Sep-24,Connected Wholesaler,0.Non-member,Cancelled,20-Sep-24,1,105.72,105.72,13,2. Before 2 weeks,Friday,5
RES013585,14-Jul-24,Connected Wholesaler,0.Non-member,Cancelled,6-Sep-24,1,221.67,221.67,54,4. More than 4 weeks,Friday,5
RES013634,17-Sep-24,Phone,0.Non-member,Cancelled,24-Oct-24,1,132.53,132.53,37,4. More than 4 weeks,Thursday,4
RES013690,3-Sep-24,Phone,0.Non-member,Cancelled,29-Oct-24,1,102.27,102.27,56,4. More than 4 weeks,Tuesday,2
RES013796,19-Oct-24,Phone,0.Non-member,Cancelled,23-Oct-24,1,173.43,173.43,4,1. Before a week,Wednesday,3
RES013878,17-Sep-24,Connected Wholesaler,0.Non-member,Cancelled,5-Oct-24,1,181.12,181.12,18,3. Before 4 weeks,Saturday,6
RES013930,14-Sep-24,Phone,0.Non-member,Cancelled,16-Oct-24,1,132.53,132.53,32,4. More than 4 weeks,Wednesday,3
RES014096,12-Sep-24,Phone,0.Non-member,Cancelled,8-Oct-24,1,161.82,161.82,26,3. Before 4 weeks,Tuesday,2
RES014239,3-Oct-24,Connected Wholesaler,0.Non-member,Cancelled,8-Oct-24,1,108.03,108.03,5,1. Before a week,Tuesday,2
RES014280,18-Oct-24,Phone,0.Non-member,Cancelled,22-Oct-24,1,201.97,201.97,4,1. Before a week,Tuesday,2
RES014365,5-Sep-24,Velora.com,0.Non-member,Cancelled,13-Sep-24,1,168.67,168.67,8,2. Before 2 weeks,Friday,5
RES014367,18-Sep-24,Velora.com,0.Non-member,Cancelled,31-Oct-24,1,182.75,182.75,43,4. More than 4 weeks,Thursday,4
RES014535,25-Sep-24,Connected Wholesaler,0.Non-member,Cancelled,30-Sep-24,1,110.24,110.24,5,1. Before a week,Monday,1
RES009803,18-Sep-24,At the hotel,0.Non-member,Committed,20-Sep-24,1,132.64,132.64,2,1. Before a week,Friday,5
RES009946,28-Sep-24,App,0.Non-member,Committed,28-Sep-24,2,17.12,34.24,0,1. Before a week,Saturday,6
RES010305,10-Jul-24,At the hotel,0.Non-member,Committed,20-Sep-24,5,156.62,783.1,72,4. More than 4 weeks,Friday,5
RES010331,17-Oct-24,At the hotel,0.Non-member,Committed,21-Oct-24,2,0,0,4,1. Before a week,Monday,1
RES010431,5-Sep-24,At the hotel,0.Non-member,Committed,6-Sep-24,2,179.39,358.78,1,1. Before a week,Friday,5
RES010517,29-Oct-24,At the hotel,0.Non-member,Committed,31-Oct-24,1,170.98,170.98,2,1. Before a week,Thursday,4
RES010688,10-Sep-24,At the hotel,0.Non-member,Committed,12-Sep-24,1,0,0,2,1. Before a week,Thursday,4
RES010887,24-Oct-24,At the hotel,0.Non-member,Committed,25-Oct-24,1,207.62,207.62,1,1. Before a week,Friday,5
RES010902,1-Sep-24,At the hotel,0.Non-member,Committed,4-Sep-24,2,70.54,141.08,3,1. Before a week,Wednesday,3
RES011158,14-Sep-24,At the hotel,0.Non-member,Committed,16-Sep-24,2,132.53,265.06,2,1. Before a week,Monday,1
RES011406,7-Aug-24,At the hotel,0.Non-member,Committed,28-Oct-24,1,156.62,156.62,82,4. More than 4 weeks,Monday,1
RES011509,17-Oct-24,At the hotel,0.Non-member,Committed,18-Oct-24,1,77.37,77.37,1,1. Before a week,Friday,5
RES011612,16-Oct-24,At the hotel,0.Non-member,Committed,18-Oct-24,2,168.66,337.32,2,1. Before a week,Friday,5
RES011681,1-Oct-24,At the hotel,0.Non-member,Committed,1-Oct-24,1,77.43,77.43,0,1. Before a week,Tuesday,2
RES011869,6-Oct-24,At the hotel,0.Non-member,Committed,10-Oct-24,2,244.26,488.52,4,1. Before a week,Thursday,4
RES011962,29-Sep-24,At the hotel,0.Non-member,Committed,1-Oct-24,4,126.61,506.44,2,1. Before a week,Tuesday,2
RES011997,8-Oct-24,At the hotel,0.Non-member,Committed,13-Oct-24,1,70.54,70.54,5,1. Before a week,Sunday,0
RES012015,8-Oct-24,At the hotel,0.Non-member,Committed,12-Oct-24,1,0,0,4,1. Before a week,Saturday,6
RES012037,7-Oct-24,At the hotel,0.Non-member,Committed,9-Oct-24,1,77.37,77.37,2,1. Before a week,Wednesday,3
RES012052,2-Oct-24,At the hotel,0.Non-member,Committed,3-Oct-24,1,77.43,77.43,1,1. Before a week,Thursday,4
RES012116,7-Oct-24,At the hotel,0.Non-member,Committed,17-Oct-24,1,56.67,56.67,10,2. Before 2 weeks,Thursday,4
RES012184,12-Oct-24,At the hotel,0.Non-member,Committed,13-Oct-24,1,178.3,178.3,1,1. Before a week,Sunday,0
RES012236,26-Aug-24,GDS,0.Non-member,Committed,19-Sep-24,1,192.75,192.75,24,3. Before 4 weeks,Thursday,4
RES012331,25-Sep-24,At the hotel,0.Non-member,Committed,12-Oct-24,1,72.29,72.29,17,3. Before 4 weeks,Saturday,6
RES012366,7-Oct-24,At the hotel,0.Non-member,Committed,7-Oct-24,2,0,0,0,1. Before a week,Monday,1
RES012703,25-Sep-24,At the hotel,0.Non-member,Committed,25-Sep-24,2,77.37,154.74,0,1. Before a week,Wednesday,3
RES012711,4-Sep-24,At the hotel,0.Non-member,Committed,17-Sep-24,1,156.61,156.61,13,2. Before 2 weeks,Tuesday,2
RES012723,18-Sep-24,At the hotel,0.Non-member,Committed,20-Sep-24,1,168.66,168.66,2,1. Before a week,Friday,5
RES012879,6-Sep-24,At the hotel,0.Non-member,Committed,14-Sep-24,1,33.73,33.73,8,2. Before 2 weeks,Saturday,6
RES012884,3-Sep-24,At the hotel,0.Non-member,Committed,5-Sep-24,2,126.61,253.22,2,1. Before a week,Thursday,4
RES012920,27-Sep-24,At the hotel,0.Non-member,Committed,7-Oct-24,2,200,400,10,2. Before 2 weeks,Monday,1
RES013013,29-Sep-24,At the hotel,0.Non-member,Committed,3-Oct-24,3,0,0,4,1. Before a week,Thursday,4
RES013037,21-Oct-24,At the hotel,0.Non-member,Committed,24-Oct-24,1,70.48,70.48,3,1. Before a week,Thursday,4
RES013148,30-Sep-24,At the hotel,0.Non-member,Committed,1-Oct-24,2,168.32,336.64,1,1. Before a week,Tuesday,2
RES013349,7-Aug-24,At the hotel,0.Non-member,Committed,24-Oct-24,1,156.62,156.62,78,4. More than 4 weeks,Thursday,4
RES013385,18-Sep-24,At the hotel,0.Non-member,Committed,20-Sep-24,1,168.32,168.32,2,1. Before a week,Friday,5
RES013518,12-Oct-24,At the hotel,0.Non-member,Committed,13-Oct-24,2,178.3,356.6,1,1. Before a week,Sunday,0
RES013626,9-Oct-24,At the hotel,0.Non-member,Committed,11-Oct-24,2,0,0,2,1. Before a week,Friday,5
RES013784,25-Sep-24,At the hotel,0.Non-member,Committed,26-Sep-24,1,125.3,125.3,1,1. Before a week,Thursday,4
RES014061,14-Sep-24,At the hotel,0.Non-member,Committed,15-Sep-24,1,178.3,178.3,1,1. Before a week,Sunday,0
RES014097,30-Sep-24,At the hotel,0.Non-member,Committed,2-Oct-24,1,126.61,126.61,2,1. Before a week,Wednesday,3
RES014118,9-Oct-24,At the hotel,0.Non-member,Committed,15-Oct-24,3,70.48,211.44,6,1. Before a week,Tuesday,2
RES014122,20-Oct-24,At the hotel,0.Non-member,Committed,24-Oct-24,2,213.73,427.46,4,1. Before a week,Thursday,4
RES014211,19-Oct-24,At the hotel,0.Non-member,Committed,23-Oct-24,2,213.73,427.46,4,1. Before a week,Wednesday,3
